transaction_id,date,amount,pokemon_id
06b6f426-018c-4097-809a-6a1c03227832,2/4/2023,24,777
22ee1326-f8c0-4b75-b3f7-ac9e6c1668b8,2/25/2023,54,36
0e7acfca-6ccb-44d7-8b96-8f4200864dd9,3/17/2023,19,217
efa57b3f-1b2e-4637-b88f-5b5d54797a40,1/30/2023,37,794
2eedb7f6-0537-4b78-b3e3-62e38f6d15bd,2/28/2023,57,558
9d49c823-3a2f-4166-95c9-c64fc41d4d28,2/22/2023,45,365
98151d6b-476c-4cc2-aef5-6a9c150b067c,1/5/2023,22,330
13d1372d-d94b-4872-a874-3b70c7a48ad6,3/14/2023,57,791
14471778-c794-4178-8922-15b856d253e9,2/6/2023,37,11
6fc2a509-abe6-4fc2-b5ff-acaf71919838,1/2/2023,76,235
56861067-4ab1-4bd3-a222-21d6aecbb30a,2/27/2023,15,657
d9714257-3f75-438b-b73a-2f8de1f0faa0,1/23/2023,79,483
e5c8082a-62ab-4ba3-b585-b065900c0f28,3/21/2023,93,717
1ba63ba3-56a7-4fe4-af48-7c705a8d46d3,2/25/2023,61,216
f25fc04d-4729-4b0b-a198-5440e9bce550,3/3/2023,15,544
eee11c9d-7e33-4fd8-8eff-c92ec0a3ddcb,3/3/2023,29,78
5a887c58-6b8d-4ca2-9e4b-d43990d900e6,1/28/2023,17,39
f768fbfc-a956-4416-9a73-26bc51ecb49a,3/16/2023,78,603
830192fa-e6f4-446e-8c8c-2492a96254db,2/28/2023,94,607
99475076-e522-4aae-8036-c5222b558855,3/21/2023,20,551
3ee37df6-fca7-4447-bd3a-13d6c9e03640,2/4/2023,100,763
331f7980-e72e-45f5-8e97-994691337761,1/29/2023,23,18
35f4f680-e378-45c8-8d20-3a94133e262e,1/4/2023,9,700
73c7ea51-7f1a-4292-beab-5f22dc63f17d,2/5/2023,38,386
17df68aa-be8a-42eb-be47-54b2eb0b81aa,2/14/2023,95,550
a01fb0d6-8f8f-4318-9820-a8069925816c,3/30/2023,61,95
0f8809ad-ce44-4766-bfdd-7e0003abfd7f,2/14/2023,41,639
2e719c7d-e678-4ca1-b85f-354aaa23b822,1/28/2023,9,564
988ac233-40b7-4ba8-95a1-4f5a7161b03d,1/13/2023,73,93
d5fe3b87-0bcc-4b61-a94a-1cd96135349e,1/7/2023,84,441
b6d4e8d0-baed-4980-9c5b-774922c25a41,2/2/2023,27,583
1bef2ecf-3e6f-460b-b36e-b13222573424,1/12/2023,72,622
37ded042-5b4e-4a4d-b3ef-b0e150595c29,2/8/2023,29,348
69d76144-b6dd-45b7-afd4-d9a60d77f62a,1/27/2023,23,462
7ee5f3c0-cf9c-4512-9eec-54d9b88466e8,1/2/2023,96,339
d5a96819-c428-4fd8-9100-aae17857b5d3,1/20/2023,67,265
fd72c7c5-05f5-497e-80a0-e58cae3ee3cf,1/1/2023,44,391
41dc9c8c-3bd5-4772-bf8f-38e730e6eb95,1/3/2023,85,657
e4b726d8-85a5-4375-82b8-50f780d53705,2/25/2023,25,638
d786e627-1608-408f-91ac-f59d05748e1f,3/24/2023,78,170
9b610ef8-60bb-4fe8-8046-55944da1b563,1/28/2023,83,253
82c19c74-f8f0-4500-bf82-cc20eaac28df,2/24/2023,88,662
06c9f84f-f60a-4162-bd5f-4bb86785fc83,1/14/2023,31,454
20bef989-8732-48cc-a57d-189fb810ce1a,1/30/2023,51,611
ea13671a-9894-45a5-a669-415e6072564d,1/21/2023,99,183
b388d49b-2455-402a-9d26-067ebda53ef0,3/25/2023,33,668
e9d35cb4-2fa8-40bf-8af8-83e7a59b9fd5,1/8/2023,37,150
1f522c95-3ae4-436a-a0bd-b03922d8294c,2/24/2023,22,564
1f02edb7-13d0-4570-844a-06851a70c64a,1/12/2023,72,358
a63bb8dd-845c-424b-a008-08f301e53b44,1/7/2023,48,633
dbf0d0f2-cc9c-4ffc-bfce-129a5cff1fad,2/28/2023,51,401
84551247-27e3-46e2-b300-adb333cf1cbe,1/2/2023,95,288
9e9045da-dab0-4e79-bacc-8fa8d3877b9f,1/29/2023,14,159
89dfa28e-0771-495a-ba3b-ad44e5748721,1/14/2023,54,576
84891e58-6e04-42bc-a6f0-a9004501d116,3/10/2023,23,615
3c176a7a-c581-412e-af57-ea281ef7e860,2/11/2023,53,12
e970b6d5-6f98-49b2-9e2f-61719b57f0a1,1/1/2023,50,291
f52df5fd-9426-4ee1-8c52-e51135dee89c,2/11/2023,84,491
f351ffeb-f7ad-4ea0-9c38-ea1ce23e4702,3/8/2023,44,514
21c2d383-c04b-45be-89fe-25c9674f492b,1/15/2023,51,248
2de8727a-d333-4f9b-a9e3-080992040f31,3/22/2023,11,341
51f7c881-5282-4512-bac5-4f8014955492,1/19/2023,50,218
f23d4517-f8e5-4033-85b4-111a60dfbcd2,3/11/2023,60,434
94293b6f-0ffc-4900-be9e-7faa62f7d08f,1/18/2023,22,307
11af1bf6-052c-48b1-8ad1-136a4695372e,2/10/2023,52,544
6336dece-e1ff-49e8-8556-d7617baf2ce5,1/4/2023,7,47
f3dde717-a8a7-4c60-9e9e-555021792feb,1/26/2023,88,787
faea326a-6e31-4415-aeef-0b83c670c980,1/29/2023,25,691
2c3d5d1e-340a-41ab-bc17-1e49bba65dd0,2/15/2023,73,445
8222ff46-526e-4621-ab40-17f3d18154ce,1/16/2023,94,740
705702ae-fff7-4805-8487-7798d8e7e3d1,1/24/2023,100,791
68bca90e-9856-4327-b251-21df05905725,2/7/2023,39,26
27489cbf-87c3-4356-833d-8258de67b5af,3/17/2023,8,739
4c183d21-5a4d-437c-ab97-515a65db6bda,1/29/2023,51,166
42038889-307c-4e0c-bfe6-c75b708d64f8,1/3/2023,83,275
92f2b6ea-01a7-47fa-b8cd-d953f6d45bbf,3/11/2023,14,676
e5b1957a-ec33-4f06-9fe8-e2e0d2c90970,1/30/2023,40,57
54a16722-be92-4c68-9e76-9c4560a17380,1/7/2023,69,633
801fe916-9ab5-4d1f-a7a2-10b2fc770c51,1/19/2023,68,428
2c04b01d-2b75-4fb9-9bd3-fff30697209a,3/14/2023,43,735
4381267d-ea49-4f4e-bd53-af0cbfb823a4,3/16/2023,33,229
fe1f9c9e-1d8b-4035-ae21-614b8c616a82,3/24/2023,82,644
53a2ef46-9f7c-4d82-bee8-2171a5dafc7a,2/20/2023,62,549
bbf64f0e-39dd-4beb-8d82-478cea2b3bda,2/6/2023,60,286
ff0b68e6-1add-4b1f-80d9-89754d833e2f,2/19/2023,94,180
b5b94b56-915a-49c1-a797-83125ac50cb2,1/2/2023,55,185
84f610a5-b68b-4cd2-84e8-c270ab2a1b9c,2/2/2023,84,470
2383e64c-d4ab-429a-ba64-b3a1fd899ead,1/21/2023,25,325
5f38585d-bebe-4a6a-9f94-f3b3ff1e0958,2/20/2023,85,111
9ddcc908-c429-4df4-a9ae-1968ec6d9924,3/11/2023,28,446
dbd38266-c064-42b0-a44c-9a2478a7b5a5,3/11/2023,19,44
52436b15-71b3-4f92-b13f-d7fbeafc207c,3/16/2023,16,703
e1b40b29-6262-4fbe-9bb2-bc604c5dffcd,1/9/2023,50,390
0652b03e-27ea-4cb2-bfd1-132b27e288dd,3/3/2023,22,71
33c24756-f33b-4ef4-88f9-efebc9c28cd3,2/22/2023,43,706
5e4b6ca6-4192-47bf-ad09-e737a9bced13,3/16/2023,62,398
9471a295-24f6-43ca-8b48-73f47514d28e,2/12/2023,76,657
8e9cfebe-feae-4c5b-a002-d1d5f3ef1838,3/5/2023,38,367
ca6930e8-8350-476b-8746-0d4c881960df,3/28/2023,68,81
04269d9d-a3f6-416f-92de-14705e9ff973,1/19/2023,72,317
a2e4def4-372f-4b05-bc96-e70f01bd2916,2/18/2023,97,782
64541e97-98b2-4114-973c-4bd028a3d5f3,2/20/2023,20,651
5e304918-b61b-4dc6-83c1-a2dd1b9e4a13,1/9/2023,13,688
78d80c6c-f16d-4fd7-b664-3c329a04a28f,3/11/2023,67,90
a6e9d5c7-53c1-49d9-a9a7-df3d7fa981d9,3/3/2023,17,61
b9e1ca7d-cbd2-4aa9-9a3e-1ef8947c1a25,1/16/2023,76,510
03cc75ff-e150-4124-b972-5167c2356278,2/17/2023,35,26
23ba1de3-7c09-48d5-88a8-d1bb52e7ec68,3/10/2023,10,240
ad5b013f-8e2b-44b3-a8dc-f75f83f663c3,2/28/2023,46,9
0d12d5f7-d992-4d52-91c6-7ab8694eef1c,3/21/2023,48,607
1bd184cc-f405-40fa-b8f6-2ce79a4e27bd,3/1/2023,18,244
1e19dc62-b41c-4039-84a4-6dcc9987d655,1/8/2023,11,304
97fbeed6-216d-4df2-abf9-ed9f78e3894e,2/27/2023,13,224
fdb0aa68-df80-4ad8-855a-3b88fec82505,2/15/2023,71,437
1a9be767-cb79-41da-9add-be27a497ea8f,3/22/2023,7,799
8b2320fa-78ee-4891-b298-5b08adf95534,1/29/2023,58,41
c7dfa5fc-c154-4743-b3bf-316d43baa85e,1/16/2023,65,685
773d5e26-1b8b-401d-b758-26dd73ac4457,2/27/2023,30,51
0009ec6b-adde-4cc3-be90-ca99dabf98a1,1/4/2023,9,528
c4b9af7c-d0af-4fdf-ab3d-4b20ac49fe38,1/15/2023,48,178
34b587b2-d20a-49fc-806d-2602b6685963,3/12/2023,60,329
7421318a-713e-4b11-98e4-f5a7f930d8f4,2/24/2023,17,81
ced43095-dd07-4370-812f-07df1541ea0f,3/3/2023,7,734
17f84197-6f14-44e9-a75e-099ded72a325,2/20/2023,11,752
000dd5d6-5938-4bae-b81e-141bf52d5e88,2/10/2023,58,350
acb19b1a-1f74-40b6-a497-26779dba32f0,1/17/2023,85,207
10a5274d-fe05-42f6-a534-afe64f64f07f,2/9/2023,75,632
b02e30cc-0f67-4429-a750-56934a1bd161,2/2/2023,48,139
619ca744-4bd6-4838-a687-01f136c396d4,3/13/2023,20,391
bbb0aa5c-a397-4e03-983d-3031beea2fdd,2/6/2023,44,744
18aad41a-70e9-4bff-b576-bb8d9f8ae1af,3/25/2023,73,580
99ba9833-1fc5-425a-bbe7-d8e77b16e9cd,1/17/2023,65,759
50a3f2b3-7b24-4402-98ca-2d4429c1562f,3/3/2023,80,718
eeca0274-9db9-4cf7-87f5-247fc64823bd,2/14/2023,68,327
6fde96da-3a4f-43eb-ac45-12be6214ffe8,1/14/2023,42,201
61c46017-f435-4bb2-9f5f-81c93d98144d,2/26/2023,12,496
289b03f9-5aa9-4340-ad0c-4d9a46caa30c,2/2/2023,57,748
133f922e-ebf2-4b16-8de3-9aa48bb0a412,3/20/2023,83,460
c788269f-e190-4784-934c-355cc3de1714,2/24/2023,86,298
89199f23-c890-4fd5-885e-f06398b62268,3/27/2023,38,214
b9d2775d-9d8c-44e8-b452-4ff97837cfb5,1/20/2023,19,71
9579b27e-cbf9-4fc8-8b6d-c19751e9fc5b,1/1/2023,75,655
f6e6dc3c-ef30-4deb-8c66-87b137aab0cf,1/27/2023,84,749
1b0ec478-9bf5-4154-b91a-746f1d414357,3/12/2023,61,487
f5e50627-442f-40fb-8c71-1b2f652c6c45,2/3/2023,52,246
625bd1c7-110e-43a8-b9bd-1314f65a5ae7,2/4/2023,67,772
53a190aa-3ada-4284-88c6-f21a7963d486,2/2/2023,67,15
6ef34d08-7f40-48f9-8b27-2b0426c65f8f,2/5/2023,31,804
eb53f9da-0f1e-4361-8801-7ee5eb44eb54,2/28/2023,96,56
81dd4054-8005-4c59-8edf-294a1bf8c2b4,1/24/2023,97,636
6c730e8e-73f2-4188-b787-c4d5785c4fd2,2/10/2023,95,149
e30b93b2-f7ce-45b7-93b9-badf80cb9d9a,1/23/2023,30,81
20f7981a-c559-4dd9-b5ae-7db19da4e7f2,3/7/2023,20,575
8acfb816-2c63-4975-bf66-e60b661ca356,2/15/2023,63,187
4154a378-f742-40c5-a615-452338bf37c3,1/1/2023,28,72
844cda2c-f26d-4cc3-a200-93f9bdbccc6b,2/17/2023,54,253
930a2eef-9573-4219-9f37-f5cbc4e5bb6c,2/15/2023,42,1
ca328e2f-5530-4b20-9827-6dc45685490d,1/11/2023,44,383
fb20799a-c466-4905-a843-0d193276e899,1/27/2023,56,631
659beb93-312d-4f67-be1c-d3837ec03646,1/23/2023,98,359
a36f3b91-d660-4143-9889-bd0fc012833a,2/14/2023,99,246
7850656f-a608-4ac5-9aaf-3bec9a9094af,3/13/2023,65,393
71b62267-bb94-4df1-926b-39d32b32b1e7,1/30/2023,19,704
54a03d57-067f-455b-827a-f2ce4c5d1e03,2/1/2023,35,116
2cad4af6-b22b-48ad-9f87-960dc63a9479,2/15/2023,27,396
3a656e97-da8e-4a05-a3b5-cbf4423f78f5,1/23/2023,35,278
46ed8db6-e0fa-4666-91cd-6e39c6e225b3,1/5/2023,53,548
2ab10f6b-8a08-48c6-923f-2fdcc0a91997,3/6/2023,29,490
caaae3ac-584d-47ae-bf86-ca44bf8c608d,1/27/2023,17,392
5afad487-9566-45de-acf9-dcad1b497d94,1/29/2023,24,193
be5e9f23-4465-4e54-a092-14de452c9c71,1/31/2023,33,427
6f902c29-503a-4d90-a75d-cb4c11b6831f,2/21/2023,23,496
cd4de30e-0574-4186-b3c8-d46fe748e49c,3/10/2023,15,237
70524d79-8f80-4817-87f9-763c26dfec39,1/7/2023,88,803
2a984448-ac84-4ebe-b173-b528dfcc4c5a,1/19/2023,56,711
2438a1e7-e248-459a-95b0-978e7187415d,2/2/2023,13,432
6fbe9871-e523-44f8-9b99-2abf3bc820aa,3/9/2023,86,367
2f65cbc3-5cc5-46a9-a738-d81183fb8deb,3/10/2023,71,506
1cf7a9aa-a03e-43e8-b136-e008d0fbc325,1/3/2023,48,615
fd350e6b-dc53-4405-9c89-1bd078fc3f6b,3/12/2023,40,318
bbba83f7-8a04-4b63-a3fc-0e9a718b6a64,3/19/2023,75,100
cdd0c3b3-9368-41fa-a6ac-766dc2110ee2,2/18/2023,30,331
a3a852a0-11d2-4133-9faf-d18fbd8212db,1/14/2023,21,104
63ac043a-c834-4a1f-ada7-f85d1b964219,1/16/2023,87,627
c0ff1f80-46b9-4a74-a1c9-b03af3786dcb,2/16/2023,77,512
96bf7167-4731-4f0f-bb50-390786dfcfab,2/15/2023,64,777
fa03c4a4-75ef-4bf2-8a25-0ab10cda1599,2/26/2023,23,405
e93a2020-c4f2-478b-b4f7-60f064581287,1/4/2023,84,759
4474b130-eb93-4997-a4b6-b8117a64f523,1/10/2023,8,339
bbba24f8-05a2-4f2b-9dd5-e9097fad36b8,2/9/2023,49,442
82a4f576-2b64-4615-a805-6a684321111e,3/20/2023,20,660
107863f7-eb77-452f-9d1f-849dbf68e08d,1/31/2023,57,740
2337a674-ad17-4002-a543-81bf427ebf28,2/4/2023,16,79
cc893252-0f15-4cde-8886-1c9691ffa67f,1/24/2023,51,156
9fe8958c-1de5-408c-9767-3ff71ad42ee3,2/3/2023,76,130
661ba7ac-59fd-4cc8-9a9d-95561b37bfdf,3/13/2023,86,240
ae3f49f1-8f9e-4db2-b43a-b56592f6445e,3/8/2023,74,125
cf70c6fc-644e-41bc-aca5-72107de975f9,3/4/2023,36,600
b5ddd47d-b60c-4a70-9e59-58d1012251c2,1/29/2023,23,158
7298075c-c462-46ca-bd22-06c1687eba2b,3/18/2023,100,140
347505b6-2cf9-4789-bcee-e78cae917413,1/31/2023,43,119
bcba3d7d-e7f9-4237-bdd8-35d5250d4034,3/8/2023,10,210
cf200438-443c-4f27-94bf-95e8f26f6e61,3/16/2023,90,371
4a098f57-1791-426b-b435-b16b0f27501f,1/10/2023,24,322
82fd6edb-98e4-41ce-a0e6-b8a736e8d3a6,3/9/2023,72,2
dafda2a3-8a3d-4fbb-9ee3-6c47a656ed04,3/20/2023,22,694
2e5507fe-e434-46a1-bf7c-9ffc452937b4,3/22/2023,70,376
461ea054-72b6-44cb-8c66-0159273ebd11,1/21/2023,95,300
c2693305-2297-4507-9894-171da9d434ff,1/9/2023,92,89
078c8747-40e4-421a-a481-98e4c1caa5b7,3/10/2023,74,473
f206350c-41c8-4159-81e0-891df7ae344d,1/8/2023,52,93
3c6b7951-0832-4f9f-8b96-1a70238c4188,3/4/2023,71,103
5a0fb350-e83f-4bcb-a183-37ba9a7aaea5,3/28/2023,16,427
6dea3de8-c5a1-4760-a1a5-cdfeeb52d477,3/25/2023,77,407
28270c6e-2ec0-4a3c-a863-548b90b74cd4,1/31/2023,48,337
1b5e4ad3-c95c-406f-b837-d90f205689de,2/7/2023,54,288
b4d48376-0fe9-444c-a9f3-5deb5e731c86,3/24/2023,82,326
fcd68958-feae-482b-bab7-7796b37b176c,1/19/2023,13,750
3e3431b5-7fe7-4d72-9e48-fbeddf482a8d,2/19/2023,68,773
fd38c938-7bb9-4471-926c-831f7f2f1957,2/11/2023,67,729
1c3edbe3-e577-44f9-9cdf-2803f5ca02be,3/1/2023,47,213
2fb70039-e119-4834-a25d-de152892740f,2/18/2023,47,684
4a6fe92a-02aa-4985-a3e5-46434e7f8390,3/7/2023,47,741
005c868d-be1d-4b34-88f4-13e2dcebe611,1/13/2023,45,264
da0d6bd4-40da-49c2-b8b7-2545cba2add4,2/21/2023,85,232
c717ab64-caf5-4f9d-bc22-228fbb4268cf,1/26/2023,46,755
1ab605c4-f249-4eb1-951f-98f4367a4bd6,3/5/2023,48,382
ad438112-db64-4da1-8d5e-1cb73c3cf86b,2/2/2023,69,70
0f3f107d-611e-474e-bc5b-c555d1f66661,3/7/2023,94,660
233db9d7-0ea3-4ca0-b6ea-288f0e5ae516,2/16/2023,76,783
23a7bd3f-2fc8-4666-a435-5e6dbde899ed,3/1/2023,94,200
981eb540-5b3e-4cb6-99b2-d7b339425087,2/3/2023,70,427
c533e64f-4c99-4464-b442-060dfdfbef87,2/13/2023,50,227
5b60bdcb-c753-4408-9221-56af17a43d99,2/27/2023,20,794
c0f28938-c97e-4748-b4ac-e2bb8ae989b1,1/5/2023,64,614
efb7a2df-6e24-4281-b5f0-9d417906fd10,2/6/2023,32,737
c8437dc0-b87b-48f2-b0ed-c531939981a0,3/9/2023,13,678
cbe405c6-e898-4c8a-955f-b5998eb93c2a,3/12/2023,88,755
be7adf33-0e76-4fe8-9b5d-6bb4d13718e7,3/3/2023,92,361
460683c6-bf2d-49e2-b0d0-74dca6f74756,1/21/2023,48,759
42337a7f-80be-4e4a-b209-e9b8b7c657af,1/15/2023,81,93
20099d6d-af1b-4ca8-a711-4ddf4977c6e6,1/26/2023,33,723
dac50ef0-9d99-4cd6-9a08-0730528d91a8,2/12/2023,9,464
d958908e-3952-4bcb-8a32-4fc5a4b650fc,2/8/2023,76,712
7f8802cf-4108-48dc-9ee0-9091de20d735,1/17/2023,99,80
929c243e-5542-4d02-a14d-6044171a7733,3/21/2023,42,611
862c29df-da73-4bee-9684-c264ec418961,3/10/2023,38,205
fb454efb-cf4d-468e-9a28-58546c27e344,2/9/2023,5,319
cce24a48-c1af-406b-bf61-7ee472b067a1,3/14/2023,74,718
60b0482d-8a32-475b-9390-c0def7e52e9a,2/8/2023,8,374
8075a484-caed-45ce-95f1-52d8d86cb057,3/25/2023,53,418
91be319b-fed6-49bd-890a-aea7b9a531ff,3/10/2023,90,479
9d214721-7a6e-4b49-ba5a-06b5814c229d,2/26/2023,86,713
30377e1b-1a8e-42f8-b7ef-f46492a6793a,2/25/2023,42,381
d3322b8d-06bd-4314-b8f6-ee94d556052c,2/10/2023,80,680
44e9fbfb-6c50-4b0e-97c3-2e43333fca48,3/4/2023,59,407
976c3b7c-1771-43af-abcc-1716f50f410b,2/26/2023,6,76
088b8b8f-9ca8-48a7-9694-8bbabd4c0297,3/27/2023,33,324
98c4ed7c-0171-43ec-9ac2-36999a5a4a02,2/1/2023,69,693
971552d4-d919-4541-b2ad-34b05d949133,1/11/2023,71,443
ba2e6db6-c8e0-4a81-86e0-3f7321eb46f9,3/7/2023,17,803
cae1a669-b35c-455f-8a15-93cbb9a8509a,3/26/2023,41,27
87e04ddf-4f65-409c-9f50-993a26bfbc74,3/7/2023,76,386
7932dd2d-b8cf-4700-a8fe-b3449815e990,3/14/2023,100,748
a4f62d4e-0ff5-425c-b843-aef3f90b13d2,3/18/2023,95,535
5bf4a667-435a-4093-9de6-7e8d8669aa61,2/23/2023,90,173
937c70cc-cd07-42c9-9e72-3429a8e8a848,3/19/2023,23,266
56390d87-61c5-4921-ba1c-0c46dd04706c,3/18/2023,34,758
16350456-60da-4654-8746-821aea76288f,3/15/2023,15,446
3270590c-9b4e-4c41-ac89-1a4a749ea390,1/17/2023,83,581
a4322892-560c-493e-82d4-1f785be34d9b,3/7/2023,61,58
55fcf859-3bcc-4e2b-85e1-bedbab897919,1/12/2023,6,320
f5712006-202f-4110-b0ea-96cf04119212,3/15/2023,32,181
00c98d0a-308a-489a-b41b-aa46036e6403,3/25/2023,50,694
8f8be8b1-4966-457f-b667-35db67f3f4a9,2/13/2023,23,252
674d45c7-eb9a-4d2c-a80f-85d276ed6a8c,1/25/2023,59,526
940dca40-b696-443a-a2ee-7c5a3eafdcbf,1/8/2023,57,332
23f059c3-10eb-4a0b-b150-05f1962713d3,1/15/2023,65,229
ecfa3d07-21ae-4e7f-9046-e19db9ad4007,1/14/2023,25,7
6b80b487-8dbb-4490-a3f7-cf6220c17f1e,1/15/2023,81,437
e3eb7fc8-0d6e-49b5-81a4-7aa94a25b279,1/16/2023,89,375
2e77239d-aff2-4e25-b14b-21d1b46546c4,1/23/2023,40,711
ee70bf69-5476-4dbd-ba8d-c3dcd7549a84,1/20/2023,5,772
e0f8ffee-b8d0-422d-815a-1227dd0a8964,1/21/2023,28,249
f064ed7b-b55a-4557-93df-e0c62940cf4f,1/8/2023,7,659
c11070ce-32c7-444b-92ee-b3626101651c,3/22/2023,73,690
06e15780-c00e-48a0-a348-30a78f518069,3/12/2023,65,568
58d708ee-ccce-4163-8e08-e06c6b94e8f8,3/26/2023,44,280
b584d769-bcce-4f77-84d6-0b3699e75aaf,3/30/2023,34,88
fe312029-ef97-44b2-9471-c669dbf2a3a9,3/17/2023,75,155
c46cce90-fd86-4c41-b8e7-2791dd1e5727,1/10/2023,62,108
0713a96c-a617-48b0-acb2-ef8bc1fffdb2,3/18/2023,83,672
b1097171-10f7-4404-bdd4-07404b2bbb21,2/11/2023,39,658
3462e4e9-413d-4400-ac75-6c5673b98d70,1/18/2023,12,315
5878896d-1cff-4f31-b3e1-b39605964db1,3/19/2023,46,519
35bc32f2-7535-4022-b3d1-5c54ce60afc0,1/6/2023,91,260
a1f52730-7475-4f58-86f1-0e88a025197b,3/24/2023,62,261
8a4cf68f-b467-4e3c-873c-de7828a51c5f,1/4/2023,73,624
50bb5bb2-5ca5-4e0f-8f4b-26868d1a1031,3/30/2023,37,756
6279eb2c-5b33-40cd-94aa-f42b7a6c1ce1,3/18/2023,29,321
732135d4-cc93-4317-8e90-e5d4aa4fd792,3/12/2023,55,197
5ffbd05e-7c32-48eb-9a81-791a6eab7891,3/24/2023,10,610
21a125a6-8139-472d-ab2e-9846094ac9be,3/27/2023,97,183
2514a7d2-d98f-4929-8f04-7ce8b9cb3405,2/17/2023,51,706
dd1768f0-7f9d-4ffb-b01c-0a7815fba82f,2/26/2023,29,535
4fa2bda0-0bcf-4d5b-b76a-c5466f095367,2/21/2023,88,482
4f338ef9-529d-490c-b94c-00a7cafa881f,1/7/2023,80,43
30e12e1a-6015-4dc7-9536-bac2bb486558,2/23/2023,9,440
3c73767e-3a53-469e-a2d9-ec99b65b389a,2/19/2023,5,784
8bb9effa-955a-44ac-a54b-d2a04b8b530d,1/23/2023,87,291
40b9fda0-916a-4b82-b059-9f3a60b759c7,3/29/2023,7,277
4f5a5f32-c744-4486-8b2a-16526bfa5b67,2/8/2023,62,491
b4e30104-a462-4fec-9388-f9789e545cda,2/7/2023,51,176
1b14345f-f7aa-4f25-98d3-4b5bbbb59696,2/5/2023,27,477
2cc685f4-1439-4d64-8aea-edf0cba5d177,3/17/2023,59,760
4febbfbc-6621-4fb4-a4d1-c6e10ede21ae,2/7/2023,10,130
4d7631e5-74c6-4a5b-a8f8-89e85fcc863f,3/16/2023,35,393
17e4b9ce-64e6-4f4e-abb4-cd49f612baab,1/22/2023,97,359
e1e30077-cd7b-4c92-ab0b-96190e7e4a1c,2/27/2023,60,725
4b2c75cd-b4ff-42f5-9361-dabde3857468,3/20/2023,7,623
2d7ac2d7-348f-4a46-bea5-da4620259ef7,2/28/2023,21,728
5a436ee0-dba7-44f1-bee8-9a80d40253ed,2/5/2023,24,258
0c58125a-febf-4da8-8315-8eed47587626,2/13/2023,85,221
28e60f0f-eb73-4afa-9cb3-1485caa37f49,1/18/2023,68,608
96a2862e-44a0-41d1-aad6-2198cec56f04,2/11/2023,16,485
4c7e6e14-fb4e-49c1-a49f-de72c896e1c2,2/18/2023,57,357
fcf5c3ad-6c86-4cb6-86f5-91f87ee0e444,1/19/2023,41,440
49be3b46-72e3-4a60-9adf-3b51bddab5cd,1/12/2023,97,108
2720eea4-11c8-4efa-bf2d-027157f29f40,1/28/2023,14,202
88734dcf-b4dc-4176-af22-8e8e8c308464,3/5/2023,31,701
3ba0f503-8392-4676-8168-d9d1cab49f9a,3/7/2023,20,570
2b5ae934-3263-465e-8d88-6a03eede6b97,3/27/2023,31,432
14ca7048-d288-4dc3-b08e-34c3c60a444d,3/14/2023,80,631
d3bbcd05-f2b9-4f4c-9ca0-062367a58dd0,2/14/2023,42,563
acba535a-d803-420e-9c7f-808a599d9557,3/2/2023,80,95
4ec83856-b668-416f-886f-0108e22ac65c,3/22/2023,31,67
cdb373a5-1a3f-42e5-8efb-f65278bd5c16,1/24/2023,47,794
d10fc021-e969-4918-8cb2-6b62e6409b98,1/2/2023,86,573
42712bec-22f0-4590-a344-60edcbcf5119,3/5/2023,78,4
c13d2f21-86ff-4205-bb10-5deb6837f7b4,1/27/2023,13,9
1c2fa621-0cdc-47a1-a861-0c0f72f4bb70,1/24/2023,21,140
fed2ebfe-8300-469b-b87e-0750200ba58e,3/11/2023,7,252
3bdfd059-5c69-4a2e-85f8-a21417e8ecd7,3/29/2023,48,63
673bb822-8853-4ef0-8d92-57e73f50dce9,1/22/2023,13,442
bd1b1226-640e-45a0-bd09-5da9496efd37,1/17/2023,35,320
51a468e4-cf5e-42cd-a89f-2a7a36009ff9,2/27/2023,79,508
e61d1f3a-b6c5-4e05-b352-36649128ddbf,3/28/2023,73,2
bc78524e-336b-4cc7-ac49-3a869792b3bd,1/10/2023,44,321
d3a181fa-923c-4fab-9cf7-0223276b3d8f,3/17/2023,79,620
f27815b2-3d8f-4875-ac4f-b622af3382c8,3/4/2023,10,571
3d7184df-757d-4614-b0b2-028f75499b39,2/25/2023,85,592
a18970e8-62bd-4003-8588-f08703c65cf7,1/10/2023,7,778
db67eae6-46f6-4c46-8bd1-c64f91e11d97,1/27/2023,36,494
7761537b-0c69-46ca-a1e6-29ee23019f6b,2/17/2023,8,577
f34d992c-e4a4-4e11-96d0-e4ee23495ca9,3/21/2023,8,279
be438533-6af9-4f3b-9cc5-d4ab121ad6bd,1/21/2023,97,544
49f46275-40f9-4cd2-a340-70f282fb0b05,3/7/2023,87,501
6ced801a-6a26-4c07-8eff-f7bdb806e610,2/25/2023,21,657
7ede430a-9c23-4b9d-ad14-f497b8b47b6b,1/9/2023,71,601
a5f11b3b-ee1b-4341-add1-ad6d6a97c363,1/12/2023,85,709
b18af1ff-51c2-4332-aace-b255fa091607,1/5/2023,24,53
b4bd00cc-1769-4c5f-a5eb-fb15e4fcac2d,1/23/2023,29,649
4d91b07f-3303-4120-a6b0-edc5814140b8,1/13/2023,77,730
de58bdb1-5b56-4f18-9c2c-f611e3789fe4,2/14/2023,12,731
e8184ed4-e6d8-41bc-a87a-01d529877375,3/3/2023,37,320
30918879-8290-4ba0-a6a7-c515c6e8d728,1/19/2023,74,25
0f64170c-e70b-4d12-8947-b968eeaa7f69,2/27/2023,12,610
2566752d-d1d1-43f8-9d0f-44f13c9ffdef,1/3/2023,39,646
62f6825d-ad0c-4137-aaf7-6a04d59da666,1/24/2023,16,220
0a17dfb3-e9c5-4a40-8760-0298d5bd6875,3/2/2023,11,662
6e90faeb-ad5a-41e2-991e-735cfa632113,1/17/2023,78,222
878e887c-709c-48c0-9aed-98ac59c7e295,1/4/2023,75,236
7d725299-1bbd-434d-bc06-46e0d90f48c3,2/2/2023,40,312
52be0721-84c2-4dc3-9bf1-432391ed86ab,2/18/2023,82,648
354f1df5-9800-477a-b4dc-09c48c0da663,1/2/2023,48,774
1307936b-a845-4025-927e-b324324a040e,3/30/2023,80,340
ce5f45c0-3068-49e1-b082-c5ccebe50f1b,3/25/2023,63,683
cc5809b4-90cf-4174-bafb-ae38dfe3e4fb,1/23/2023,32,180
cc8dffd4-ac96-4873-aaa6-97509e9c6747,3/22/2023,9,674
ca74a921-3f89-4a2d-9a9b-b7985fbbb868,1/3/2023,83,286
674f564c-cbb1-4774-af35-82097fbfd4a2,1/18/2023,79,454
4ce9e1cd-e634-46e1-935b-eb40e1b3c139,1/28/2023,18,598
bd6bd6ff-18a9-470e-ba2e-e294b12a33c9,1/8/2023,49,372
36682c64-ee07-408f-8ab5-85be409d105f,1/12/2023,28,443
77fff0a4-2a14-4e61-a027-ba70811639cc,2/11/2023,70,645
a6341773-d575-4b03-b540-936d28ac801a,2/13/2023,49,536
8203e7aa-84b9-4665-9af2-79b4e2986889,2/8/2023,7,151
23922a42-47cc-4ec4-9694-249d5df65cae,1/13/2023,36,475
1f54238b-bcd3-4475-8f6f-9e2361a267a1,3/17/2023,89,678
c0e021a3-9e57-4cca-a3c4-7e51c8681306,2/3/2023,11,191
721e61fa-eb9a-4829-81b9-ddd6f9e19f78,2/25/2023,44,738
f27fb02f-aee3-40d6-bb67-c89994998ddb,3/16/2023,43,508
ddbf8b57-1e7a-4bc2-ac5a-ca34a88c8599,1/26/2023,44,760
83205675-651d-4c2d-898b-4c533bac8c01,1/28/2023,11,677
da2ce37b-c94f-4068-abc1-b896c98c5aea,2/18/2023,98,360
f61377c3-cf00-4421-9fa6-88aa30b34d84,3/4/2023,31,520
9f49b440-ae37-4120-bb0a-6447e682044a,2/24/2023,23,568
a2dbbee0-d597-4092-91bf-fe9f3bfa3bc7,2/25/2023,52,177
967ccae2-364e-4c10-818e-e750713174f9,3/25/2023,55,187
badb9fe9-8848-4dd7-a4bf-4186029a08a1,3/7/2023,69,173
7297aa01-d78b-4616-84e4-6edfc662a9b9,2/15/2023,30,126
883b1858-df6e-4cf3-a012-17a47a181aeb,1/29/2023,35,417
0fc4e6f9-135c-40ed-a318-1244fbef2522,2/26/2023,18,484
1b6d979e-b09e-4813-9509-28a96c566dc8,3/18/2023,29,627
22ba5960-62d1-45f3-924b-233b8770d2a3,3/23/2023,46,398
c1221a25-e97d-41b1-8827-d70fca882132,1/19/2023,30,641
413d12d4-7b69-435b-9427-153ef896aa7d,2/7/2023,52,307
81476cb0-068a-493b-a948-fc66b5fb946f,1/14/2023,29,718
628b4fad-4531-48d3-950b-a3f885050b12,3/5/2023,71,557
f7ba42fd-96ed-4102-94c2-8747b92595d3,2/13/2023,86,359
7bd2dd45-8dba-4bd4-882e-8c413ef3e384,1/16/2023,15,83
5ffa4185-57db-40e9-ad0f-f5a94ba89156,1/26/2023,13,439
02c3ff77-cc65-4648-9bb9-7212619ebf99,3/18/2023,66,455
fdf7b156-8858-4ec4-93dd-a0d421f8b0b6,1/17/2023,92,68
46261455-1dd1-4cf1-b755-186a15e75ab4,2/26/2023,21,311
52f927e7-919e-4b9b-8390-7d6eafe3e77a,2/21/2023,8,575
b4280dc3-bca3-4f2b-a09c-f9926c0902ad,1/28/2023,78,230
249d5ce3-040e-40fd-bf95-51f92e9413bb,3/15/2023,42,661
519ef232-119e-4f97-b366-8b198be6f699,2/8/2023,88,98
7ffbce1a-27c3-4c1b-8f20-87a7bd001e9d,3/29/2023,52,482
ecdcacef-3105-4797-86ec-53732a41ba59,3/10/2023,23,208
2aa66f65-d9e8-4835-a251-ee1f0d587cea,2/19/2023,96,506
91773210-5a36-43ad-9ee9-c11ce333aa21,2/1/2023,59,120
24cbc364-94fa-4dbf-b92d-1259d530d58f,3/4/2023,21,451
10813b1b-c97c-4eaf-ac27-80637611e5f9,3/22/2023,17,318
f808ba2f-38c0-4e10-804d-8b0289ac9510,1/1/2023,5,171
4313805a-b908-4f82-9edc-9a13c6d8c3f3,3/2/2023,43,582
18177cbd-9b43-436a-8b87-a5e708cb6714,2/25/2023,24,553
62ba48ee-5590-4855-9b4f-f20145919a79,2/25/2023,52,91
4e6abefb-030f-414b-b820-3b5d520db10d,1/1/2023,35,147
0978fc73-0f5c-41f6-a99f-2471a4d83f6f,1/27/2023,76,753
0d70448a-e277-45a2-8b93-e874bd9d1054,3/20/2023,62,474
8aa66973-f6df-45c6-8d74-c8dc3158cb4f,3/12/2023,7,754
6f5c3078-3444-4e46-a07e-cb122c2bf427,1/5/2023,33,509
66bc62ad-edc3-45f7-aac5-7adbe914e50e,3/7/2023,25,675
c78861aa-735b-48c6-97cd-df54908eb7b6,1/1/2023,75,158
9a561926-33cb-4fbe-a98a-e16fc31446dc,2/8/2023,25,494
9156e10d-667e-4c54-82f6-0acb5470712d,1/29/2023,73,362
f67e977c-bf21-4221-8b95-434ae83fe18b,2/3/2023,8,44
e01cb211-dfe6-4996-9e0a-ab80e9319123,3/26/2023,93,107
369d481d-ae18-471c-8645-2d9541836466,3/21/2023,95,248
4c0f5132-0b25-40c3-ba31-69a860af5fe2,2/11/2023,88,529
52e7ddb3-adf2-48c0-9c05-d92f4a7531d0,1/20/2023,69,212
ca617ed9-a89a-464c-bd0a-a6d738169e78,3/23/2023,88,348
9476a1d5-fc17-4c9d-81f3-a138c0973cbd,1/1/2023,38,494
e47f5e1d-0463-4d3e-bd71-d9f7f3d69a13,2/18/2023,27,156
173b6636-92d1-4929-9c76-74e68431f2a4,2/10/2023,54,617
897dfce9-33c6-4d3e-aa66-55707ebf30ff,3/30/2023,87,413
cc24046e-b140-4a03-addf-fb813957130c,3/21/2023,43,12
9dde8206-8352-4afb-9ada-a2d53b1e9d8a,3/9/2023,71,182
e2c8240d-5f9d-4bc3-8ef4-71845094f55b,3/17/2023,67,547
d3f60e18-f44e-4ac1-8e3b-5e1ca5a03ba9,3/28/2023,76,407
cd4b4b63-12e7-4009-bc22-79c182c90abf,2/28/2023,14,482
8060034f-0aea-4b6d-bd99-fd718df0fec4,2/26/2023,19,165
d9458348-c7c5-4717-af45-5d7000b49b01,3/28/2023,85,374
47273999-575e-48a4-abfd-3d5bbcacefd3,1/13/2023,100,129
6c0e71d8-82b1-4577-8b01-dbbdeaafe6c1,2/24/2023,64,13
923a8254-723c-4e6d-a0a6-7e7fecbe0d72,1/17/2023,54,709
2d2cd329-4279-4e2b-85b1-1ab279788f68,2/21/2023,28,280
d0ba6f56-466e-4602-a3b1-8327024b03b3,2/2/2023,10,299
db93512f-f4a9-4056-9277-1f4244178244,2/17/2023,86,603
87cfdc09-709a-485a-af86-e89019e8ca06,1/30/2023,52,749
c5af6808-0427-44b4-9816-457b3a98a4f8,3/9/2023,76,646
cb3c010a-cc17-458b-a4f9-ea581e600254,2/25/2023,65,202
c1eaf4f7-cbf2-411b-a34c-e5e14951ea57,1/21/2023,100,782
18a5124f-b84c-4998-bba3-b54b13e5c23c,2/18/2023,63,671
8c25f381-f29d-4460-8812-8fd14c1a7e36,1/14/2023,22,220
22ce8037-da5e-4984-9eca-2214f980a2ca,1/25/2023,5,292
0b2139c7-8884-4978-87f2-44a1780826f0,1/15/2023,19,695
43f39c35-6031-4303-94e3-1e9f917e24b7,3/7/2023,78,371
b4c6b75f-2b7e-4e27-8275-733816c8005f,2/22/2023,35,338
0dd15546-3a44-4829-b203-bb9c4e585140,1/18/2023,99,581
4582f669-dc8f-4e7c-ab3c-e7dc75ffe6fc,3/14/2023,11,669
b07e6156-0a15-47c7-853a-d4fa63b606e7,1/28/2023,70,316
f1cf75ea-f9aa-4c3b-a667-499c35be08f0,2/24/2023,36,80
0bdba7cf-b928-409e-9628-97075a026c96,1/20/2023,51,608
c3b4d9ba-6093-45e9-b011-93e7c4952b9a,1/20/2023,47,450
fe50c8f5-dd96-4d76-a58b-22d2f7499a65,3/28/2023,17,144
3b96379c-5e20-4bf1-bd36-c888068f75f6,2/13/2023,56,18
07a7d5e7-40e2-409e-a943-c60485b01e40,1/12/2023,68,316
b411181c-d527-43c0-bb95-bb8e36bfac88,2/14/2023,5,241
7e2d6686-0d64-4a43-94e0-efbdb4fdac61,3/15/2023,87,750
60f6fc94-946f-46c8-b308-7f8e358b3ff2,1/26/2023,70,90
461aca7a-a91c-4fef-9ebb-733519867fa4,2/23/2023,46,633
1883debd-902c-45b9-ae33-e9d233bb4bf6,1/26/2023,28,83
e40cf0f6-4e31-4992-94a7-f159eb76f5a8,3/20/2023,62,514
6f0eba95-2923-4cfe-8a09-aef9e1688028,3/18/2023,85,406
c22151e0-6ba7-474c-8b2a-2d1c192bf3ea,1/4/2023,80,471
993e146d-415a-47df-a89a-1cc187d9722e,3/20/2023,80,674
14175b30-8506-49e8-9504-7ca8b03a2bd8,1/29/2023,76,130
79f0b787-8e79-4377-ba54-f9bc722eac15,1/21/2023,36,107
e46365a9-4035-4710-ac05-18c301fd1099,2/23/2023,41,503
5a37f68a-e16d-42f2-b28f-b17a73b7f8e8,3/14/2023,95,422
0e347638-31b2-489d-ba60-d21b7de277a7,3/6/2023,23,234
1f411b71-0d40-4edd-990c-e97e7df81a63,3/21/2023,45,230
8171be40-a147-4c52-bfbe-678397b9b2e2,3/18/2023,55,194
b84f0a26-fd64-49ba-8861-685013b00d0d,3/2/2023,91,354
bec0362f-f835-4042-be0d-c1e4d941c326,1/16/2023,8,626
f426110d-52b4-42b2-98d6-77a4988153ee,2/24/2023,95,706
4423a361-fd5c-48f9-8694-66072b6b9cd4,3/20/2023,61,669
26fa37ae-a384-43de-8677-9e31a8b90e2c,1/27/2023,21,552
24b9472a-cd62-4211-acc4-dbf75e07a292,1/23/2023,10,420
651efe0d-dbbc-4a8b-9cce-0f3c34b54d31,1/18/2023,86,633
24eda0d8-5be4-404e-a2b7-09d040cb3669,1/18/2023,77,721
8773c4f5-fdbf-4bea-a366-28196fd2b563,3/20/2023,46,334
baa71bcb-c9ee-4897-83b5-2f54d40a0abd,2/19/2023,92,11
e7215b39-cc09-41c9-90c5-a0055d4343a1,2/22/2023,40,596
ba1b90b1-538f-4718-87aa-181b95f129f0,3/16/2023,48,448
774e1f14-ff04-4a78-a00d-74a49daae1a9,2/25/2023,6,243
9f52a2c4-15c6-44e7-9aee-36c2d8c77d8a,2/6/2023,24,712
3f1d088a-9945-41b2-90cb-756e21238663,3/27/2023,58,730
080ab0ad-778a-4732-a8fb-1b75a2e988d5,2/25/2023,13,284
c2317426-3cc0-4ffe-b993-d0a28d416bc8,3/22/2023,33,131
da3c863a-7c72-4f6e-81db-ee7b7cdc4610,2/9/2023,60,105
3225d742-0e04-44ad-90bf-41b0fe52b2b8,1/9/2023,99,782
4efc6ff4-efe9-484a-9a1d-ea8c5471743e,1/5/2023,6,355
3a3e5281-c866-4440-99f9-cff4d894c8c7,3/1/2023,86,271
d84c7d6b-d45e-4909-9fe6-d574aceba4bb,1/6/2023,45,599
20ede462-62bb-41ac-adc1-1e2dbde10cf7,1/15/2023,13,53
1738beaf-9ae5-492e-b183-d8b2150a7938,3/6/2023,8,355
63027957-9fcb-46bc-90aa-26f451244caf,3/15/2023,53,320
24fa3dde-afd9-4783-b2cc-d9fc4f88ba5d,2/2/2023,24,109
4f4778d6-29d5-4d8a-9e50-575eb7224cff,3/7/2023,85,795
16555d19-a00c-4a68-b383-ec026c38f2f0,3/15/2023,97,47
d313f61d-6f87-4584-970f-f9d6cfac218e,3/6/2023,82,324
a0d3370b-9b5a-40de-a3a9-2b2c98a6d3f0,1/18/2023,70,575
e8f69e45-e76c-4e3b-aab9-5949ea51fe07,2/6/2023,8,314
cf70ce57-797d-4940-a467-a90fad91b4d1,1/11/2023,48,129
9280dc29-bdb2-4628-af01-dc68c251a3f2,3/17/2023,24,424
e53b88ca-523b-44c2-be49-11426a0ec607,1/2/2023,24,537
de32dea9-4664-43ed-839d-c078233ff46e,1/21/2023,5,309
bc103a89-f121-4f42-b248-859ee3779b0f,1/5/2023,35,624
f750c9bf-9e95-41f1-a9b0-327f0ef89f20,3/16/2023,69,542
855b1164-c70c-44d7-9056-97a725aa0744,3/24/2023,90,227
4b352484-ac32-4d3d-82b1-905962f95110,2/1/2023,91,557
bb3b55f5-b8e8-4a67-af80-71703237e675,3/9/2023,80,124
ededecf2-8c1c-4ed5-8930-61c59198c0d8,1/7/2023,79,706
8a9928f3-9178-45ca-bc10-e25c1505f42c,3/21/2023,75,731
86c5e262-f010-4a3b-a97c-93391376464e,2/20/2023,6,277
bcea4ead-8e37-498d-a823-3721f4fdede0,3/14/2023,79,377
876d2354-30a9-4546-870e-39f2b1744751,1/20/2023,76,64
9ad6412c-a554-4d67-9caf-8914c29ebfb2,1/3/2023,54,603
a567ef6b-106d-4d4d-8f97-13cd087f3fcb,1/30/2023,11,681
200c8e33-4291-4347-90ed-787f0f928bc7,3/18/2023,90,693
da8d8f49-d7d8-40a3-a327-eb4f29971f4c,3/5/2023,61,516
bfb48f67-84c5-4b2d-80ff-9bd789c8a06c,2/16/2023,34,202
b46c3ffe-5028-458d-b7bb-4534f223cdca,2/3/2023,64,208
142c0a9c-ac6c-447c-b59f-0c2d132fd35d,1/31/2023,12,81
5563cba3-87d3-4b8e-898e-336fd6cf3a68,1/5/2023,39,583
1f4ea5af-1535-4711-954c-6fa5819f5388,2/21/2023,96,356
3df098aa-a3ed-4075-8a5a-41cb58ec54ae,2/4/2023,36,746
e1ced21e-0c4b-4649-9592-1e883a7ef2dc,2/26/2023,41,205
37bc0143-2fbd-4f09-b8aa-01c55e5bac4a,1/7/2023,93,75
207578c4-ad36-4971-90f4-491b475ed53c,1/15/2023,26,378
dc50c4f0-f33a-43d7-a5e1-9ed8aae2afe4,2/15/2023,43,496
3e865ca0-0883-47c4-81a3-e142d9bf62f1,2/9/2023,47,17
34f616b3-38c4-4d3e-ac1a-a116f6ce9ea7,3/8/2023,68,574
94dfd733-d9b2-4051-bc5c-95b0183f3112,3/7/2023,88,364
ae3d4f17-3f6b-416d-955e-4caba777d156,1/13/2023,39,761
cea63537-260d-49d6-9701-8fa49dc5f67a,1/4/2023,33,252
17f9350b-25b4-46dc-bd47-57552fa37edd,3/15/2023,51,22
1e03e50d-a1a2-411d-a883-0374a2959106,2/26/2023,70,288
0267face-c88b-469d-9f1f-a742cd2618eb,2/19/2023,84,676
2728f6d9-1976-4521-8ab8-4d55b53a4d31,2/13/2023,56,806
9ee7d9d9-4b76-40e7-848d-9110b47f4135,2/21/2023,35,364
d7ebdbd1-c9be-4b24-b30e-26d93a4d5fe3,1/15/2023,57,445
67d74683-68bb-4f58-bf4b-b058b4d94508,1/25/2023,99,434
52e548fe-99c4-410f-9fd0-3d6b214f5458,3/23/2023,84,2
c40590fa-f0bb-4daf-b67b-cefc4ae8e9a1,3/5/2023,50,782
f9eeafba-9bcf-45c8-9d09-febae4065acd,2/2/2023,12,315
26e61c2e-ec6a-4181-8361-7cb797a82988,2/18/2023,48,755
55504bf1-a772-448c-bfb0-6bb94c2d37fe,3/24/2023,26,415
5196d38e-5890-4b63-9d5a-ebde80fd4f6f,1/12/2023,63,552
bc84730a-6f64-4033-8c74-2d927c07d2cf,2/25/2023,27,215
9f9b89a2-10b9-45de-b81f-9de9af4c3b46,1/8/2023,65,623
e233d587-2425-43d3-8ebb-5ca03c5f4d43,1/28/2023,20,17
81f1389a-f8c9-4439-914c-18af553f588b,2/14/2023,23,539
684df5f0-1e40-4f54-9e1f-eec84c147c75,1/22/2023,55,32
067f70d1-470c-4566-97ba-71f63774db1e,3/18/2023,97,236
a276260b-fbe9-4388-bf53-45773cb186d5,3/20/2023,69,275
d38dd5ef-b2de-4f5b-bd76-586ad03ed3b5,2/12/2023,25,52
412e6644-28b3-451f-8c06-ba854aa3e9e2,1/13/2023,88,39
10ff8e05-bf0b-45e6-909b-840bfeab658f,1/1/2023,33,648
e855e7a9-2834-4e20-ac1c-17a4952f86ca,1/30/2023,11,312
041ea04a-25c4-40e5-8201-1e85637a33b6,1/8/2023,25,751
ffd8a3a8-1dc9-4859-842a-6f2e2fa97894,2/26/2023,41,761
03b8abe2-9f95-451c-a814-610aaf077d1d,3/22/2023,69,408
bddd1378-a0b1-4b7b-95ff-acc7bf51d697,1/19/2023,94,221
de27a938-5f73-4223-a8c7-f988701d3136,2/18/2023,84,351
c1d932e2-8526-408e-a797-c52ab858be20,2/10/2023,12,368
3d2a5b2e-352c-4932-ab40-a33ea5666895,3/29/2023,74,75
054975f8-f060-4525-b6de-4b0b4a5d15a6,3/30/2023,13,530
90a5f862-2721-4498-8d2a-acaee256a419,1/7/2023,66,545
a2d66e2c-eccc-480d-a75e-f19b9490c6a8,2/4/2023,52,535
bb6d91f9-b66b-4b0a-aeb5-36615386c524,3/11/2023,37,713
c1674ebe-9977-449c-9682-a66452a4a9f2,1/15/2023,91,11
eaedbac3-87dd-49ae-b057-9b2f444ef8bf,1/15/2023,41,591
28251b6e-0996-44b0-a488-17fff5cab7fa,1/18/2023,17,471
080c35ee-8036-4cdd-a0b0-387d976357a4,1/23/2023,33,301
0b6757e9-ba8b-47f4-b66b-9c3c94f801be,2/2/2023,41,149
3c711d22-96ea-44e1-afb5-02362677c33d,2/13/2023,71,711
54d83ef0-d45f-40a1-9d7d-209799e7b627,1/6/2023,89,716
20b2c077-566f-4978-ac56-27c1a0cb95fa,2/7/2023,10,449
a8fa3c86-c5d5-4810-ad94-db48299ac753,2/28/2023,20,600
29ee1dc3-708d-45e9-84c8-4c05f2e828fb,1/29/2023,32,729
39807de7-8e39-4fa7-9992-c3adce298b90,1/6/2023,64,6
264857ef-ddab-403e-ba5f-6cb08a0110f0,2/16/2023,96,94
768827ea-7763-4c6c-8521-432a7ccb0999,1/21/2023,48,761
faaecc05-12a9-4d4b-94b9-d131e260c642,2/22/2023,93,207
12615c3b-a498-408b-9a4c-582eebd8930c,3/14/2023,58,668
c3e8dd2b-6192-4895-817e-a45902f00389,3/17/2023,13,78
91420d68-0c77-49cb-84fe-d9d9535e7aae,1/13/2023,95,617
99680db2-d5d6-4437-a651-6d1b628b3a52,1/21/2023,32,411
b98f59a6-a60d-4281-aab7-6dd49a7dbecd,1/16/2023,15,793
1e70be36-58ce-45cc-969d-155abe1f7bf8,1/3/2023,30,138
add8abf1-91bb-4ad6-ba5e-0ea2878b4828,3/6/2023,58,754
18fc8c42-72a9-429c-a1df-35712484c052,2/16/2023,16,503
db6292ff-b673-4709-a8ec-934c42869b78,3/17/2023,67,308
d15f65d9-ef69-4927-b68b-05998f75fe77,1/10/2023,71,605
2ff0fa9a-1349-45c3-b371-0fd0835bb99c,2/24/2023,7,574
547809eb-65b7-4383-8f0c-5689679d2fcf,1/20/2023,95,19
631325f1-689c-4c3c-92ef-5934c6e33224,3/6/2023,76,463
9f5ecc56-141c-4066-8c5d-c24d38e7c932,3/8/2023,11,405
b52430e9-8e8b-4457-b41b-62bced119f43,1/9/2023,34,710
a0313325-41b9-403d-8350-bcf3c00d16a8,3/6/2023,62,791
49818cf5-2c67-4ad4-910e-631c2b6f8132,1/21/2023,73,216
78c2153a-ecbd-436a-9891-a3a851811eba,3/19/2023,24,707
8479c22f-4856-42a4-9f36-a418c698d7c7,2/17/2023,28,133
89bd5e06-0601-42aa-92e6-9c61d9ec9dc5,3/10/2023,44,629
e164f09f-0129-4a4d-a58f-cab012c73d24,1/18/2023,14,725
ca8196b4-9b6e-43f8-bc17-f9771da185a4,2/1/2023,53,255
2bfd16e5-51a8-48a6-98fa-e991f3ee53b8,1/16/2023,66,50
3e98c1a1-0f87-442f-849f-e88e9b348590,1/30/2023,29,228
7bd446e4-272a-4324-bf26-4da4a6ed1eaf,1/31/2023,67,761
09f5a6f3-80eb-4f9b-948d-e4843c52c630,2/11/2023,57,665
d44538e2-a8a3-4a49-adaa-737119b342d9,3/12/2023,40,807
9410c3d0-862e-4fbc-bb61-0bd1672f3020,1/1/2023,91,783
f392b926-ed45-4e64-8815-451db8fb1c7a,1/10/2023,77,116
29320cb6-8c85-42dd-b5a9-63e85b71fa3f,2/4/2023,60,194
741bbccb-23d3-4af4-8802-cd9f7582e075,2/17/2023,81,185
73386463-ffab-455b-8a0b-af0ced839fed,3/9/2023,73,492
f8ddacfd-4e85-48fc-b969-b1416a61d7f3,2/27/2023,16,400
a2be1a9a-b9b9-4724-ad41-873a956932e4,2/19/2023,72,768
252056c2-be93-47bc-a452-f1c62f215019,2/10/2023,7,118
5c15704e-070f-43a7-98a8-08bddb46a62f,1/22/2023,81,494
9d82f5ed-53d3-4b29-b86e-ccc8cc13e936,3/14/2023,13,609
728458e5-7794-485d-bcb9-bfcc89a92498,3/23/2023,23,586
5197131c-148b-4fec-9f51-a9f4782ba44f,3/30/2023,43,267
62720149-7d23-4084-b012-cc6a036c9e19,2/15/2023,28,112
f701b1df-00dd-45ca-a4e5-11ee127eb447,3/19/2023,75,735
8a58bf1b-bac2-4c06-853e-27911416ba06,3/10/2023,62,168
a2b2cc1a-6581-4d38-9827-9ecb12c2c5ab,3/22/2023,74,573
2d5bba4e-3c48-4506-9135-374fd0734d61,2/9/2023,77,777
67ce9dd8-cb8e-44bf-be96-603051ef95d5,1/28/2023,12,105
c65e885b-5592-4b4c-88ec-1bd4a656899e,3/27/2023,92,280
b618293a-2fd5-4a49-a63c-2fa02f6530fb,3/28/2023,91,470
a3f21039-a121-44c3-8e0a-9babbe6ef071,3/13/2023,93,215
4be144dc-6b21-431b-bba1-c9d88ce210c8,3/7/2023,56,9
7ee700b6-3a30-48bf-9654-3114c51a476a,2/8/2023,60,164
339ea3e0-b569-4602-b0d5-304192c0bf66,3/21/2023,77,723
0c18d88e-1942-42b9-8731-e3dae944a796,2/3/2023,6,600
4a98dcab-8b5d-4e90-86d5-cec4da3091d7,1/27/2023,84,20
920d82c3-46b9-40bd-ae2a-feb7718da471,2/25/2023,32,786
445a8a77-cb1f-4722-8a58-55c0a09d6105,3/25/2023,71,333
40c572ab-393b-4539-b151-870e5c295367,1/10/2023,59,722
aaddb3c2-9ba1-4330-8278-e07d9e3e68d3,3/10/2023,23,658
1612f139-ea04-4e39-a4ff-5c29b0eba7e2,3/19/2023,77,451
6cb61dc1-6ea8-43bb-9ca2-7428d4d416a8,1/8/2023,78,138
c656e324-f4a3-4d5b-8a59-27268a0eef87,3/27/2023,34,553
52a34266-10f2-45d2-a031-15f3d18824bf,3/26/2023,88,555
1b71962f-2ba6-4dc8-8fdc-9a1a5816a671,1/22/2023,10,138
393447ed-7df3-453f-831b-483037e0203e,1/12/2023,14,406
79a87d10-dae1-48a2-8e9d-1e601e3f4fca,2/5/2023,49,503
257c97eb-fed4-42af-b300-50f0e404b674,1/15/2023,40,445
05c94f97-ed90-4105-bc52-ddd937bb2bc8,3/16/2023,47,734
66604b68-8a67-4035-9d44-7db57767bcdf,1/14/2023,12,217
ed28dddb-f06a-4071-bb47-1d5b9e1bfbb8,3/2/2023,66,443
75b2f0f9-e63c-49d0-bd0b-f24861ff7e42,1/13/2023,9,570
7343a2d8-15fc-4737-aee7-8642baec4ff9,1/25/2023,70,55
1d106e34-b84d-426e-a5cd-dcfbcf6f35f6,3/15/2023,8,375
224d5474-963a-4ba9-b35a-40bc2916da07,1/17/2023,86,680
92de6cf5-5cfc-4422-8016-3b6ed9aefa9d,3/19/2023,57,616
77060861-591a-48c8-83ad-04a3c3c434e3,1/29/2023,46,393
ddd16386-f055-481c-8e05-bc96fc9b515d,1/20/2023,31,315
2acc76bc-1035-47e9-b9c4-12538f3fd4e9,3/1/2023,95,413
dd06759c-d744-4c41-b81c-c04e0f807477,1/3/2023,72,33
12250e35-0241-468a-af46-bbb6ccf56909,2/11/2023,72,121
5ef8e1d9-7328-4837-8d32-a6cb94e95f81,2/16/2023,67,282
99dcbb04-51e0-49d0-b724-c44a4bc01134,2/16/2023,99,48
14fb19cc-601f-4fb4-a99f-40549bee0780,2/27/2023,44,143
93e9d96c-6a26-4caf-9d78-676b74a5bcd1,3/1/2023,75,189
e6a833d0-43bb-47a9-8e26-261d32e2d385,2/4/2023,51,50
22f74cdf-c38d-44ad-b42a-516db37cbf5f,1/18/2023,90,196
42757526-3e6f-44ee-a292-95231a6f68ba,1/17/2023,36,466
36ca46ec-ea58-4dfd-92d0-f8771e83a4a8,1/7/2023,12,94
b30fb08a-2e4d-47de-b923-e1f062e1d366,3/7/2023,36,285
dbbbaf36-1da8-4ae7-8eac-7ff9933f9cff,2/23/2023,85,117
f974f037-7b38-4681-9c0f-102f96cb6991,3/1/2023,59,76
d2d7de53-bcec-442e-b4dc-fc7b6cef1488,2/24/2023,6,592
b6fcb6d1-9674-4b44-8573-f0e732f05620,1/15/2023,74,316
7626b946-fc51-440a-bda0-ceca751119b7,2/6/2023,66,347
7d5a6cd0-4279-430b-b45d-bc7438143c4e,3/12/2023,89,678
fc2216d3-468c-47cd-b885-dca488e7e410,1/2/2023,64,668
c0959af5-6f29-4b4d-b797-82bcdeaa6b06,1/22/2023,12,276
9e9ecff8-c041-4d93-a8af-c444ea7f5f10,1/31/2023,84,149
0784b534-2dc2-442f-ab7f-f56b82d36182,1/5/2023,24,316
aed4b8ac-09c0-4190-831f-6a1e528387f4,2/24/2023,74,806
422b1081-00c9-4462-aaff-6378b7ea6faa,1/1/2023,60,688
451323e4-84a7-462f-9256-d0470de2a019,1/24/2023,29,604
535526a8-b4a3-496d-a893-e0ac351e4505,3/27/2023,99,88
afb11887-4833-490f-8280-9018fc50b739,1/27/2023,13,649
196dbdd8-edc6-46b5-83bc-ce3be516fdef,2/27/2023,10,707
47b9f7c4-d892-40a7-8f09-900ac3276464,2/6/2023,78,707
86cf81f3-e805-4faa-996a-8896391fa014,2/20/2023,18,427
900c6e89-8122-4e8b-9659-ada111d7c21c,3/29/2023,68,197
e5c9eb9e-74bb-47dc-81f6-6124d6ae4e9c,1/4/2023,84,649
52cbe128-1bc4-490e-b9ea-654810a3510b,3/30/2023,21,447
cecfb237-ee1e-45ac-a5d7-fca11b6f4360,2/18/2023,70,93
52d7a28c-fd18-4351-9f0f-b628a0aa517c,3/20/2023,5,145
2cc9cb2c-2a60-43a4-83e0-b4b94fa87f03,1/15/2023,5,460
70d42c7b-1f9c-4b60-92ca-73277f4a36f3,2/24/2023,86,578
282b4973-7b34-41f4-a000-cdb694e4a22d,3/5/2023,14,542
ce274661-1b94-40aa-86c8-588de1851a02,2/19/2023,55,766
68712e35-a5bd-4e0e-ab92-a1bc53b0c071,1/22/2023,90,494
fe311a66-2814-4d98-b532-2e253cabcb43,1/5/2023,27,583
900c296a-931b-4b69-a67b-c8ba6c3bc01a,1/17/2023,35,624
1f184e81-5a9c-452a-944f-b7dbd144dd90,3/27/2023,23,789
742adc91-180f-4ec6-9f5e-7ba1b0defc3c,3/18/2023,85,488
746694f6-5679-486d-ab94-4b7b09124932,2/13/2023,54,257
735b73c0-689f-4df6-b19b-f3b5d680d2c5,3/16/2023,57,634
54c4ef3b-26db-4b83-b88a-15931e0f28ad,3/22/2023,70,657
7db3c571-c33b-48ff-b74f-b90b78912b5a,3/18/2023,32,548
bb7ca708-0efe-439b-ab85-34d4f6e36bd8,2/4/2023,82,347
f7ca09a2-07b6-4f96-9157-bb628778b7ec,2/9/2023,92,229
60dfde67-d4c1-422b-b640-e3f0d7dc1ab7,1/10/2023,31,332
9f5ae166-ca3c-448d-9cb1-7c8e8799d1c5,3/7/2023,92,611
aaa83d2e-1029-41e3-bf25-50de1a029bf1,2/3/2023,39,576
1d153da0-29f7-4e4e-b3a4-dfeb393901d3,2/23/2023,43,498
dda79abc-8427-4284-ad61-18f60840af87,2/18/2023,46,132
15e2378c-43bf-4a5a-814f-c75b8008a076,2/17/2023,35,195
01803135-8ea7-4592-b353-e6c18cd15706,3/5/2023,61,565
5f3c9451-360a-4f74-880e-89bedb1d9795,1/8/2023,29,76
dc9ea55e-75a3-41d8-873d-208e3768edfd,1/13/2023,91,130
b140c1c9-6354-4785-a4dd-457d576e8169,3/11/2023,47,573
ad8a2b06-6571-481a-b642-4a8ee86db6ca,1/22/2023,34,143
d9a8b17a-69b1-420c-86e7-7ce2b12b1bea,2/16/2023,43,314
0ff340f2-b5cd-4503-be6b-b98d6f4a4109,3/22/2023,79,648
22e6132e-9c27-4e06-8b9d-57e28b08a926,3/24/2023,6,99
d06fb0a7-a167-45c0-819c-def980a351ec,2/25/2023,32,396
1b88ab56-9771-4b5c-81bb-ffa12c88874f,3/1/2023,22,26
2af3dca4-4480-4534-8522-9ee586616378,1/31/2023,98,745
89f85cbf-a133-42d4-a8ea-713334232e3c,2/12/2023,29,287
c4a8b4c2-e0f7-4b6f-909d-6f7b4a00a8ac,3/15/2023,21,770
22cb9f6d-8783-46c6-943a-899510a5720a,1/22/2023,25,53
3c341cb3-11a7-4b8e-8d1e-9069706056f2,2/26/2023,84,424
905f374e-fc1d-4a74-b8ec-813f37d96f05,1/24/2023,57,64
2cad6dfc-d49f-426c-af5b-92a3df843edc,2/18/2023,26,305
b49aa231-1ec9-48df-84ca-4114a17bf956,2/2/2023,84,252
357dcca7-279a-443c-8629-9a34acca42fc,1/13/2023,13,714
f85e0623-fef8-4cb0-829a-b41c9cdc5bad,3/14/2023,58,238
1dc0067e-0a31-4f86-8237-0804a51a95b4,3/5/2023,73,350
27494ca2-ca29-4675-b843-00d591b1ee1c,3/5/2023,15,415
e94cb831-a306-46bd-8e77-9e059ac1fda3,3/26/2023,79,755
7d3e5cb4-738f-4965-bfeb-c5d2de9e719a,2/1/2023,8,306
cb79775c-ca89-413b-879c-6e8bfd0434ff,1/2/2023,32,504
94ab5380-0515-40b4-a3e3-fc9e21e0d9ea,2/25/2023,38,620
59e0dfed-2537-4d38-bf60-21d57900a929,1/6/2023,67,49
09cd0ca5-2bda-4923-aace-f68b272ac7b4,3/25/2023,98,220
09f3e518-3bb9-408b-9a60-1c17242e8441,3/14/2023,96,699
75ce238f-ce81-44ea-aacc-05288846f2a9,1/16/2023,33,788
72f3a3d8-e615-48db-b30d-047b1c459b39,1/12/2023,15,260
d1fe48db-e93c-426d-81fb-c7021f7cf216,2/14/2023,98,418
74ad359c-6178-4b09-ad85-fadfea0d8ca3,1/15/2023,44,218
5156ef87-eac3-414e-ac8a-0c1c0072cf0f,1/18/2023,92,146
05972b4a-8a55-4a36-946b-ae6690094a33,1/29/2023,46,48
f027dd4a-605a-47e3-87e5-f37d1023b3ac,2/23/2023,69,528
c4fbaa5f-38eb-47d3-b445-ebbd8c717ce1,2/2/2023,17,504
cb60ae9e-939c-40c8-83eb-1efac217b6ba,3/3/2023,71,508
b3c7bddc-1961-4895-b38d-859253bfb147,1/31/2023,18,500
facba98d-91ed-48ae-99a6-b32d951d517a,1/16/2023,22,293
952648e5-6163-4fa0-bc48-eee1366416f2,1/19/2023,65,36
05fb090c-91cc-420c-b765-6d0f16bb820b,3/27/2023,20,728
614d5d89-5dba-4e3f-9a72-069539f03339,3/12/2023,98,129
7ed7e897-0a48-4a3a-851b-ef340a08a812,1/8/2023,94,661
b48767bb-a4e3-4018-bcd5-bd59c44a1a78,2/10/2023,70,26
03395508-0a5a-4d74-9a10-8f6c9f115f8d,2/17/2023,87,341
2f0a8461-5ec3-4a3e-8b9a-cca433142b91,3/14/2023,59,133
19aa38d3-5d6c-4b9b-aa41-85db3f6c7cb0,1/13/2023,16,30
57f56f00-5123-4ad7-bdfe-9520e8d9801a,1/23/2023,15,609
8912ed00-62c6-401c-a1b7-315c79abed41,1/14/2023,98,723
2707c50a-34db-400d-afdc-9466068591b7,1/18/2023,72,566
689f4f99-e702-470d-b279-9ae1ebc973e9,1/25/2023,13,256
19bba4b1-21c1-4600-a16d-f762e5936340,3/20/2023,40,498
83e762c7-54d6-44b6-85ab-bed71f6fd1f1,1/11/2023,48,684
491155f9-4d57-419f-9097-b4e0fc2a1a92,3/6/2023,48,649
23741520-4d8c-481f-bc1b-b8f8e4a1cb3d,2/28/2023,63,393
f1820856-8698-4ff4-8ff7-ad91c5c0a3a5,1/24/2023,86,586
cefa24c8-e66b-4fa1-b56c-9f6e8a8629fe,3/6/2023,66,258
c3986cec-3909-4aad-a079-b20ee3ef8af8,2/26/2023,81,782
9b2dcaaa-a745-4d58-968a-3fdba81da15a,2/1/2023,19,260
7b9be01e-e896-4717-90ad-f23ce9848aa4,3/17/2023,83,774
57f5dad9-63b4-40bc-8fd5-8a63181dc5bd,3/18/2023,11,792
63d7995d-c705-47a8-9cec-80d255eb6c1c,3/23/2023,70,786
99137c4e-d0f2-4d03-9fcd-5dc48121895e,1/12/2023,64,178
1eaadc6f-cd94-49f8-9f16-9929eeae7293,3/24/2023,74,382
d84401d8-3a94-46d0-8f1d-a03313edd797,2/17/2023,10,487
060df70c-393b-49b1-8c5d-3248c60ee28b,1/7/2023,10,139
a041ff5d-ab34-42b4-b6c1-7c83ef35d844,2/18/2023,12,487
506a5a63-4d8b-41d0-820c-dc9a2710b587,1/8/2023,10,324
11bed727-165f-4dfe-b3fe-7cbd1870f93b,1/30/2023,96,668
f77e3c7e-e7c5-405c-9127-f295711aad61,1/24/2023,19,701
72356b34-d97e-4f0b-b964-ba6025154af7,3/25/2023,85,493
4712b19c-7aa6-4d37-b4fb-ae0ecda1977e,2/28/2023,55,52
f6f2f827-6493-4c90-860a-11a1fb82189b,1/15/2023,58,247
c3590f1f-312f-4c48-8d1b-cff8ace9e3c2,3/16/2023,36,241
2f67eb55-0388-48ab-a303-64ecbb80c9d9,2/10/2023,47,338
ddcc6aaf-3a6d-4731-915d-3edae041f3b4,3/22/2023,91,298
aba1764c-ea2d-4fb0-b6d7-6cc3656cfd84,1/7/2023,66,440
12cceabc-8bbd-42f3-ace3-511b5ebcb060,3/13/2023,98,592
d7821d2a-140b-415e-8e9d-0d9d7a22a1ee,3/24/2023,99,225
1fc8cf18-1089-4cd2-91ff-dd1ca75dcfe2,2/3/2023,14,339
fb011a29-904f-4270-b5eb-952eb17e57f4,2/3/2023,80,774
99ab08be-865c-45ac-94df-1ae327286dd5,2/1/2023,24,654
8f4a4070-d8fc-4686-8fed-67efa3e8d3d9,1/15/2023,67,78
f566977b-615f-4094-937e-0c854a8c46ec,3/1/2023,56,58
fc16295f-5005-46e7-ad0d-e519e33b25d0,3/20/2023,52,451
d7e4a318-33ec-49fe-8ce8-bd9d3561b4e0,1/27/2023,49,551
8a8b7037-ad23-4c82-b3c5-2544e02619a7,1/28/2023,6,787
55c0a0b3-04fc-4df2-a4e4-45218177681c,2/7/2023,46,805
03bfe934-9aef-4cb5-bdfd-1f930edcb42b,1/29/2023,91,371
dd04135f-5b42-4dc4-91de-5ec1c0d346cc,2/1/2023,94,122
a7fcdd44-3f58-4663-a17f-e89a46a10341,2/23/2023,54,539
3e82e48e-a5f2-4b79-a218-e459c2be6351,3/6/2023,49,564
c4d7368e-7c94-4aa7-8817-d7a63f1b10df,1/4/2023,49,629
b85e2ba2-aad8-4eff-b77e-9d719d290ec2,1/24/2023,74,407
d794f1c8-b7b5-40ad-870c-6fef22b32aa1,2/2/2023,30,116
b84d59a7-de2a-44c7-b028-0bebfb4fdece,1/16/2023,26,787
2b848711-6533-4ec7-9a84-32287795eb8a,3/19/2023,61,93
f82d332e-e316-423f-9c05-0b4ab4c93f4f,3/14/2023,35,794
ca5c2d59-e6f4-479e-b829-c7dce5ebe928,2/18/2023,12,702
e8689d35-a16c-4a8b-aacd-f13a55b6ba92,3/17/2023,78,46
cd19178a-b4ff-49d9-ace8-f5fc5ae90f06,1/23/2023,26,454
ed304df1-6b3a-4949-abc4-b3c564946dc5,2/26/2023,59,781
7cf1e4e8-ebcf-4309-add8-3851ad579ab2,1/14/2023,64,389
d49c9c77-884c-415c-8743-fd2ca2b72791,2/15/2023,51,657
a6c5bc6e-0ace-4099-b78a-125dad193a4a,2/8/2023,66,441
bf92c767-167e-4114-8c3b-d68b3f3c656d,3/24/2023,14,795
86575845-71c8-4de5-b160-b2cef0eff4e1,1/9/2023,95,772
8fa58b29-3e55-4adf-b1b7-9efff063827c,1/8/2023,57,571
35d86d89-08d0-45f2-a8fb-db902513a196,2/19/2023,29,400
12cab2e6-a757-46af-a85a-4fa28375ef41,3/8/2023,6,539
eef70d7f-fd38-4d38-a75e-63235da949b0,3/19/2023,88,540
02de0e9b-ad0f-49c6-9437-f655666466d3,3/1/2023,60,692
0d1fb8d3-527a-4e42-8093-d9f8e90d8608,1/30/2023,61,54
75cee045-e4d3-4574-acb3-a984694c6b2c,3/12/2023,6,360
d1738239-6d72-40c8-842c-9c6106e5bc15,2/6/2023,28,699
6ff864dd-8d05-42c5-98a0-c7d03f05ffa3,2/1/2023,99,270
037566c3-3032-4b7d-8d98-bfde75386416,1/1/2023,31,236
dea23d20-7d80-49cf-bb07-1fb35276fd25,2/20/2023,71,541
1547e7d4-b1cf-43f5-9abd-359eb0fd70f9,3/8/2023,43,107
323ebb7a-94e1-447c-a543-28e047a814ad,3/24/2023,80,713
9474cd73-021a-4c0e-b23c-73ef0fd367f4,2/9/2023,98,38
ac7255d1-54f3-4633-999e-b1fb8b9a672f,1/23/2023,26,370
cf565a54-c14d-4684-a350-7e1aad1a236e,2/13/2023,90,702
7cbfa102-7b2f-4efb-a2d9-a11e03e6d6fd,3/14/2023,97,772
eb633974-ea7f-4be9-8ef1-00ad9c1ed8b5,1/7/2023,46,393
536e1767-c139-4a99-9013-1bd63234bee0,2/3/2023,42,273
bbf0babb-38e8-4819-8cc3-1493e61728f6,1/18/2023,77,694
05301f17-c02d-401c-87a7-222df80502a6,1/13/2023,46,408
5e998b72-82eb-4781-b8c6-37b1c6a1086d,3/2/2023,87,255
31a5c727-8e31-4333-9473-1052e3258592,1/31/2023,42,459
573ce045-a756-4403-ab99-2c73cbef80c5,1/4/2023,83,581
4a740f62-5204-4d55-b807-9987bd2e37f9,3/29/2023,14,765
d4988f87-c31e-49e3-9eb4-85bbd789e35a,2/19/2023,66,378
d4977ab6-c6dd-4768-8373-036bd60a003b,1/8/2023,12,254
ac96d02b-8af8-450f-8253-1595fe08f9ec,2/16/2023,46,568
83f2c7bf-d319-4e1d-8996-b4d03de70110,3/24/2023,32,589
47269088-7808-40a9-af0e-8b5dc5afaeb9,1/8/2023,93,683
ad92676b-1a1f-45c2-a995-3798b7e82d5f,1/19/2023,25,130
a19d81aa-03d1-4ccd-8187-58fba2d14915,2/28/2023,17,760
439474b8-a38d-419f-a900-cf12d5b2b940,1/5/2023,63,489
2a20f931-52f1-440a-b703-ede8def4d18d,1/25/2023,13,201
8fe6fded-c42c-4778-a8c2-45d3b948e17b,1/9/2023,71,174
88e95aed-c360-4ae9-acfc-9d4a85e686e9,3/28/2023,7,255
1db51d92-512a-41d7-b991-8afbadb39492,3/10/2023,85,43
34306eac-ea18-4fac-8db6-191548c75826,1/10/2023,86,118
ca9a1c4a-41a6-46fb-a97c-d1a8d2e90e80,1/28/2023,31,345
97e4637b-46f9-4992-8b0c-712800836ba5,1/13/2023,87,590
4016e781-58cf-4c0a-b428-17e5b3def01c,3/23/2023,23,607
8ec54457-79f8-4907-a104-4254551a790a,3/29/2023,19,335
3df4c861-6f8a-433d-83ed-7f0c3bba9e01,2/20/2023,47,540
0bd757ce-48f4-482c-928c-5c520275e3ee,2/17/2023,12,472
75427e48-f8ae-453a-a891-ca8c0eb77698,2/8/2023,5,134
a119fc25-c625-4a0f-b228-1dbcb7a977c9,3/5/2023,76,404
dc74b87d-d2ea-4ed8-b081-45b7b41b6111,2/1/2023,14,236
a4ce3ccf-6d16-4bc2-a923-ebd289e98c1d,3/30/2023,99,649
e3b7052c-2597-41e2-af54-2e362a376825,1/30/2023,71,630
878e9317-fe2c-4871-b24b-2531523be9e8,1/29/2023,7,681
8b8c1d0b-fe3e-4c9e-a8f6-9b035545247c,1/29/2023,98,187
f9e5ca4b-c825-4309-b471-d6e716211449,2/7/2023,7,388
fa7439d6-bd18-4ca2-9886-7b5b67f222a4,1/14/2023,81,326
06f55fad-b684-4945-aa2d-d4c4e24303c4,3/17/2023,56,82
ef2fed7c-a0d1-42e1-9526-aaec68b0808a,3/29/2023,80,262
62a403a2-d36f-4434-9cca-83452f130247,2/6/2023,59,693
74adbb2e-6fd5-4a71-9ff5-7422ffa42ed4,2/21/2023,14,310
f1597cc2-da7f-4b49-a2e8-f0b26a0a8ca1,1/30/2023,60,102
cdbd8657-cffd-40e4-8f1f-997dad96c59c,3/28/2023,18,215
e867906d-1217-49df-b92a-6207736d8709,1/23/2023,88,340
7235c9dd-f606-4f60-8e2a-e6219020c99f,2/18/2023,51,376
7a514738-1eef-48ba-8c1d-fce84a34e31b,1/6/2023,21,106
cea6f60e-58db-4f67-b28a-442bb586b417,1/27/2023,20,726
73a16e48-9246-45e4-8017-e7c594fb96a6,2/20/2023,81,484
b399847e-2e3d-4af2-827c-e4b299f25e65,3/14/2023,77,169
00059ca4-0a6b-4a3e-9f06-79a770e0a125,1/1/2023,15,648
8d490ce5-9d74-4e94-ae5d-87b14fc82722,2/9/2023,37,178
cb5c12f5-bd1b-4f62-b197-bab0171f2f0d,1/5/2023,69,442
2a3b980b-aa08-41ba-9cbc-45fc1ed0a88a,1/31/2023,36,57
b68a59cf-79fc-4c48-ae7f-368688fcc3e5,3/29/2023,65,640
3f45dcfb-5672-4b68-a3a1-66e075adfb7c,2/14/2023,84,359
86e7b8e2-3e18-44e9-8e3d-3787b7419382,2/5/2023,21,429
588f341c-1b06-4eec-8aa0-c52e64d310b6,1/3/2023,44,607
8e2c34f8-7341-49b4-8256-6a2862da114e,2/1/2023,84,495
ada5db51-d994-43df-bd6e-86e61ebfe540,2/13/2023,80,67
a7b1b66d-5e50-40f0-a9c2-839846fb3adc,3/19/2023,80,185
4f1d6eaf-d6b5-472e-8771-e4ef5f163906,3/2/2023,38,553
05879666-41f2-4b36-9032-5119d231ea4e,3/9/2023,84,73
c7f46ffc-f847-42a5-834c-b7025680c1e2,1/22/2023,87,793
2e50b430-6895-40e6-a6e7-8826e436839b,2/28/2023,31,345
2b761df6-0ac7-43bc-9343-acdfc4693e7e,1/24/2023,89,606
9bc5fb8d-a67c-48ee-be68-282d5f99c650,3/30/2023,66,528
6a4d4c27-1444-4099-a7bc-a535cec3b3a1,1/18/2023,82,755
6b974b4c-0b32-45d9-8328-dc3b086b97e7,3/22/2023,7,398
2419f63f-a3a1-4291-b2af-40cc43354c4b,1/26/2023,55,158
7d795659-f25a-4eae-b309-7693a0fb5442,2/1/2023,80,310
c8523952-40fe-42f2-8222-fe228c19ce51,2/24/2023,69,547
c682d4f5-6427-47fe-9f3b-3b07f694fba1,2/8/2023,81,195
44d31e29-0678-41d8-8ccb-9a23b1bfccff,3/2/2023,16,683
cf6df705-946e-44ec-a8e1-d4d28cc2dd3f,3/30/2023,17,10
171982b3-16d3-4975-8477-0bed3bc0d8ac,3/7/2023,72,690
c9c03be1-3ec7-410a-aca7-a142ea13a8e9,1/1/2023,8,185
837c8d02-ff3a-495e-9916-1fbb11aa2069,2/8/2023,100,618
7655506a-9971-4361-839d-2fdfa1a8c5fe,3/10/2023,89,480
644d3bca-05d2-4f83-b1ce-6ee320320fd7,2/24/2023,99,576
5214cfdc-f986-4591-8dfc-e0f39949d4a4,1/21/2023,87,593
45150121-c4a6-4ffa-ac72-62cfa9d3da57,3/20/2023,61,609
ba5b4b84-bbde-46ea-a69c-8aad1f5069b8,2/19/2023,57,475
6975c2ee-e425-4ced-aa8a-41c11aaa109f,1/27/2023,35,244
ec9cc2da-c4a3-437d-8436-1d29b20e5631,1/3/2023,84,642
00ddd072-3cb3-406e-b3bc-398cf9d21c23,1/12/2023,92,774
785b9288-f89c-4318-80b7-2c7390295b40,3/14/2023,34,132
f23a2b8a-303c-498c-a36f-47b2a4be9b6a,1/22/2023,67,555
0aa8eca1-213d-4106-9228-bf76b708ea9a,2/16/2023,60,462
ca32ed9a-1b3e-4885-8e26-50b1524e9f8a,2/18/2023,51,717
4e5b1f18-419f-4b90-88fd-f38137f75851,2/9/2023,9,690
6db1fffe-e0f4-4f2b-87ee-fbfff3ef30bb,2/4/2023,91,444
d0bbe87b-bfd7-4279-a885-07cd14f92bd6,2/1/2023,96,590
e8bb798f-5314-4746-91e1-03612cde85c3,1/3/2023,53,774
ab10dedb-985e-4c70-8121-dabca3ea070b,3/29/2023,37,265
a254b0c5-f73f-4d10-8648-c26548e49f18,3/1/2023,93,215
87543a84-7f8d-48d9-9be7-6a77326ca49d,1/20/2023,87,403
1ddc636b-91cf-404d-b5b1-dbc177a51094,1/23/2023,42,86
fb19724c-1c31-4c47-ab2d-706d750ec8e6,2/5/2023,37,181
b9e876fd-e10f-446c-8e4c-5e768a8870d1,3/6/2023,92,473
dfda765e-582d-4d25-83db-4b9d00b38853,3/23/2023,48,774
61d29633-9996-4db1-91c1-0fd0f45770d3,1/10/2023,72,498
0c3abb74-52c1-4b1b-b8cb-daca36fe10f1,2/16/2023,49,202
90fcc67c-f368-4a81-ac7d-3802749d10fb,1/18/2023,95,101
c9556c24-4b4d-4420-9236-e1008be16d66,3/29/2023,74,368
34a0b4ed-2b05-40f6-a754-3d3878c3f627,3/21/2023,33,158
a4943ed0-2b54-46cb-8076-6e90f30dbb30,3/30/2023,81,14
e5a672d7-34ad-4c9a-831f-26f79bb95e0b,3/20/2023,99,317
200d9560-159f-4ba0-8e40-f7be1c10cbb6,1/30/2023,63,413
a4e01fa3-28f5-4189-a2bd-688dead79828,1/11/2023,33,255
eec42ae2-2e0d-4e34-bf6f-3097c676161b,3/10/2023,68,708
e430ae1e-ec2f-4aec-9e48-9f3fe7084b45,3/6/2023,31,202
6400697f-3f8f-4ab6-99f8-7b612f3070db,3/26/2023,26,451
7666a590-fdb4-42d7-a135-ddb6ac7bb07c,3/9/2023,87,506
36678343-ecb0-4d6f-92ed-a7ed653ef72c,3/15/2023,29,135
be9ea967-d1fe-433e-b0cb-a96096730eb4,3/9/2023,43,616
79a49bb7-416c-4a2e-ab43-5ddbb7a37401,1/26/2023,28,46
016c2e90-6ce4-4037-b8ca-4aa37ce02e3b,1/25/2023,25,304
e23f9592-ac72-4ba3-a908-7f151d2ba5e6,2/19/2023,66,395
69cc8b67-efd4-4e8f-b067-61acedd15089,1/2/2023,87,643
1745ef0f-cb57-4c59-b44e-cb0db8b456c1,1/12/2023,48,489
171cd222-a5a3-41a8-81f0-f65411377294,3/7/2023,93,251
a2c76bd5-0373-43bd-90b8-dc03a731e0e0,1/11/2023,18,498
aa096275-a2cb-4c8e-a979-94c04069eb96,1/5/2023,46,43
43e2feef-705e-4726-b802-b476491a7d1a,1/10/2023,36,508
447371a0-0df6-4638-8c47-d479d6416c60,3/26/2023,52,685
5a77e31f-e87b-4a0e-a00f-ddf2f58af563,1/9/2023,47,76
2c25f05c-54a4-4cf3-8123-dc55e3545605,2/27/2023,89,524
5b5d6f13-f533-46f6-8cea-d0adecf446e8,2/19/2023,79,10
3292e21e-de12-4a34-918c-05a207ccc4b8,2/4/2023,41,590
44e1720e-08c6-45b8-85e7-621d4eead9d7,2/24/2023,78,476
0f67bc68-4e0b-4007-8ad3-6428f2d32a0f,3/27/2023,34,321
41cbe3ea-ad28-47eb-8ba7-fe23d24f7dd8,1/12/2023,21,461
a9bbe0fc-b45a-49be-8d5e-73d504fe20e9,3/19/2023,57,423
5cf2876e-d249-4855-9802-bef087735248,2/10/2023,7,807
be5334f1-66c8-40a7-8638-152448750bff,3/19/2023,37,672
aef901d4-827e-4933-868d-9b360f8aea92,3/17/2023,74,773
