id,user,show,device,rating,date
b9b083d0-2d00-4779-bbe1-036e0b7dcc0a,48,s385,Laptop,4,9/10/2021
a14a9709-0a4d-4b54-941a-1ea5f8f7713e,11,s398,Smart TV,2,11/1/2021
5e87cb15-1929-4ac9-a2ae-34cdaa2f4673,46,s399,Smartphone,3,10/5/2021
c8498c23-7378-44f0-8a98-233a00046c59,85,s287,Smartphone,2,12/20/2021
3abbcb2e-a2a3-4982-abc2-77469d3c8c65,74,s383,Smart TV,1,12/14/2021
7a480904-6617-4310-bab8-259d6d842552,78,s402,Smart TV,4,12/30/2021
13b44028-e13f-4d39-9d55-11456a58fad3,81,s83,Smart TV,5,12/21/2021
a4d0d33e-d68c-4655-b08e-fb2280f3eb99,85,s404,Tablet,1,10/11/2021
ae107527-f787-4297-a55c-0665d14d2a77,82,s456,Laptop,5,11/7/2021
f98b681c-fc9f-4b37-ac2d-7186b6724cba,60,s297,Laptop,2,11/24/2021
2479df80-c00b-4589-817e-da9804392a2c,89,s232,Smart TV,3,12/9/2021
419f92fa-4b75-4bc2-bdee-f19d1d6e43f2,85,s367,Smart TV,3,9/18/2021
de58cd9c-ba23-43ac-a35f-22c17740f6ed,86,s321,Tablet,4,11/2/2021
1bd880be-5b1c-49cc-bd42-0d1a841710bd,59,s318,Laptop,1,11/25/2021
b98e610a-937f-4aab-97c1-60ecec88d4d3,88,s198,Smartphone,5,10/7/2021
f2019af8-ae92-4390-9093-17c8038a2a84,4,s13,Laptop,5,12/15/2021
b81c3246-e1dd-4f66-ba67-5edb585ced1f,15,s427,Laptop,5,12/28/2021
be8b13c4-659c-46df-a423-3dec2e69ca82,20,s112,Smartphone,3,9/14/2021
4a037317-01bd-4f25-bb57-170a0cc4867e,7,s37,Tablet,2,9/26/2021
38a9678a-b381-4781-aa7e-2517e58b632e,87,s263,Tablet,3,9/1/2021
02bbdcd0-79a4-41b0-8d62-17bf27e7eee1,39,s36,Laptop,5,11/11/2021
203d7034-572d-414c-b352-8a8c0f225bc0,3,s16,Smart TV,4,11/28/2021
32929981-c71a-4192-b349-8157e1ba690e,74,s191,Smartphone,4,11/2/2021
fa8851e7-9446-48ca-bc58-fffc3578b4c2,33,s312,Laptop,5,11/15/2021
25550d25-2352-4545-941e-fe5ada6dce1e,75,s243,Smart TV,2,9/15/2021
61c22403-4b18-42ac-ac53-0ca61b567bf7,82,s465,Laptop,1,9/29/2021
f9cabf71-3f6c-4235-9c81-ac54a65216d8,33,s66,Smartphone,5,11/29/2021
6fc3ef05-ac06-436b-8e53-d95992f2250b,77,s262,Tablet,3,11/16/2021
361dd900-53e3-4ea7-85b3-a5cf967aeb68,18,s394,Tablet,2,12/16/2021
9b620eda-16aa-45d1-a814-f99f6a3d2a8d,96,s186,Smartphone,4,10/11/2021
a19960d9-f2fc-4bad-b220-39edb2dd2f64,83,s429,Smartphone,2,9/20/2021
c266ed6a-4bc8-49d8-806a-292f6d6910c0,24,s275,Smart TV,5,9/18/2021
31223db7-7a89-4ea1-b11a-de71db65ca66,32,s238,Laptop,3,9/27/2021
df75db6a-dcf9-46ee-b68b-a4ed1c60df63,91,s465,Smartphone,1,9/21/2021
a4cfb9d5-ad92-4cd1-aef5-0de94e0cc184,29,s50,Smart TV,3,10/6/2021
de394739-4836-4ad5-884d-b0db7f80fffe,24,s313,Laptop,1,11/13/2021
b3e7c08e-196d-42f2-9bb6-9bb0b66ca90f,99,s182,Tablet,5,12/10/2021
b8ed1cc7-04e3-4b66-a173-26a36b470873,64,s443,Tablet,5,11/20/2021
60bab122-9a38-4043-b0c1-cbe1b59c9d64,23,s395,Tablet,1,10/23/2021
a2a0332c-ff29-48e4-a4cb-c0711b28bffc,59,s221,Tablet,3,10/26/2021
2fd8034f-4882-44dc-963b-2ed290bb06d7,80,s231,Smartphone,3,10/3/2021
914c7950-2f70-40da-a826-56672a89b1af,10,s86,Laptop,2,9/6/2021
56612ec7-72bd-4da3-b3c3-415d6d9e60ed,48,s321,Laptop,1,12/3/2021
607c5ae7-f4e0-4a2b-8bd8-3b309bee72a7,99,s9,Tablet,5,10/25/2021
bd2943aa-a963-465e-9f59-ed194dde1831,79,s5,Laptop,3,10/25/2021
27aa1c6e-8762-445f-a002-af06b5301804,81,s247,Tablet,4,10/8/2021
40b6599b-4f6e-4ce3-8ad0-8af75e81a31a,24,s237,Smartphone,3,11/26/2021
790924f7-7326-4543-91ce-16be4acd8b12,24,s76,Smart TV,5,12/10/2021
4334ea0f-f352-419b-b83d-f217fc252f2c,80,s465,Tablet,4,10/25/2021
b4592280-c422-4a70-a8a1-9c36e22ae33f,58,s232,Laptop,1,11/25/2021
bbd0cc71-b9f7-4ddb-9fed-f36bf84be690,56,s288,Laptop,1,9/9/2021
5f27eb12-aabb-4358-879b-857d2a511d54,36,s440,Smart TV,2,9/6/2021
ff93d875-f4c1-4ddc-b0c9-8e944761f189,59,s98,Laptop,1,10/28/2021
0c43d6ca-bf4e-43d7-ae52-54679944e36e,18,s237,Smart TV,2,10/19/2021
8c740faa-1a56-477c-be8e-cd27b6b95383,91,s387,Tablet,2,9/4/2021
8401bdd5-ea24-422f-a2bb-99ac186c141d,32,s313,Smart TV,2,12/23/2021
23c457c0-2327-486f-afa3-454c340de0f1,46,s41,Smartphone,5,10/14/2021
d56f72cc-4de7-483f-af96-4ea0ed1f0caf,99,s114,Laptop,3,9/30/2021
d9d6a2ad-7367-481d-bb3a-c52cb412543c,56,s247,Tablet,4,9/8/2021
1d184e35-f394-4d2f-b010-53e7f2d6ac23,6,s278,Smart TV,3,11/22/2021
7d6aee61-63db-4638-9391-c286bda88301,31,s427,Smartphone,3,12/16/2021
af20ca36-5fa1-4cce-a53d-8bc1fad531d2,64,s365,Tablet,3,9/30/2021
144a5414-443e-468d-971d-cdeeb682286b,65,s222,Tablet,4,10/25/2021
e3e9d1ab-a17c-410f-95fa-1560a645b514,8,s36,Laptop,1,9/11/2021
cf6f8a39-26e4-478e-bb18-2db43a0bce90,4,s362,Smart TV,4,12/7/2021
7a68da61-0345-42dd-b967-7ef4d9deafac,55,s376,Tablet,3,11/17/2021
193c0350-26e6-445b-b6a1-2f9b252a7b16,80,s453,Smart TV,1,11/26/2021
814cbe56-e3c8-4656-9ba5-393b97572bcc,62,s291,Laptop,3,10/30/2021
9708f0d8-3ae1-473e-9ff1-b8b897331acf,18,s50,Laptop,2,12/18/2021
219d1ecc-c35f-4a7a-b7fb-699d755cd2e3,50,s246,Laptop,3,9/27/2021
c12cf4e7-1e20-47e0-a11a-b57a8fb80376,1,s20,Laptop,3,10/14/2021
4f56e478-1079-4624-ae25-12171a01c2d9,60,s464,Tablet,5,9/20/2021
e8bb7c51-d02d-40b5-a60d-227f9f5d5ae6,83,s276,Smartphone,4,10/23/2021
0d35506f-3529-480a-84a4-8af2c87d16a5,46,s20,Smart TV,2,12/21/2021
cda9a949-01b9-4a89-ac55-b73bfec162bb,28,s454,Smartphone,2,10/19/2021
e1f8c7e3-0c73-435a-9a44-340dd6a61c15,20,s235,Laptop,2,10/18/2021
352c2be5-e2c1-4ead-a9de-80d77b7c6393,97,s281,Smartphone,3,11/6/2021
6ed87753-9cec-4938-9dee-356dccedee65,62,s340,Smart TV,4,9/18/2021
7c96018a-4caf-457e-aea7-be97b342337c,53,s398,Laptop,3,12/29/2021
b063d560-08f6-44df-aab9-86500c2767a0,40,s467,Smart TV,2,9/6/2021
8401dfa5-cfe5-4dab-8d3b-96331e3a75fe,59,s83,Smart TV,5,11/4/2021
ea4dccb4-2ddc-401a-8ffa-c27c8e3d0857,16,s231,Smartphone,2,11/30/2021
30ccd50e-3f47-4b5b-97a8-d3b6978aba8a,94,s433,Smartphone,1,9/28/2021
e8ef66ba-e6db-4281-b4ed-e514f01858f1,47,s239,Laptop,4,12/12/2021
40606ea2-b529-480e-860f-0e3aa826485d,84,s399,Smartphone,5,9/30/2021
cc501fd9-c42f-4a5e-b31b-40434b6c88b1,21,s370,Tablet,3,11/14/2021
51ddd7dc-7554-4257-8755-6f7f2ac33e5c,38,s376,Smartphone,4,9/11/2021
6ddde865-2974-4081-96f8-bad49317f55a,25,s437,Laptop,1,11/18/2021
3102d866-8a05-4490-af3a-1b560ec920f8,18,s387,Tablet,3,9/4/2021
d05ef95b-a30b-4801-8166-ca1b1bf3eab6,46,s445,Smart TV,4,10/11/2021
111f625c-57a5-4c08-a215-a0237fffbe72,76,s11,Tablet,4,12/11/2021
0acc23e0-e5d9-472d-be9b-e1444a96b1f7,87,s12,Laptop,4,9/23/2021
659c04f3-2ab0-4c93-a8ea-8a83d34ba317,10,s378,Laptop,1,9/3/2021
e19e9f7d-e2f4-4829-8dc4-3323af4819a0,14,s238,Smart TV,4,12/26/2021
87b92db7-c814-49c3-8b41-734fb4fa14b1,83,s94,Tablet,1,11/6/2021
ea71e7ba-f46c-45f9-8bdc-337d85312e03,45,s114,Smart TV,2,11/13/2021
53911bf6-60de-4def-b4d8-1dcd2b2729d5,3,s6,Laptop,5,9/10/2021
a0c1f725-9f08-4c78-9ecd-c335f942bb72,32,s389,Tablet,3,12/11/2021
2e2f08e0-dbf6-4864-82dc-81d84c0675d1,80,s370,Smartphone,5,11/6/2021
a7eccb32-1ff7-4f20-9217-e331644a26a6,1,s403,Smart TV,4,12/29/2021
5f16434c-f154-45c8-85f4-7ce8cf5b58f3,84,s365,Smart TV,1,11/28/2021
e9b8d4c4-eaef-4618-a282-4d98cc9b0539,10,s13,Laptop,5,11/30/2021
da7e6c93-7cd2-428e-a8e1-15d1011f7b5c,53,s188,Laptop,1,12/19/2021
8fe3983d-0830-43ab-a3b8-cf24bf7b7395,56,s397,Smartphone,1,12/28/2021
b3eeae62-1131-43e2-b683-a58ecb10460b,84,s429,Smart TV,2,9/11/2021
d094346a-1254-40d3-8c5a-96bde1c19958,85,s185,Laptop,5,10/17/2021
57f4bd99-1243-40a8-848e-c2e15e73752a,3,s223,Smart TV,2,12/14/2021
227b64c3-435e-44eb-af95-5d4fea31d19e,4,s225,Smart TV,4,11/29/2021
576a675c-0cbb-4c33-b185-e1fa02e49dfa,70,s321,Laptop,2,9/2/2021
de8b2651-9c04-4edb-a314-1ca703770328,49,s131,Tablet,2,9/3/2021
e5986ee9-e5e7-4c1b-b767-a0dcf81fd441,79,s313,Laptop,5,11/12/2021
f0e3e6de-5673-47c4-bcdc-a290fed72bdf,45,s82,Smartphone,3,10/27/2021
23e96efa-6de8-4421-adaa-9d6028c76300,47,s223,Smart TV,3,10/28/2021
2fc2248d-759b-45f2-ab9b-208fc2e60270,88,s112,Smart TV,4,11/26/2021
bf6adc4c-dd7c-4762-b954-cb55b8f29e34,50,s467,Tablet,4,10/16/2021
94cff859-2ccf-49ad-909d-a9c95c216c16,19,s187,Tablet,2,9/19/2021
6e2d0a38-e887-4fac-b810-305922abc85d,2,s241,Smartphone,1,10/9/2021
60dfda9e-9ad0-4d1c-9ea9-35840ddd786d,12,s69,Laptop,5,12/16/2021
af3cae8f-9036-4bb1-bfbd-36d8f948c767,69,s16,Tablet,2,9/17/2021
5775cb52-511e-4ea2-9104-76ec7e0135b0,73,s148,Tablet,3,11/26/2021
6a9c8c83-0c6d-4657-a515-765508b1947a,92,s287,Laptop,4,12/1/2021
6396ae7a-ad36-407a-9b41-e088575851b3,27,s84,Tablet,2,10/12/2021
ca3e5172-18cc-4824-bc04-4dd4174ca97d,75,s199,Smart TV,2,10/18/2021
1ccfac78-4c1d-49a3-b5a9-7f3828ea2eab,59,s441,Smartphone,2,10/20/2021
895f13da-b9b3-46df-93c3-888c37289fc1,33,s278,Tablet,1,12/27/2021
7ecf058f-c60c-473e-835c-0f042f5209c1,98,s340,Laptop,2,9/19/2021
342865fd-a19f-4c5f-b4fc-acde4177651f,88,s404,Smart TV,2,9/23/2021
45a48a69-b2de-4361-b009-7a7eddebdb3a,32,s109,Laptop,2,10/7/2021
aadbb5ed-96ea-43ae-90b1-f27a6cf2a8a4,84,s400,Smart TV,5,10/31/2021
41c1a4ff-a157-44ca-b915-83c42b5b7ddc,10,s250,Tablet,1,12/6/2021
6cdd4e06-fdc3-44ae-9137-e8f63df90748,87,s287,Tablet,3,11/8/2021
2dc81780-eaf7-48fa-9488-3a4a33643658,99,s380,Tablet,2,9/12/2021
221f551d-9158-4eb7-9456-b20a29d7b165,86,s20,Smart TV,5,9/21/2021
ba900c6f-0169-4bde-b9dc-22636bfd339e,78,s131,Smart TV,1,11/2/2021
38d7dadb-f1b4-4c9d-9dba-e7ed657ad33f,51,s243,Smart TV,1,12/28/2021
9ffb6664-b2b9-46af-8718-592fde739ce2,62,s442,Laptop,2,11/2/2021
8d2c0a83-20aa-47ba-bcba-321119ef5f64,69,s231,Tablet,2,12/7/2021
50acbed5-1875-41df-82fb-de1540a17a68,28,s241,Laptop,5,10/21/2021
e50a6e80-639b-4480-bfcf-eb534696fa2a,47,s274,Tablet,4,11/22/2021
5bb597ee-d76e-4aed-a895-f5efccd82b15,70,s240,Smart TV,4,10/20/2021
0f0fa757-08a7-42b9-b832-9f23c9527ccf,41,s378,Smartphone,2,11/1/2021
992df424-59f4-4a75-a9cd-36116d954fa9,89,s467,Laptop,4,10/19/2021
97522389-739f-4074-905e-5adbe5c3d8bd,45,s247,Tablet,4,11/14/2021
4bb49653-8ea7-456a-b3da-be0cdd0d0e78,29,s386,Smartphone,3,12/17/2021
c2bbe36c-de8b-4cdc-890f-096de22a88de,99,s69,Laptop,2,10/17/2021
6d5cf29f-823a-4c63-9739-9946eb979d1c,66,s215,Smart TV,5,11/12/2021
15abb7c8-c4f3-4530-823e-6e65dc2f5e6d,16,s381,Laptop,1,12/30/2021
9cfd1862-c101-4618-9654-27a40de0e175,32,s400,Laptop,1,12/28/2021
b58d1da3-9f3a-4bf6-8af7-a98b8a73db7c,54,s46,Smart TV,1,9/6/2021
9e158ec2-9f99-45b7-862a-abbc3010f7ad,48,s278,Smart TV,5,12/15/2021
f5a1099a-3282-4724-8c9a-e493ca047d18,75,s380,Tablet,5,12/4/2021
9b64b5bd-a683-4251-bf21-07ed6cce8958,3,s214,Smart TV,2,11/19/2021
a7649099-8d00-4447-be2e-63746c8af3a0,38,s296,Laptop,5,12/30/2021
872c0d20-f817-462c-b1cf-419780e955d0,68,s395,Tablet,5,9/22/2021
61126e9c-9dc4-4852-a406-ff39d127cbac,4,s427,Smartphone,3,12/21/2021
ba1e999d-6566-4b84-9e90-0559bc72ce7b,52,s401,Smart TV,1,10/6/2021
eb08df54-dccb-4f2d-a6e4-1f495414df04,19,s89,Smartphone,5,11/7/2021
68df39a5-3de1-41f9-9fb2-5101c0c5df67,96,s385,Laptop,5,9/21/2021
c9c298fa-94ff-4566-92cd-49414e4a31da,69,s301,Tablet,5,11/3/2021
36e4c46f-06ef-41d8-947d-0c768d93c56f,37,s431,Smartphone,5,11/7/2021
5237e740-3881-43f0-9fdd-229b08c1a9c4,99,s370,Smartphone,1,10/10/2021
7e3fd067-9965-4526-9627-b89d7a302047,3,s96,Smart TV,1,11/20/2021
807563e6-f3a7-424c-9102-4c3ace7922af,83,s249,Smartphone,2,10/27/2021
2bbb23e7-f76f-4c43-a96f-35ab80a9291f,78,s284,Smart TV,4,9/20/2021
24d11a5a-7968-4d24-8529-09cc451cc89d,42,s398,Tablet,1,12/3/2021
4b17a01d-9e3a-4ea5-96cd-db6ee0ea157f,82,s243,Smart TV,5,10/30/2021
c928b354-7a60-4716-bfbd-beb62a0ceb1c,94,s365,Laptop,2,11/14/2021
b425dfb2-5aec-4554-9515-9c2e0060ad1c,20,s405,Tablet,3,11/26/2021
f78186f1-904f-4e12-9d15-2b476f466581,89,s400,Smart TV,1,10/14/2021
6e044cbc-5f59-4b67-a00a-1b6775c8b92c,34,s10,Tablet,3,10/28/2021
66a31974-ceea-4c73-80de-00496c76674c,72,s10,Laptop,1,12/10/2021
f956ed54-bdab-4336-8390-913d738c450e,39,s225,Smart TV,5,10/8/2021
fbaea47c-977e-4401-8e66-15f108d9c33c,25,s239,Smart TV,5,10/24/2021
28d94e45-a9dc-45e1-a38a-ae5ea1fd51e9,78,s12,Smart TV,5,10/30/2021
3f232e81-147b-4549-840f-d17d13faedc3,51,s248,Smart TV,3,10/31/2021
a36e9512-c02a-464d-8e56-a4040a4c50f1,4,s395,Tablet,1,11/26/2021
29cea202-a4b9-4fe6-8324-26869e653c07,96,s102,Smart TV,1,9/26/2021
3670775b-cefa-4fbd-979d-98fc66a4d5fb,49,s2,Smart TV,4,10/28/2021
4b4204fc-1d3e-4258-9693-097997f0fa07,98,s14,Smart TV,4,12/3/2021
4f52efe3-9a89-4cda-ae39-cd55622e4879,84,s367,Smart TV,2,10/23/2021
68a9e29b-8752-4253-b54d-888b8de0cfc8,42,s386,Smartphone,3,9/6/2021
c599d433-9911-4022-b3e2-b2dae6420b15,87,s298,Smartphone,2,10/1/2021
8965e1e4-21d5-423c-a28b-e2e20135ecd4,55,s191,Laptop,2,11/30/2021
b074a7c2-d2d0-437e-ab88-127a1931925a,28,s367,Tablet,3,10/31/2021
59c8b9c8-88e3-4d0c-8667-ce8be098cc24,6,s367,Laptop,2,11/3/2021
3bb70615-d33b-4352-b431-03ed9c8b7c5c,63,s26,Tablet,2,9/21/2021
1ac8b444-e789-498c-afce-366eb64f3dd6,46,s255,Tablet,5,11/14/2021
4553a7a7-00c5-46d5-b931-3dcb0a8edadf,88,s382,Laptop,5,10/25/2021
7e14c188-1174-4417-8daa-a03425f5a913,76,s276,Smartphone,3,9/15/2021
a654cb76-fa63-4ab4-9938-477da26f5b88,59,s288,Laptop,5,9/24/2021
ed94e82a-ebc8-45b9-a29e-f4d303736e4a,29,s16,Tablet,5,11/10/2021
953961be-5f07-4126-a740-13a61d24ab79,29,s378,Tablet,3,12/6/2021
280302c1-f6df-4b3c-872b-9bd394a9ed41,40,s224,Smartphone,3,9/25/2021
8a45f165-944d-47c5-af0d-3e4e18ad7fbf,20,s427,Smart TV,2,12/19/2021
cc79862b-ab3f-46ba-9d77-b7b690ba5549,60,s40,Smart TV,5,9/17/2021
506cb397-4d78-43dd-95be-3778289f9fa9,14,s459,Smartphone,2,12/6/2021
98e7ae87-4791-4e61-b57a-f8ed743dd45f,85,s441,Tablet,1,11/23/2021
daf2f664-8f7b-4372-8a47-90f639c7be52,75,s249,Smartphone,1,9/13/2021
7b01f80f-459d-4263-b456-26d844601fe7,38,s280,Laptop,5,10/16/2021
d45948db-68d5-45aa-8ee7-88f6e8a1325b,87,s89,Smart TV,1,11/22/2021
a348a8b1-dbef-4677-a616-d78ac6d30ab7,83,s34,Smartphone,5,10/10/2021
25a4b114-96c7-4000-9383-bbe16bb48b96,18,s126,Smart TV,4,10/3/2021
064ee700-b9ad-483c-adff-539605028d8d,42,s7,Laptop,5,9/18/2021
94c5d533-cdc1-485c-9846-6ba7fb2f9f97,81,s11,Tablet,5,9/6/2021
084bcf88-beee-42f2-871c-e9abdaaa6aef,73,s14,Laptop,3,11/3/2021
65efb74d-01e8-4cf4-9ca2-5a5b60d9800b,75,s453,Smart TV,4,11/24/2021
0c463f33-1967-44e3-b4bb-8164148b54b2,11,s238,Laptop,1,9/22/2021
ce3b5468-fee9-4e70-a560-5f30366fff44,17,s4,Smart TV,3,11/25/2021
259717f7-d74c-4fea-a11f-17af2a60df80,17,s396,Tablet,3,12/17/2021
61823fbe-ada1-4576-8cb4-829cd3d25c89,53,s235,Smart TV,2,9/1/2021
1c19be69-4122-47cc-b8fc-75d798550c83,1,s277,Smartphone,1,11/11/2021
feb9d706-dd07-4454-8603-5888f74f7841,5,s401,Smart TV,5,9/28/2021
f909dff7-dad3-41d1-b35a-8984c34ff5e6,85,s80,Smartphone,1,11/26/2021
16cf536a-0a42-4411-89f7-d1935b376e07,49,s13,Tablet,4,9/27/2021
8ac7cb0f-09ca-480f-b33d-c0b658f7f716,68,s107,Laptop,4,10/4/2021
364d7ec7-e643-4967-a275-bb18a4be82f8,51,s6,Laptop,5,9/7/2021
ce7a3542-b00d-458c-a78f-17fddc4c96ca,1,s224,Tablet,5,12/21/2021
546e6843-cbf6-41da-9e91-ae0d45e3f8f2,92,s319,Smart TV,4,10/31/2021
ad0ef040-1f1c-4fa7-a2d8-4cc9f97ff291,80,s73,Laptop,4,11/19/2021
2f55d9e1-3057-4115-9ba3-3ad3483c3567,54,s84,Smart TV,4,9/13/2021
45bc79b4-89c9-4f13-a3e7-dd1654f2ffb5,60,s2,Laptop,1,10/8/2021
397b1be9-7204-4d0d-beff-5b9de6be9a01,15,s10,Laptop,3,9/16/2021
99333a34-7e07-45a8-82b3-aaa0c36e0eef,97,s4,Smart TV,5,11/22/2021
d5f619d1-0942-4b58-b5b3-ba710e23cdf8,92,s32,Smartphone,5,10/20/2021
dbbabf18-a02c-478c-8e16-a485af51b31e,82,s114,Laptop,3,12/23/2021
273a6658-e12a-4be2-80f8-794506c1d3f1,88,s401,Smartphone,3,11/26/2021
3f7846bb-50f1-4617-bc53-ace41066b2e2,96,s398,Tablet,1,11/7/2021
a7e79bc8-b3fb-490a-a615-44bb85f3e9ba,24,s464,Smart TV,2,12/5/2021
6361167d-2eaf-4dd8-98de-1ab2db6db248,72,s459,Smartphone,3,10/21/2021
80e0962b-cf77-4b4b-b9ff-6b1b4053fdd6,16,s220,Laptop,3,9/6/2021
20e73e08-6bb1-49f3-a8bf-e2026d689d42,78,s298,Tablet,5,11/19/2021
04ea7187-0878-474a-b194-1b872a5a20e0,6,s221,Smartphone,5,12/5/2021
62f39ead-d957-4ec3-831a-d491541a3a2b,66,s256,Tablet,5,11/29/2021
75f974d4-c003-4de9-8e0c-f772c41bd2cd,73,s103,Smart TV,2,9/26/2021
fa482990-9b57-46ce-95a4-4ae313056eca,79,s249,Smartphone,1,9/4/2021
2dd34219-1d5e-46d5-b320-a1b46ba07297,90,s395,Tablet,1,12/15/2021
b7657993-bc86-4cb6-8e61-0cb38b3155ad,42,s12,Smart TV,3,11/1/2021
f350f6c4-880c-4d23-8fe0-4c90c117f6f9,23,s397,Smartphone,2,9/11/2021
e1dd4a49-935f-48ab-9500-d947db7fe02a,5,s198,Laptop,4,12/9/2021
c86f1986-b40b-47ff-b5ae-44e87efa5833,75,s65,Laptop,4,11/6/2021
7746311b-f5e9-4c09-871c-0fce63963102,74,s31,Smart TV,3,12/19/2021
98ba379b-f617-474d-9b38-6b4a07844f5f,7,s433,Laptop,5,10/20/2021
a4e0f4d5-e541-4d33-ac94-40e9f79506e7,72,s395,Smart TV,4,11/20/2021
6e55cb5d-7c86-4aee-87cd-6b95dddea899,30,s432,Smart TV,2,11/25/2021
9b8bfac1-65da-4df6-971e-724b51ff5c1e,25,s404,Smart TV,1,11/11/2021
ccb9f59e-ca0f-4863-9605-8ccb9c0ee37a,92,s10,Laptop,2,12/4/2021
150b283e-e681-4821-ae4b-3c0196d935df,19,s275,Laptop,3,11/12/2021
f2368e42-dd6b-4e58-bae3-9c4d044f8241,55,s236,Smartphone,5,12/12/2021
f7bc382d-9280-450d-a300-1253f36f3714,58,s87,Smartphone,1,9/17/2021
8a134c06-2098-4a16-960b-db89e87463ab,97,s432,Smartphone,4,11/15/2021
9aafc956-d52d-4431-ac1a-e65cd02ca724,52,s69,Laptop,5,10/23/2021
d265a460-200e-4687-bf7e-59a04261d0d2,93,s72,Tablet,4,9/11/2021
dcbf378e-9094-4284-a64b-3db382d31084,35,s429,Laptop,4,10/4/2021
5f1dd414-4c64-42e9-9c3d-65c69409f123,29,s240,Laptop,3,12/19/2021
0af4ea9b-c9e5-46af-99cb-f9b3b2889eba,35,s240,Smartphone,4,9/5/2021
e3038d0a-be4d-45fe-abdd-738d24a09975,94,s378,Tablet,1,11/14/2021
da681197-c261-4602-8ed9-9c625dd830d1,34,s364,Tablet,4,10/8/2021
1a90d28d-4b7b-48ed-97ed-2c657e8fb331,33,s65,Laptop,2,9/17/2021
4b0707dc-1f38-4eaf-8950-88ccb7645876,26,s441,Smart TV,2,9/15/2021
36af7b52-1356-43c5-82f8-485bdab51aae,51,s383,Smartphone,3,11/6/2021
b23ed243-fe1d-4ae2-a608-061e47e893a8,42,s21,Laptop,5,11/16/2021
a36c42fa-54af-440d-a6dc-2bb94feb4082,51,s188,Smartphone,5,12/1/2021
0d363e5e-f200-461c-a24e-67c81c83c3cd,37,s394,Smart TV,3,11/4/2021
d57cdba6-7bd1-490d-83dc-749683e600d5,83,s37,Smartphone,1,12/17/2021
1966a0a9-09a1-458b-ae16-ac1433883aa3,1,s238,Smartphone,3,9/8/2021
ccd49424-c9c8-451c-88c6-1a1569c91d10,79,s50,Smart TV,1,11/4/2021
74f41514-8e7a-424f-9a40-562f20d2ef45,14,s274,Laptop,2,10/2/2021
36cbd7f2-e9d2-4451-9ea6-a47d3dff8a69,52,s234,Smart TV,2,12/15/2021
21f5873d-bfc3-48b0-b035-b6ce32b85d4c,37,s103,Smartphone,3,10/20/2021
987f6071-4cf4-4a8f-8b11-7c26b5ce1b74,28,s244,Tablet,3,12/30/2021
250d0f69-7150-42bf-892a-c2bf515fae50,39,s234,Smart TV,4,10/13/2021
7705387b-35c2-4d24-947d-a6ad0d3d4eb3,59,s98,Smart TV,3,10/12/2021
bfabd426-5b17-4d68-a3fb-aea5cfbab890,75,s376,Laptop,2,11/7/2021
a1536638-35a3-49f4-a342-cbb84b47b5f3,39,s232,Tablet,2,11/13/2021
6e78b911-5e0f-4730-946c-7aa36c52a799,11,s312,Smartphone,2,10/14/2021
00d48b93-94cf-4650-a20f-2f8b63233e69,65,s427,Smartphone,4,10/13/2021
f5eb4bc3-92fe-4195-b3eb-7e422b72b9e9,37,s377,Tablet,5,10/26/2021
31216c6a-6837-481a-bcff-8e3fc178d4df,42,s191,Smart TV,4,12/21/2021
6ac328f1-d83f-447b-992f-c78642f1c3ae,87,s277,Smartphone,2,9/21/2021
0dd9ec75-99cb-4251-bd4b-825f08bb9871,11,s214,Smart TV,4,9/23/2021
343ae576-03e8-4f3a-b381-790bda2ccc59,87,s98,Laptop,3,9/6/2021
859ac092-a39d-4e26-8f16-203d0f7375df,49,s3,Laptop,2,9/25/2021
e06228b7-2a7a-44c3-9190-45ddf075c933,24,s276,Smartphone,2,9/23/2021
ddc68065-77cd-4def-93d1-eb8b6927e9ea,76,s187,Smartphone,4,12/5/2021
6c2bb0f2-335d-4ab0-a531-9a6ef0ca6a3d,91,s383,Tablet,3,12/29/2021
b2f86b5a-2a3f-4dd7-bf13-a8b4edb33126,29,s236,Smartphone,5,10/22/2021
1d2a8dd4-eb2c-490b-bc38-b3eedefd2a0e,43,s383,Tablet,4,9/30/2021
fa064f81-fd48-4d83-9df4-0c62ddd58f50,67,s367,Tablet,5,12/4/2021
def59608-f7ae-47b3-8821-3f2a6d835419,32,s285,Laptop,3,11/25/2021
b0b4728f-f6dc-4d0c-8efb-ae1629e85d74,18,s454,Tablet,4,10/22/2021
5a976b75-c8bb-43c9-a656-b03b3556c51a,36,s432,Tablet,3,10/20/2021
7b7a8d04-e11c-47c2-a338-ba6d95d00884,48,s453,Smart TV,2,11/29/2021
94c0c947-9a2b-4977-beb3-268257f857ad,59,s262,Laptop,4,9/11/2021
9b1181b8-0fdb-45e9-98f4-febda61ec632,44,s398,Smartphone,1,12/14/2021
a8c953e4-f4e2-4a3f-ad49-b8f5a13bde26,22,s431,Laptop,5,9/6/2021
d5ac49a5-c4f8-4dee-8880-dbf03d2dcb38,99,s215,Smart TV,5,11/3/2021
0e31b610-47ab-4b0f-925e-97515646a9ef,1,s248,Smartphone,4,12/15/2021
7345b044-f0f7-49d2-be31-27efd90bb953,27,s82,Laptop,4,12/12/2021
c7079a3a-57ae-4b94-8b46-763ef6e7049e,57,s285,Laptop,2,9/23/2021
2d27f8ac-1da0-4878-975c-b62db301f512,77,s373,Smart TV,5,9/26/2021
7f5bb6c8-39b9-4910-8d2b-12cdb9bef48e,81,s222,Smart TV,4,10/25/2021
870b4719-507e-4631-8755-41f758d39bd4,29,s433,Smartphone,1,10/27/2021
b2ea9a65-0d16-488a-bb65-e124995e68f2,17,s253,Smart TV,4,12/24/2021
cf00cf89-8068-4328-8c05-fc1ce574f191,53,s364,Tablet,1,12/1/2021
ae5b59c3-55fc-4ed6-a828-6ee260c262dd,6,s364,Laptop,5,9/23/2021
d5d1d711-5b38-4965-8469-afbc7e5dedc9,83,s231,Laptop,5,12/27/2021
6e73c892-e27f-4f5c-aa6e-2a16edc3384c,3,s318,Laptop,3,11/16/2021
7427df67-816b-44d1-a38e-5ca56ae8dcb5,92,s96,Smartphone,2,9/13/2021
385fdb93-d484-4da6-8c71-b3d059e53315,26,s83,Tablet,4,11/5/2021
3f738fda-a285-446a-ab1d-f4f5929e3ea1,90,s458,Smart TV,1,12/28/2021
8d1c9890-3453-4b9c-9582-28724bd65c60,91,s281,Smartphone,2,9/30/2021
be2b77d5-2f75-4f13-b78a-d51c406ca082,85,s281,Smartphone,2,12/5/2021
49516ac3-6912-4e85-8f48-097a006b5476,23,s397,Smartphone,4,12/6/2021
0e92ab67-d46c-4fb2-8d93-946794de389d,79,s239,Laptop,1,11/2/2021
0adadd57-c21a-4eb1-82e1-0688cd88981e,62,s5,Laptop,1,11/10/2021
792c1cef-41ad-4bd6-8321-c272baadfbd2,20,s11,Laptop,1,9/6/2021
bbe4d5c7-b53e-4ca8-8432-51759a149aa2,1,s72,Smart TV,1,11/10/2021
9510e2f7-f2d2-479a-aaec-7ca1e48c6994,6,s20,Tablet,5,9/26/2021
c4e1da8b-35cf-43c5-9d0f-54f500bbec0a,49,s188,Tablet,3,10/8/2021
6bd3d243-b7c6-4b38-92db-a1c33d816ad2,56,s318,Smart TV,1,12/10/2021
22b8b0ae-d027-4fd7-8725-0f27433d1bc8,49,s460,Laptop,2,10/21/2021
8df79660-4202-464b-b8a0-fe8d4a3b19b0,73,s313,Smartphone,5,10/25/2021
6c0f8b3b-0923-4836-94a1-dc6b43ea23e6,16,s41,Smartphone,2,11/23/2021
fd5164b4-678e-45a4-b819-fc0901fc2066,52,s321,Smart TV,4,10/29/2021
4fb1bbe5-a87b-465b-b216-ef50d4ffb61f,21,s5,Smart TV,3,12/12/2021
a36d3053-265f-4b95-9b38-eade0d0b94ff,8,s263,Laptop,2,11/3/2021
57ca3d67-dc40-42cf-b88c-e42453460c26,19,s191,Laptop,3,9/5/2021
34f32d88-3879-4472-9028-f4da6a6f904c,65,s362,Tablet,2,11/26/2021
e8493859-01d6-47bc-9f59-51a0424a830c,94,s284,Tablet,4,10/21/2021
9770b323-b283-4ac9-9691-38460aaca65a,99,s273,Laptop,3,10/8/2021
53006b45-1236-40e7-ad14-aed17c23b338,89,s388,Smartphone,5,9/6/2021
59a3cfab-345c-40b5-870b-4a57a0a78dcb,69,s378,Smartphone,2,11/1/2021
62e2bc93-6478-4d02-a4d2-da09f6a389c6,67,s71,Smartphone,5,9/3/2021
22d85df3-aeda-4258-b812-880d3700d2f3,84,s440,Laptop,1,9/5/2021
b71dd092-8765-427e-b2ae-680d087706fe,45,s376,Smart TV,3,11/20/2021
8c99750f-4de0-4e97-8748-2676d07ab8db,76,s364,Smartphone,1,12/21/2021
315a894f-450e-4e74-97de-25a4f571b4e3,59,s388,Laptop,5,9/26/2021
6c480e3c-51e9-4626-aec8-0e52d521045c,19,s310,Tablet,3,12/14/2021
8f635987-1dff-4954-91a4-7bca129559d1,61,s365,Laptop,2,9/25/2021
90862fc0-1692-4084-beb0-4e99c21cd00b,10,s36,Smart TV,3,9/12/2021
d110bfef-5862-4cb1-a861-e6c344fa3042,8,s234,Smart TV,5,12/29/2021
69ea7416-8f91-4d7a-bac5-9a0cdd20b416,52,s46,Laptop,5,10/2/2021
5821feaa-0dc1-4013-b8f3-2d6e147c7799,98,s75,Smartphone,5,11/10/2021
c8ca78d2-89b8-4e78-b0ef-39e3d7dfa24e,30,s226,Smart TV,5,12/20/2021
5c63245a-d203-4a88-85d3-691911778f7a,72,s65,Laptop,4,9/9/2021
21a64326-31b5-4f6a-a805-a9042ff09736,9,s438,Smart TV,1,11/29/2021
1f265ea0-3f6b-4ab7-8b24-e213657dfce7,56,s432,Laptop,5,10/5/2021
a121dd1d-800e-4329-9c91-7025510e1f11,96,s111,Laptop,2,10/17/2021
48bffd0f-7416-41d1-b3c1-eb3214ef24bd,20,s66,Smart TV,3,12/25/2021
2beb572d-2e57-4ad8-90c1-2d03b7c3feaf,92,s340,Smartphone,1,12/16/2021
6fa8cb1d-dca3-4a8f-a95a-9710c010d76f,91,s263,Tablet,4,9/23/2021
cdec3da3-5490-488c-8050-d14c8964651d,38,s100,Tablet,4,10/9/2021
f23475bf-7bc2-4e10-8cbc-2219a7e4dbd2,30,s36,Tablet,4,11/13/2021
3f1fd2e5-5bb3-4476-b5f9-5e0d10bc9aa7,36,s287,Laptop,2,10/1/2021
7a4ee828-5c46-40db-8d47-b59512da66c7,95,s453,Smart TV,2,11/19/2021
505df374-54a7-4fb4-82a1-191ddcd6c5f4,84,s385,Laptop,3,10/9/2021
5c45d865-5ff7-4394-8ba2-96932eee7835,83,s9,Tablet,4,10/1/2021
b3e5405b-015a-43b4-9e70-196787539dfd,24,s464,Smartphone,5,9/26/2021
c25f8fa1-b282-44e4-92fb-981c0f1859ea,82,s214,Smart TV,2,12/21/2021
1c66e515-ef08-441a-a3f2-a35e341d7334,58,s86,Smart TV,1,9/29/2021
b5e32217-4d7c-4dd7-8101-9994689fb798,46,s7,Smartphone,2,9/7/2021
b4df553d-4d6e-4cf6-8e67-693a71b531f0,88,s148,Smartphone,5,9/8/2021
9215611f-a941-49da-9d1a-1c673c630fe9,88,s65,Tablet,5,9/18/2021
1473424b-80c0-48b6-aca4-a617f38d559d,54,s5,Laptop,5,12/2/2021
8fb7e52e-56b6-42b1-bc22-87c9fa34b86a,3,s227,Laptop,3,11/2/2021
96d11698-34f5-4abe-89bc-817a8a8e7399,69,s219,Tablet,4,10/1/2021
18266653-a2b7-4d43-aa03-0f2c0bfebd69,8,s235,Laptop,1,9/16/2021
0116d48d-aeda-4712-9d49-d97571576a95,35,s294,Smartphone,4,11/14/2021
5d5d64a3-bb15-4231-8c12-575e2674e676,59,s296,Smartphone,3,10/2/2021
2e6e02f4-6966-4ede-841e-8095b2489c64,38,s263,Tablet,2,12/18/2021
d3852a6e-be0e-46a6-a95d-62c71336d982,94,s441,Smartphone,4,12/7/2021
ceb7efa0-096e-48ef-8b30-a0d2fe387225,39,s46,Smartphone,1,9/24/2021
7c9f92f8-db41-42d2-a6f6-51ce6ab7bcfa,99,s247,Smart TV,3,10/27/2021
80d30c91-e551-4c78-881f-8b5d26404982,9,s383,Smart TV,5,9/3/2021
68b04547-02cc-495f-8e28-ce680129227f,88,s220,Smart TV,3,12/1/2021
4a9e9e92-7ed3-420e-bc13-9d31ef70c951,85,s65,Laptop,4,12/17/2021
078094c1-b9c1-43e2-92c6-1946a1654c35,84,s255,Laptop,1,10/29/2021
d708b671-60e2-4d91-a076-6be65ad7b7df,97,s378,Laptop,2,11/2/2021
10125fd4-178a-44c8-b9e3-2b144d17842a,17,s246,Laptop,4,9/11/2021
a0b77347-7ece-4869-992b-b413a69b8590,10,s31,Smartphone,3,10/25/2021
9debcf52-bf99-4e49-946b-87226dcee504,11,s214,Smart TV,4,9/28/2021
5029984b-f367-491b-b2d6-f1544848cd3c,89,s112,Tablet,2,11/26/2021
cff47730-e8ba-42b9-a091-d78cc0a7f59e,8,s321,Laptop,1,10/19/2021
92572c3f-0525-4fd3-8479-c32fb11a9c93,55,s386,Smartphone,3,9/27/2021
28b1658c-88b8-45f5-87d0-5fe9e8a04005,30,s377,Smart TV,4,11/6/2021
df241bb7-3402-4472-9558-ec95732ee5e2,66,s32,Tablet,5,10/7/2021
d43f1a2a-6201-472d-b980-d04569ed3daa,84,s237,Laptop,5,10/22/2021
63d138a0-f2d1-4d7b-a42c-1d9223fbb2e8,79,s298,Tablet,1,9/1/2021
be3ee511-3e78-4804-9f24-92702711ba16,26,s305,Smartphone,5,12/27/2021
a18a7e28-a6a2-4eab-b0de-938c1c730b9e,7,s398,Smartphone,3,10/17/2021
608039b8-aeed-432c-a32e-f734af5247b1,21,s287,Tablet,1,11/1/2021
76d6073f-9d88-4f49-b4c2-1870bb358dc8,51,s255,Smart TV,3,9/6/2021
6c3a8663-0d08-4976-a2d5-99032fa97638,99,s7,Tablet,4,10/18/2021
cdd98a82-4344-4d28-854f-c9b48e2785e4,23,s114,Smart TV,5,9/20/2021
23935f13-cbb5-4d98-90d5-c5c3a4d6d6e1,47,s4,Smartphone,5,9/9/2021
a2445350-ee4f-4195-8a46-1a008aa1250b,86,s14,Smartphone,4,9/19/2021
cda36ce6-277a-4b87-8e93-af0e95484f50,70,s310,Laptop,2,11/3/2021
15e7c105-285c-4431-9584-347c3c084d7e,57,s10,Laptop,4,11/3/2021
05219326-327c-472e-9945-7ab1cbbddddc,50,s82,Smart TV,3,9/17/2021
3b441169-215d-45a7-90aa-0d74194bb16f,35,s10,Smart TV,4,11/29/2021
90726438-c4ba-44a3-bba1-49f4a4d19922,12,s26,Smartphone,4,11/5/2021
5d016e9c-ddb6-47d4-ba10-5b36a59ec9f4,78,s102,Laptop,2,10/2/2021
a80cb15c-5d58-4f44-b58f-9351e5a17cc7,71,s312,Tablet,4,9/9/2021
8a239b8f-96d5-49df-a4cc-eed321a3850c,89,s300,Smart TV,5,12/25/2021
4181186b-e1cb-4a7f-85e3-782eb1734e85,67,s232,Smartphone,2,12/5/2021
d730499c-d707-4578-a553-e8779fbb764b,56,s276,Tablet,1,11/28/2021
c0869bff-4021-45f9-8622-daa1abbeb671,58,s34,Tablet,5,12/16/2021
159301be-b12a-4a27-899d-ec13ce386129,12,s19,Laptop,5,12/8/2021
1429496c-4b0b-4f57-a0ca-7c4895abe1d9,89,s397,Laptop,1,10/2/2021
28ba02f9-a917-46a9-9e3c-4876c10025da,66,s389,Smart TV,1,9/19/2021
f3d2547e-9f4b-4c24-889d-e109de9dc97d,62,s248,Smartphone,5,9/11/2021
3bc10f5a-c0e0-44cb-8462-a7791003ae0e,83,s99,Smart TV,2,10/28/2021
c8424ccc-baa1-4ba4-bb98-8d8e66682e60,43,s466,Smartphone,5,10/15/2021
3aaa6961-6b6e-46e3-9a21-979f59c3e70f,2,s374,Tablet,5,12/20/2021
e49c8065-ffaa-4959-a4cb-ed81717a9b27,47,s187,Tablet,2,11/21/2021
ad532fde-9c55-4efc-869f-3fde2db3c4c5,63,s440,Laptop,5,12/15/2021
d60d26e2-627e-464f-8461-12450a3cba2d,32,s131,Tablet,5,9/10/2021
5d3a620e-93f7-453a-bfda-d4a0ef4a2687,85,s273,Laptop,3,11/12/2021
c2b3601d-3e16-42d9-b69f-94921f04ca30,34,s81,Smartphone,5,11/7/2021
8f21dcc5-3df7-47ee-adef-3dd0791fb340,8,s11,Laptop,2,11/10/2021
d7fea856-c7ee-4de3-bc80-2dc2948c6b45,31,s92,Smartphone,2,9/29/2021
d98523d0-59e6-476a-bbda-89aff571509b,27,s396,Laptop,4,11/19/2021
7e04036f-3cde-4fdf-97ac-0ab1cca9e863,11,s87,Tablet,3,11/6/2021
b0faea4e-03e0-4a63-b919-da77061bad28,44,s277,Laptop,4,11/1/2021
d3c5c3ff-65bf-4f0a-b0c6-1a8678e207ec,68,s438,Laptop,5,12/19/2021
9c30199e-9263-4876-8b52-324cf157f173,33,s94,Laptop,2,12/19/2021
0ab27d07-cf8e-4ff6-bce0-91f61249d1c2,54,s10,Smartphone,3,11/30/2021
ed1ec50c-1bb0-40d5-8c32-c2d6bacb40cd,77,s3,Laptop,4,10/4/2021
1ecdad29-56ad-4d91-97b2-ebf47948c39f,1,s237,Laptop,3,9/11/2021
d123c167-0de3-461b-abc5-e7cde66de93b,99,s4,Tablet,3,10/4/2021
56ecb16a-10e7-4942-b2db-b4ee43e958a8,16,s263,Smart TV,2,10/10/2021
6534a579-670a-4945-9bc2-9351cff8aa95,25,s100,Tablet,4,12/5/2021
a95bfa97-dcdf-42da-9808-63c1152ce59c,31,s281,Laptop,2,10/17/2021
d565e0f4-0b1e-4f64-82c7-a8ac6ad16945,74,s133,Tablet,5,11/26/2021
e58ec117-b38e-468c-8fa1-2ab5bc8f2ef1,30,s98,Smart TV,5,11/27/2021
c94e847f-2528-414f-962a-035ef2f938be,9,s287,Smartphone,1,10/13/2021
cfe5a616-2e0c-4af0-a939-b7e1422b8bad,89,s248,Tablet,2,12/21/2021
f4222c0c-404d-44e4-bd04-41bd3bad983c,74,s34,Laptop,2,11/21/2021
6e2f8389-297e-4062-b2b0-ef6b7bd5ff20,50,s188,Tablet,5,12/27/2021
12f37331-9f14-489e-8602-d49c8e22d2b7,16,s399,Smart TV,4,11/30/2021
e6b259d6-2f1d-44ac-839b-37c984f78287,84,s438,Laptop,2,9/13/2021
a33d5270-0e3e-4947-a475-a3d099006a5b,40,s288,Laptop,5,12/12/2021
86d20df8-d135-47c4-afaa-1c2ab09e6a35,95,s11,Smart TV,1,9/21/2021
da074431-f2b8-4541-9784-f68e12eb572c,56,s126,Laptop,5,10/16/2021
29ef54c3-099a-46f6-938d-4cd0bed43dc1,12,s377,Smart TV,1,10/5/2021
64a0cca8-bf88-4239-98fe-e941e0307769,11,s298,Smartphone,2,9/18/2021
c71991d4-74ef-4440-b21f-8d66b74f3e6b,26,s72,Tablet,4,9/20/2021
7b2dd59f-d964-4e51-b16c-407cc660125d,92,s26,Laptop,3,11/17/2021
2b9de0ef-172f-4ba7-9422-3c1baf24527d,62,s244,Laptop,4,10/1/2021
cabfafbe-688f-440e-940e-21c4f79dcf47,45,s340,Tablet,3,11/2/2021
607e0926-5a49-4866-b059-e513152aa532,17,s50,Tablet,1,11/2/2021
c33d2cfe-49ef-41d6-8233-9fd03d3199c1,78,s376,Tablet,3,10/18/2021
73fd2e00-87b8-4757-a45e-731ea03f1931,52,s231,Smart TV,2,9/22/2021
a6ed5d34-34e3-49d4-b9fd-1847d647ea57,28,s231,Smart TV,3,12/20/2021
05284c58-30b8-4262-aba6-71df97b3cb61,9,s454,Smart TV,3,9/25/2021
c3ef6b06-6da9-49b2-9955-a081f11cc35d,98,s32,Smart TV,1,10/13/2021
d26fbb31-f9f2-41aa-8bdf-920529e26b8a,87,s73,Smart TV,1,10/1/2021
3e9cbfa6-c87c-4d1e-8923-d3cd7ce15dea,36,s94,Smartphone,4,12/1/2021
8e202015-741d-4d5c-9166-308e0a9ff88c,57,s93,Tablet,5,12/9/2021
5399243d-8993-432c-8dc2-36372e30ea0c,12,s15,Smartphone,3,9/30/2021
b962d93b-0a42-4bdf-8c31-be16137e5e24,64,s232,Tablet,1,12/18/2021
e3ed7496-0915-4b97-8e57-7eabb991df25,69,s437,Smartphone,2,10/29/2021
c74d43e2-3d65-4d62-9807-a40614cb8211,3,s215,Laptop,1,11/4/2021
12a1d0d1-4364-4b95-aa97-d175abe71588,99,s400,Tablet,5,9/10/2021
4c07a9ea-4255-41f6-a4ce-7bbf8abc8e7b,36,s466,Smartphone,4,12/4/2021
65aeaa33-4dc9-4ca9-a6ad-eca085d29f59,26,s40,Smart TV,3,11/14/2021
b75d67d6-2358-49fb-a05d-7db7f95abcfc,97,s75,Smartphone,2,12/22/2021
7d245c7d-6e02-4c82-a526-5c63a2e16002,21,s377,Laptop,5,9/16/2021
049495a9-f5dc-4364-97d1-ce37ba31b06a,19,s6,Smart TV,5,12/3/2021
043a65ea-b620-47ed-a2cf-72d0b2b761b9,94,s221,Smartphone,4,11/1/2021
061fc9ef-5701-44c8-984a-2a4364981cc0,88,s75,Laptop,4,9/30/2021
dcfc0aad-7255-4bff-a4ca-7c7a7e58d6ef,33,s66,Tablet,1,12/23/2021
3c84f80e-b430-4408-8023-2e8d8dd8be8c,70,s16,Tablet,1,12/29/2021
1b55fab7-f9d6-4e97-8704-10dcb6ff4071,11,s367,Laptop,3,11/10/2021
64cc3eae-45ea-4744-ba1d-c215b749e64c,30,s370,Smart TV,1,10/14/2021
3e5db323-9fc1-40ac-b048-494592a724b2,73,s377,Tablet,2,11/10/2021
87281c92-2a2d-4917-a371-42c4f34cc77d,41,s249,Tablet,5,10/22/2021
e063c983-57da-41f3-a1ba-ff01f1a055f2,51,s215,Laptop,4,11/30/2021
3cb42259-0194-44db-b970-02bcf3326b65,49,s186,Laptop,2,10/25/2021
0fa0a7f8-f730-434a-9f45-d575cd072d00,44,s445,Tablet,1,12/28/2021
389d0b12-b196-4494-8b00-f7465a811f34,17,s300,Tablet,4,9/5/2021
80b11e21-8b83-4a3f-8e08-a125d6254e48,38,s21,Smartphone,3,11/27/2021
0ff73e42-086d-4097-81f5-de55092347f8,34,s6,Tablet,4,12/14/2021
6157a7ec-8d7e-4048-84c1-16a0525e59a3,8,s305,Smart TV,1,12/26/2021
43a0ad7f-9e88-4a17-866b-44499c39caa5,4,s2,Laptop,4,10/18/2021
ca8eaec5-d39e-4eb5-b2c3-0c722fa42a9e,77,s21,Laptop,2,11/26/2021
2efaa86c-94df-4ad7-86b2-a7791abf373b,57,s81,Smart TV,2,9/10/2021
f67439aa-dd54-42e9-b498-6901aa41e580,58,s224,Smartphone,1,9/6/2021
e6705082-9d30-49ff-87f8-460bd2bf5239,95,s214,Smart TV,4,11/15/2021
cfc958d1-dfab-4e73-83bf-26ee1c7a32c5,43,s250,Tablet,4,12/11/2021
591a21bf-964b-4e96-be36-9d85f8a8b359,59,s83,Tablet,3,9/4/2021
0f1f5354-fcbc-40c2-8428-3e0aecfe2590,59,s313,Tablet,5,11/13/2021
363cea1f-16ee-4589-9d8a-6fcad60a4954,35,s364,Tablet,3,12/7/2021
edbec50d-7f14-4a0d-b540-23e38f4a30ef,17,s247,Laptop,4,10/30/2021
53580676-5f0a-4aee-aed6-614d1f5dfe8c,60,s56,Laptop,4,10/26/2021
ec9d2c90-355f-46d2-8f9a-cff64878f476,40,s397,Laptop,3,12/14/2021
18cb3223-fac4-404e-a290-8577ecf6d28b,91,s199,Smart TV,4,9/16/2021
c9282dca-650c-438c-9175-15254f238aab,64,s98,Tablet,4,9/30/2021
09ccae4a-2ed1-4470-8ad6-2357ab589a4d,73,s5,Tablet,3,11/9/2021
f25e7b47-25bd-46e9-9408-f2f2415b6d7b,44,s21,Tablet,4,9/14/2021
4fd77a28-04db-4458-a10e-ca7d360e3276,60,s4,Smartphone,2,12/27/2021
1ec58f1b-8cc0-44e0-8259-09db79294024,2,s100,Tablet,3,10/29/2021
1b57115b-953b-4c4a-a3bb-773c989fa9be,63,s464,Smart TV,1,12/29/2021
2cbfc2b9-28dd-4811-bd9f-cf60bfae088d,50,s73,Smartphone,4,9/17/2021
8106f938-edb7-423b-ac74-026a9a9e3fa9,8,s460,Laptop,1,9/5/2021
f1374074-a24a-4385-a856-55cd5eac19e7,39,s274,Tablet,2,10/15/2021
004d1440-6d30-451f-944b-48cb34e57337,21,s398,Tablet,2,9/8/2021
b22e830b-7261-439e-8b65-ef64988654aa,88,s187,Laptop,1,9/25/2021
875780fd-3e51-4055-a0a5-62e701bedc37,45,s31,Smart TV,1,12/20/2021
6dc5cda5-b681-4bbb-9cbc-6e44736510e1,3,s187,Smartphone,1,11/23/2021
bfc4556f-22e9-4e51-826a-0a4321ab2778,16,s311,Smart TV,2,11/4/2021
8b5dd9a8-790f-4b26-9e66-4f20666dbbc0,96,s381,Smart TV,3,9/13/2021
abfc6c46-c13d-40df-a385-a95760e5f0b0,94,s291,Smart TV,4,9/13/2021
b632258e-0707-4343-b5c1-4ebc9a3641af,33,s370,Smart TV,5,10/21/2021
2b776772-c6cc-444d-ba1b-ff45e2455aa4,57,s20,Laptop,5,10/18/2021
48cfafea-82b5-4717-87dd-777dd0f93054,33,s215,Tablet,1,9/15/2021
d3efe97b-9a27-4b83-a985-291bdf9dd2d1,40,s188,Tablet,5,12/3/2021
0cb0ac6c-532b-4bbf-a7cb-b6d2985f7626,11,s65,Smart TV,3,11/3/2021
44752c79-2136-4715-a6f0-c230ccdced3b,70,s310,Tablet,5,10/23/2021
061312d4-9488-4310-8494-db6e21bef4e0,43,s148,Tablet,5,10/12/2021
1d70d278-8164-4153-b33c-7d5e8e32ea40,93,s429,Laptop,3,11/27/2021
c1c77f0d-8ee9-4c1e-a193-f8f2d04300c1,63,s275,Smart TV,5,10/7/2021
12152ab5-ec49-4fc2-aaec-d8ba3172d5eb,86,s50,Smartphone,1,12/4/2021
97de0257-29fe-46dc-9a3a-ee65b658874b,15,s310,Tablet,1,12/29/2021
af66e9b9-4a3b-49d3-ae28-e816f8aebed2,33,s443,Smart TV,3,10/3/2021
202e3c4d-61f5-4e43-a1a5-c8b0520373ff,11,s5,Laptop,2,11/26/2021
ac2ad3b4-301f-4010-a2fe-21fa0f6d343c,63,s381,Tablet,4,10/20/2021
03ba21e3-2ce7-4b37-9637-b289307ef105,95,s21,Smartphone,1,10/19/2021
d7857df0-cd76-4aee-a935-38ede44b1f7f,45,s199,Laptop,4,9/29/2021
d7329d8a-28f4-4c56-98aa-250172ac57f9,14,s84,Laptop,3,12/6/2021
9a77ab1d-2622-4529-812c-36ae6f050ff3,58,s441,Smartphone,2,10/24/2021
7ab8e3be-80af-42e6-9c27-f7cf5d083457,47,s380,Laptop,1,10/5/2021
36c2d994-5e49-4b75-86f5-3e1df32ae18b,46,s276,Tablet,1,12/26/2021
55b20424-bc45-4f15-877c-ea8f15516b1f,53,s65,Smart TV,1,10/28/2021
444470ef-ce0a-484c-9e31-b8ccc223ab0e,96,s437,Smart TV,1,10/14/2021
9ae53ffa-ce3c-4abe-865b-b8010ba238ff,2,s318,Laptop,5,9/21/2021
e88c60d5-ccc9-4ad4-8393-fa2735f16f44,52,s437,Smartphone,5,11/28/2021
ec7fbdf6-2d32-486a-8f1e-ba84b0c6c2ea,22,s248,Laptop,5,11/15/2021
702e0013-a857-42c0-b045-e0ee49a48982,73,s72,Smartphone,1,10/20/2021
3e6b0260-b77d-4814-bb5a-d7a481abbba9,42,s19,Laptop,3,9/14/2021
a156508f-3a70-4178-a4af-8cc68eddeafb,65,s362,Smartphone,5,12/3/2021
b5d6b3fe-c79d-441f-97dd-26a6b4743046,98,s98,Smartphone,4,12/27/2021
4c4c3392-5c17-498c-a2bf-aab8a589c9c7,30,s367,Tablet,2,11/18/2021
db2c5d2f-feed-412c-ac78-b6c7e3235d09,4,s26,Tablet,3,11/8/2021
516770b4-410a-43ea-82d7-e71475aedb2e,94,s280,Laptop,1,12/2/2021
cab05dc4-6336-4346-ab17-8babaadeb83d,43,s296,Tablet,1,10/28/2021
1f1bbe51-5c21-4057-a3b3-c12a0899e136,52,s84,Laptop,1,10/27/2021
be77ce4f-c085-454b-94fe-e8068bf70f43,6,s4,Laptop,3,12/7/2021
a6ce3699-bb22-4073-bc9d-0682ace29445,69,s397,Smart TV,3,12/19/2021
f7a1666a-b4b8-45cf-8669-ea1533bda9bb,11,s403,Smartphone,2,11/18/2021
a0fc4dc4-e49f-4045-bc8d-baa4b3b403c5,25,s100,Smartphone,1,12/10/2021
3a3714d0-2752-420b-9213-4b4b198bf2f9,9,s83,Laptop,2,10/8/2021
db9a1508-b5fa-4c9b-b427-0ca5aeb810ff,24,s445,Tablet,4,10/9/2021
3ab8ec57-5fc3-43a5-9fcb-ea0506c992b0,99,s460,Tablet,2,10/30/2021
f488389e-de5e-44bc-be1f-afb6606b6300,56,s279,Laptop,1,12/28/2021
ec0dae81-8e2c-4dcb-aefa-a40bebd703c3,70,s99,Laptop,2,9/20/2021
9bcc1944-0904-46ef-bb68-baac98c974ae,16,s109,Laptop,1,11/26/2021
3ea3c792-48cb-4bb2-996f-b1e525828349,17,s21,Tablet,3,9/23/2021
86ea4b03-c29c-4cb0-a2e7-2f97bd1d96d2,52,s81,Smartphone,3,9/15/2021
22134212-a4ff-4318-b390-be9bd5fde88c,16,s71,Tablet,2,12/15/2021
d4ca1c59-6b38-4ecf-9828-fbaf951cf8cc,47,s438,Smart TV,3,10/26/2021
e6126e35-fed8-4150-8b50-8d6ce887288c,72,s239,Smart TV,5,12/3/2021
1ea38f61-bc18-490f-ba8b-eed7d1c895dd,29,s227,Smartphone,1,11/29/2021
c08c6293-0497-4eda-ba26-498aa7a6bbb2,63,s467,Smart TV,1,9/8/2021
af8127a4-e64d-4c08-9118-4df1cc35be73,73,s301,Laptop,1,10/31/2021
12b8605c-8439-4b1c-98d1-d2131cf6d742,42,s370,Tablet,4,10/30/2021
937db638-2d12-4115-9a86-94331703452d,25,s441,Smart TV,2,10/22/2021
4859a529-26c6-49c9-904c-fe7b9a3b5547,49,s280,Smart TV,4,11/5/2021
4595802f-eac9-4951-91d4-a64a60d81868,72,s71,Smartphone,2,11/16/2021
23c20110-50ce-4429-a381-911d66b7f71a,41,s219,Smartphone,4,9/22/2021
7940dc33-b511-4713-ab0e-ddbdc09dddf7,22,s291,Smart TV,3,10/17/2021
57c7bd62-4e40-43e2-956f-5daadf4bfd1f,1,s131,Smartphone,3,11/9/2021
f08f6659-0879-4e8b-91bf-a19631212fbc,96,s263,Tablet,3,12/15/2021
ecb22a7f-8aff-42b3-b393-35c619762432,92,s378,Tablet,3,12/12/2021
7c93b978-3cc3-45b4-b59f-11d8f0f62eab,12,s21,Smart TV,1,9/22/2021
0242f049-cc6a-4f66-aa56-ab35bf8a97c0,19,s442,Laptop,4,10/2/2021
65c12c25-b7af-4b3d-964b-01f88ba75ff8,81,s274,Laptop,4,10/25/2021
d95dbaba-db5e-40a5-8730-8028595831fe,64,s292,Smartphone,2,10/27/2021
89d7b886-9998-49f7-b901-05b468ff6909,31,s318,Tablet,3,12/20/2021
ad30c66b-e811-4534-9540-2bacf1f65c87,46,s382,Tablet,5,10/22/2021
7bcaa5a0-75bd-47a1-8f34-b650573a483b,26,s397,Smartphone,1,11/19/2021
1fb5a076-9786-4cb6-9faf-3af744091ea4,59,s280,Smart TV,2,12/3/2021
272ee7b5-972a-438d-86c1-0995f3dae4cb,76,s247,Smartphone,5,10/21/2021
7ef0c0c2-948f-4348-ab7a-7b760468a6a5,21,s4,Laptop,5,10/30/2021
931ef324-c4af-48c4-a0c9-f9a85a2afd43,35,s86,Smartphone,2,12/3/2021
81c94e7e-dd70-4923-b128-425056f6f3e2,80,s371,Smart TV,4,10/21/2021
e69ba5d4-801b-4382-8320-adb04c5b0701,74,s185,Smart TV,1,10/7/2021
fee33d06-7b14-4e32-ba49-18185325de95,88,s221,Laptop,2,12/6/2021
01a8684e-4c79-43aa-87c6-d4c87f3e3d99,2,s234,Smartphone,1,11/27/2021
312c81d5-c717-44ab-b3df-34c37b1f201a,60,s243,Smart TV,4,10/21/2021
7817bd89-b89f-459b-8d40-86cc40a0f3f6,54,s284,Smartphone,3,11/7/2021
27f2b91f-3625-4510-9b69-525953d04c47,24,s394,Smartphone,4,12/28/2021
efdbf127-2268-4a6b-be09-161df21a7edb,20,s92,Smart TV,5,11/27/2021
edb6b61a-b5d7-49e4-b638-cb4f432e578b,47,s399,Smart TV,3,11/21/2021
1fd97a8b-ad7c-4a07-9fd5-00dc180c37e8,13,s222,Laptop,1,10/26/2021
ed762445-8d08-4384-90c2-0bdd9aef93ae,97,s241,Smart TV,5,10/20/2021
cefe8349-2bd9-4625-af7a-22a4ae391304,50,s14,Tablet,4,11/7/2021
69856732-473b-424c-8fd1-b6d407c1d642,12,s94,Laptop,3,12/12/2021
a677a5a3-f9e3-4df9-bc51-a5cca46cffad,37,s274,Tablet,2,10/11/2021
3ac8168e-f534-4082-813b-eee2d5f0887d,16,s65,Smartphone,3,11/29/2021
f141fdcd-007e-4f73-9ad9-57ddbefd0fec,45,s198,Tablet,4,11/29/2021
4f0e0c6f-c11f-483a-84d4-c1929860e641,91,s437,Smartphone,5,9/9/2021
b756a293-7bff-4513-bd1a-ce3571d22104,86,s279,Tablet,1,12/1/2021
25892086-ddfd-41be-9b9c-b16f1fa7d11f,86,s87,Smart TV,5,9/30/2021
da453632-852d-4c9d-9681-42bec4d14adf,98,s235,Laptop,1,9/8/2021
03905a83-d22e-42ba-89ee-08f93800331c,67,s32,Laptop,4,12/25/2021
a7fd2ef8-7843-44af-a6b3-4a147779c868,88,s402,Tablet,5,11/1/2021
50e4ad4e-5658-4a76-ae20-dfb44fe9f045,20,s13,Smartphone,3,11/12/2021
00d840f5-2134-4f8c-8bee-6da7b0b0c0df,52,s319,Laptop,4,9/18/2021
b027172b-e5d0-4b54-9e00-ea59b612486b,46,s458,Smartphone,5,11/23/2021
976166fa-42e5-44bc-af22-74fc37f6dc90,34,s389,Smart TV,2,12/11/2021
411727bc-697f-4068-ac59-20c38cf45a3d,96,s244,Laptop,1,9/2/2021
ea52c7d2-ba7c-4e80-b24e-9546a1913b9c,46,s222,Smartphone,3,10/29/2021
39694d75-bb98-4b38-bf19-4284c711ad99,43,s318,Smartphone,3,9/1/2021
d29859f0-643b-40ee-b2f2-0a6bc8e81358,23,s292,Smartphone,3,12/15/2021
92d66e41-8819-497a-a756-8444e1ad267b,31,s466,Smartphone,4,10/16/2021
5e2eb7fc-67e7-42d5-b660-49bf44e522e8,98,s81,Smartphone,1,10/5/2021
b66aa92e-4d17-4123-a1b3-dac4056eea67,97,s319,Laptop,4,10/8/2021
0031ca04-1867-4d56-a881-f237e5a8c477,92,s383,Smart TV,3,12/9/2021
e4a91ecb-95e1-4aea-88be-347bba28ff52,53,s199,Smart TV,4,11/23/2021
4c33d40e-91c8-445d-a9fa-79ebb0443bb6,46,s374,Smartphone,2,11/22/2021
2f1fdb92-9540-4ce9-bda8-89d52152ed1a,21,s242,Smart TV,4,12/24/2021
b751d99d-ab8e-4ac4-ab3f-4942735a0cc2,35,s238,Tablet,5,9/28/2021
938016b1-bb76-4c10-bf72-da956eadc4f4,10,s281,Laptop,1,12/20/2021
355fb8e5-2f7b-4514-bfd8-4e30f15920e1,83,s442,Tablet,5,10/12/2021
d9a96d83-d6f9-4456-ab07-f765d1c1c339,47,s433,Smart TV,3,12/30/2021
52e30bd1-38b3-45a1-be31-677d5b885bd5,96,s20,Smartphone,5,12/22/2021
8be1832c-cfed-498b-b32e-e8051b54c947,74,s72,Tablet,5,9/28/2021
67a5410b-bd5e-4a40-abbd-a6b2c29d3f56,22,s76,Laptop,1,11/7/2021
58db5590-6b74-4241-a555-5a8eac6a7c57,20,s400,Laptop,4,9/8/2021
8aac88f7-d719-427a-8a15-a03869c53f55,52,s389,Smartphone,3,10/26/2021
6aca04b5-0061-40de-9a7a-9bf83bfd289d,27,s16,Tablet,2,11/16/2021
a052ae9b-09a8-4114-80d9-59aa8e77bab1,86,s321,Smartphone,2,10/20/2021
07055210-6bb7-4cd3-8847-7917bef3478e,86,s256,Tablet,2,10/4/2021
b7fcb939-b2d6-4e53-a899-555a9485c135,91,s82,Smart TV,4,12/4/2021
3063c06a-dc5b-42b5-99c4-bfa04d8b913b,81,s377,Smartphone,3,11/26/2021
22210be7-a582-4f19-a914-7f240e9f51e7,35,s464,Laptop,3,9/17/2021
634daabe-aa9b-44b9-950e-586c0f0b5d4e,97,s227,Laptop,3,11/27/2021
b406ab76-6f96-462e-ae2a-188635a64d5d,42,s31,Tablet,3,12/19/2021
4fc38c8b-2fd5-48f8-817b-cd41406135f2,66,s453,Smart TV,2,9/8/2021
1c93ba3e-d3aa-4220-bdf8-c3179b99f2c1,65,s441,Smart TV,1,11/24/2021
f8b7a742-c1f6-4e3a-9ce9-73467799f653,90,s80,Smartphone,2,10/19/2021
8d76a881-7742-49d5-a069-1b3dfbecf406,24,s31,Smart TV,2,12/26/2021
ea7a41f7-8941-4a66-b30d-10e62f08f25b,54,s34,Tablet,2,9/30/2021
9905e18a-1783-4a09-9b4d-485671d33bb9,81,s441,Smart TV,1,10/5/2021
c5733666-57af-4ec4-8c56-388600812802,91,s253,Tablet,4,9/29/2021
5da733c7-c8fe-4a82-8c2b-ed25b04b7f40,85,s388,Laptop,5,10/25/2021
1e7c60ed-415c-448b-aed0-7bb8fb9fb524,25,s50,Smart TV,5,10/19/2021
0b6cb9d7-76d3-4142-a0b5-7dd1d7ad211e,92,s403,Smart TV,2,11/11/2021
42accc80-750a-406e-89ab-b2f6cda42045,78,s429,Tablet,5,10/22/2021
111e056d-adc4-49d5-aabf-6a2526e01ebf,41,s114,Smartphone,4,12/25/2021
572d656e-8a80-4c09-b978-a3cfe929a4d9,79,s34,Smart TV,2,12/13/2021
f6639e20-feb0-4ccc-818b-ad135e827af5,26,s364,Smartphone,5,11/1/2021
c8849545-51f5-44fd-ae7a-489199617c16,91,s222,Smartphone,4,12/22/2021
f9e40c82-602e-4f5c-8319-0ae1f0dc12d7,76,s111,Smart TV,3,12/30/2021
d6cf3fc2-5c7d-43c6-970d-49414559dc22,13,s113,Laptop,4,10/17/2021
568bea34-d7ba-4d1d-891d-9e4341e4fd39,73,s13,Laptop,5,10/20/2021
0bfeb8e5-f4c7-4030-81eb-98d061114ef1,33,s456,Tablet,4,12/15/2021
0ce9e021-e76f-4538-a4df-b7d7ce2566c8,5,s3,Tablet,3,10/25/2021
3b564612-dfc7-4d4f-abb9-ed435d82e572,45,s24,Laptop,1,9/12/2021
9c814885-bdf6-435c-bde7-ebc294e0646d,70,s248,Tablet,5,12/16/2021
97d9d0db-9a79-4034-881d-c496777c02d4,69,s66,Laptop,5,9/27/2021
a7f545f9-4f76-42ae-ad4a-338c60f4b38d,89,s92,Laptop,3,11/9/2021
e37069f3-861a-4c02-ab4b-5a88f9ccdf52,11,s437,Laptop,5,11/3/2021
c5e8a772-1393-452e-b34a-d626a63b5a64,80,s389,Smart TV,1,10/27/2021
bf0f2eb8-717c-4180-8303-ca36d56893bc,86,s232,Tablet,1,12/18/2021
4b663980-a873-4273-a646-ccbfa74efffe,70,s100,Smart TV,1,11/16/2021
e6cf92b9-1d13-4db0-ab08-71168e945689,44,s271,Tablet,3,12/9/2021
5cb76596-ef6a-421a-8785-ef461918a91f,42,s215,Smartphone,5,9/18/2021
73674105-f5b0-4ca4-be82-abd992005df8,96,s219,Tablet,3,9/12/2021
f93222c8-0ecd-4e3a-bd90-473c61d59ad8,65,s427,Tablet,4,11/8/2021
51fe63db-a29c-4d95-a4ef-47c6d0cdb934,27,s72,Tablet,3,10/19/2021
a7475440-666b-4a2d-973a-7104ee92e699,57,s308,Smartphone,4,11/23/2021
48de2b28-bbe5-4338-8b93-c92ed530ca5c,90,s16,Smartphone,1,9/9/2021
0fe86b15-2cdf-4a8e-9d31-92ba023327f8,2,s235,Laptop,2,10/5/2021
d8125959-3d4a-4d77-9d65-a41d56bef3bd,97,s377,Smartphone,2,9/27/2021
a1e1fa19-19b9-44c6-8935-d8e930257aa9,65,s445,Smart TV,5,12/16/2021
0769d7c8-2739-4d49-94bd-7e7da5e8f5cb,12,s31,Laptop,1,11/9/2021
f6ab2555-c098-4dba-8410-d03a00b24e67,64,s13,Smartphone,1,10/28/2021
b389313f-9531-4261-b6f7-d99bb54813e1,61,s227,Laptop,3,9/14/2021
78c6059b-8c21-4935-8f01-47fea728c294,59,s256,Smartphone,2,9/5/2021
837fe2dd-36bf-4e68-9e41-5b6996a7d87e,93,s231,Laptop,3,12/22/2021
6b4b600d-caf5-44c0-8f08-117871a4e450,14,s464,Smartphone,4,12/23/2021
4d78f39c-4c58-4fa7-912b-ba029e3572e1,77,s380,Laptop,2,9/1/2021
e9fddc5c-d5ce-452f-abae-997e84dfcbc2,95,s197,Smart TV,2,11/17/2021
af6264f8-26d6-45a7-b508-bd247278d184,77,s92,Smart TV,1,10/6/2021
69cac262-d0f2-4fb1-9c8b-18300f190351,65,s232,Tablet,2,9/17/2021
4e83a0ac-ef19-415b-8cbf-d1de37bc7b04,60,s440,Tablet,5,11/9/2021
418c8370-40f1-4292-a442-c9382f06e0e0,59,s65,Smartphone,1,11/24/2021
7e98e447-1ad4-4db5-ae8f-a4cecdbbb38f,81,s279,Tablet,1,12/30/2021
2a969b04-7d55-45b5-87cb-3bba88ae28bb,58,s220,Smartphone,4,12/19/2021
e77fb32f-9616-4a34-9e1d-4a688c97c294,12,s14,Smartphone,3,12/11/2021
de839a60-10a5-4f49-9915-aa11c63cc808,42,s191,Laptop,5,9/10/2021
cb00b7ac-8f12-4934-8816-bdf3fbb8181e,53,s441,Smart TV,1,10/6/2021
1e37a6e8-a128-43c2-8435-4f752dffc0ae,93,s465,Tablet,4,10/12/2021
6cd3471b-2ba1-4546-ae0c-a95ff2b74d1a,47,s37,Laptop,1,12/14/2021
522fa486-4264-4b7d-8943-cbc9f9ed1ff8,1,s378,Laptop,5,12/19/2021
96d0bc1d-50be-478b-abf2-ca0642dfb9dd,85,s80,Tablet,1,9/12/2021
ecc5d686-354e-4609-b3b5-d5ec7d055978,81,s456,Laptop,2,9/11/2021
6b928c41-e9b1-4296-a1d9-9c9b54d81743,79,s399,Smart TV,1,10/5/2021
6b102ce7-309a-4c4e-8f30-aa1f19b936a3,50,s249,Smart TV,4,11/18/2021
4e37559b-657a-4e4e-bb71-531145e3e396,26,s305,Laptop,5,12/11/2021
052008ab-7be2-4c51-a01b-5a5a54f41d3e,39,s227,Smart TV,3,12/12/2021
4650cc23-faa5-40ab-a8ea-6057dbc69f8c,58,s438,Smart TV,4,11/15/2021
bd801e92-6664-4fc1-898a-00100513f5f2,52,s114,Smartphone,2,9/20/2021
d35eb015-f13f-4a6e-9527-89b3517efea0,12,s5,Smartphone,5,12/25/2021
97a83c96-ca3a-4a27-b6d0-c2f99d3c882c,98,s381,Laptop,4,11/23/2021
824cfb36-f1a9-417f-9b13-8868859c3b8f,97,s382,Tablet,3,11/18/2021
b86cb8d0-e93d-4f49-ba50-9cb469655f12,12,s398,Smart TV,2,9/10/2021
0f2a48be-31e9-40ff-bcdd-c24482fdf2dc,18,s236,Tablet,5,9/11/2021
60b3e3ef-38f5-41f8-a9ec-634dbf1cf47d,20,s235,Smart TV,3,11/16/2021
b20ccb55-d0e0-49dc-b066-4f59a6f7d36e,26,s36,Tablet,2,9/4/2021
29935ba4-ffd8-44f1-be65-e4cef50e452d,98,s441,Laptop,1,10/17/2021
a7487dd0-f5ef-46c9-9a46-411cd20ff640,13,s222,Smartphone,3,10/5/2021
80968183-97fb-464f-aa9a-85206dba5203,36,s256,Smart TV,5,12/15/2021
ed574c4a-556a-42eb-baef-80ae5dad34c9,84,s308,Laptop,3,9/5/2021
07b2ed88-5cae-4b41-be05-c368f2ae4170,27,s92,Laptop,1,10/25/2021
4c7b3562-a7cf-4166-ba48-29150a0d3eda,32,s382,Smart TV,1,9/19/2021
a895f7c9-8cb5-4030-87d1-68db8dc7b95f,14,s273,Tablet,4,9/11/2021
6ce817ef-42fe-47e1-b5fe-fb2a4026624f,64,s262,Smart TV,4,11/10/2021
8a188df9-fa11-462f-948f-97233f1d1772,78,s197,Smart TV,4,11/21/2021
9ae50aca-09ff-40d4-919f-b9c4d96526f9,11,s398,Smart TV,4,11/7/2021
abe255b7-89a4-44da-983c-937535b40270,19,s71,Smart TV,2,11/12/2021
62b1f74d-3327-47a5-9697-ec981599d682,11,s288,Tablet,5,12/27/2021
75abfa89-c335-4f3c-a567-409813924e31,49,s194,Smartphone,2,11/27/2021
2e0b0b4c-b97e-4e2a-9a95-4bc395f6e7d9,95,s443,Smartphone,1,10/26/2021
df61d3f1-61f3-4a2a-a1c0-138df3a2ed6b,56,s440,Tablet,2,10/13/2021
652310a9-b982-45ea-bfca-841b7450cba6,11,s96,Smartphone,5,9/21/2021
942ae743-7482-4926-b3df-e4b08c1ca3ec,1,s89,Laptop,5,11/22/2021
bed780d2-0bc1-4e0c-8c70-e4deba400d40,34,s271,Laptop,1,11/20/2021
f2b8e58f-2bac-4ba8-a73e-28547afa6bc1,91,s433,Laptop,1,10/9/2021
efc37e86-f090-4e51-b911-e840ef9bf3e6,71,s445,Laptop,4,11/17/2021
4645efe1-bbd5-430d-b7c1-27a078573d07,23,s93,Tablet,5,12/16/2021
2ae876e2-a5c6-483f-a84d-60d8f67f3d54,1,s255,Smart TV,2,12/12/2021
17f3a6f3-bf16-481a-8c6e-15acf2bdff42,10,s240,Smart TV,2,9/28/2021
81e41a57-68d9-47c5-9bea-6df4a1a1be41,90,s294,Smartphone,5,10/1/2021
f0851125-a382-462c-9cce-ba56e488ef1c,59,s318,Smartphone,2,12/22/2021
901264c5-c8f7-4b35-952e-faec02c4d066,52,s226,Laptop,3,12/3/2021
fc356f9c-031b-43ee-a4f6-671abd8e0334,7,s427,Laptop,2,10/13/2021
a1d82a1c-e249-4a20-b4df-00223dafc0fc,74,s291,Smartphone,3,9/8/2021
3f885531-eba4-4698-942e-83e890560da0,43,s445,Laptop,3,11/6/2021
eae3deab-d23d-46f7-bf05-e9a61bd09e88,41,s273,Smartphone,4,9/1/2021
00cfab79-9c11-48a1-a0e4-d9b9bfcebda1,85,s7,Smartphone,2,10/20/2021
65d830b7-6b24-4472-8e69-1f13fe2f989a,60,s365,Tablet,3,9/18/2021
d521551a-c093-4809-85a1-0a2a4768490d,33,s186,Tablet,3,10/1/2021
24c760ef-7c67-4074-ac4a-df2dfd80d077,38,s215,Tablet,3,12/10/2021
d7c55e62-0a75-42dd-95c1-62d0c540e4b0,42,s256,Smartphone,3,12/16/2021
401683e4-bade-4a7b-a9b9-d31421a2fd77,21,s99,Tablet,1,10/6/2021
aa6cb631-91ef-43b8-a682-5a4d91b9c73f,12,s319,Tablet,5,9/30/2021
91c06e25-50c8-419c-acbb-59f410893d21,86,s271,Smartphone,2,10/14/2021
90f8a920-ba4a-4676-9aa6-d1bddc0a1ece,78,s215,Smartphone,1,10/13/2021
2811cb82-109b-415e-b319-251ae68b425d,22,s219,Smartphone,4,12/29/2021
c37dc213-a8c5-47c6-96ab-ff7deb008e61,76,s238,Laptop,4,12/5/2021
70f3532e-2cdd-4c87-8966-f0548355400b,54,s82,Smart TV,3,9/5/2021
12517bab-8f49-4160-bdad-c90d4c546911,60,s241,Tablet,5,12/24/2021
208934a1-749a-4ae8-a435-aa68df202055,31,s362,Laptop,2,10/23/2021
46131396-3a15-4564-9158-c948bb978e1c,72,s291,Tablet,3,11/9/2021
16be550f-3165-427a-9b4e-50689ecb48a4,86,s394,Tablet,4,10/13/2021
158c1e7d-9fb6-4a51-b780-0dbe54b2526c,39,s294,Laptop,4,9/26/2021
cd32c0e6-13ba-4ec6-8d86-266c2db6c5a1,5,s103,Tablet,5,12/30/2021
97ef12f8-22d9-4bcd-99be-499d34a378ca,24,s197,Laptop,2,12/8/2021
c815fc96-ea2f-48b7-8419-eeaf3acf4508,97,s246,Tablet,5,10/18/2021
0293f4c8-e337-4954-ae06-72b85b393924,60,s250,Laptop,5,9/20/2021
537f3a50-443b-4cff-b723-388ac85b0170,4,s382,Smartphone,1,11/24/2021
6ca51747-2c11-4602-b333-3d6abb2e0fa8,60,s93,Smart TV,5,11/8/2021
96f76aca-dbfa-4613-a81a-51f8a2605c85,91,s255,Tablet,2,11/14/2021
84145e6c-491a-4e8b-be0a-1c1eece14798,26,s66,Tablet,4,9/3/2021
dfa11731-34bc-4490-b6ee-99d7c8a90e2f,97,s50,Smartphone,3,9/9/2021
1fa5f1b6-6de2-492c-8f5a-953f409cdfd7,51,s11,Smart TV,1,10/31/2021
2071f4a0-7276-4695-8fe7-4c8bdd39565f,55,s182,Laptop,3,10/3/2021
640423c0-52e1-40a3-bfba-8d88725c1f36,83,s14,Tablet,5,12/25/2021
ee409eb4-799f-4c1d-a101-da905ea1c3b6,7,s438,Laptop,1,10/26/2021
92d8a63d-75b1-4ec4-ab41-daac9569244b,14,s238,Smartphone,3,9/1/2021
9faea114-cd9e-4228-9a8a-740a77a8771f,8,s262,Laptop,3,9/11/2021
878c8e11-f4d7-4115-9fba-64a367488d7e,45,s82,Laptop,3,10/24/2021
abf88630-b12c-4f80-9329-51f379603df0,58,s220,Smart TV,5,9/5/2021
9287a30d-a965-48b4-8e8a-0ba14c6e86c8,6,s399,Smartphone,4,10/4/2021
607d2e73-9f65-42c7-9cce-b62cc7d6b188,22,s224,Tablet,3,11/11/2021
cdd81308-3d38-4133-a1b4-7fe7e4a9aed4,21,s222,Smartphone,4,10/29/2021
6f1e3368-5697-417e-9b0e-0165ae62dccd,9,s288,Tablet,1,9/26/2021
d20b1d75-7c37-410f-942a-3b68e50379e6,52,s4,Smartphone,2,11/27/2021
108856f5-b019-458e-88cf-31e0c17571e4,99,s405,Smartphone,1,11/17/2021
405e3198-0e77-40b1-b870-45d8dd20e3f4,37,s36,Smartphone,5,9/8/2021
93aaa3ac-b1c8-4231-aab6-5e5c34aa9780,24,s396,Laptop,5,11/29/2021
0c028511-323b-4e6f-9b2a-620b0cd924bb,28,s121,Tablet,4,9/19/2021
16657265-18d4-4644-a6b1-eda8cebca53c,43,s367,Tablet,5,10/26/2021
12d61e30-cc34-4020-a344-ca55c2594150,64,s109,Tablet,4,9/21/2021
14b3ec84-47ee-4258-b468-c232fe9b33c1,8,s378,Tablet,1,12/29/2021
6b02d312-100c-4b18-956c-5d1b56272ab1,94,s109,Smart TV,5,10/23/2021
ca41d039-0508-417a-bb84-6f5cb4a322d1,64,s437,Laptop,1,11/24/2021
c7b33217-455d-4d0a-836a-d9959e438d79,41,s198,Laptop,1,11/10/2021
6190f601-69a9-40af-b285-c2764aa845bd,1,s458,Smart TV,1,12/30/2021
f5658ead-0a53-4ad1-84ea-7bcf3e6aedcd,5,s16,Laptop,4,9/30/2021
037c509c-6147-465e-a4be-8ef86e505f0f,79,s20,Smart TV,3,10/20/2021
3206af04-a200-4577-9ec7-88f513cc3ab2,19,s238,Smart TV,4,12/27/2021
8ab3dc7b-3c2a-446e-95ad-c7ccae99af5a,37,s273,Laptop,4,11/17/2021
527d1bc3-177d-441f-9cf8-476c0303f980,40,s389,Tablet,3,9/26/2021
3a41f1d0-8c62-41cf-b099-d73ae88fdece,17,s284,Smart TV,2,10/5/2021
01ca2c92-f28f-40be-bbaf-29c032a4e096,69,s432,Smart TV,3,11/13/2021
8679ceb0-95a0-42fb-b164-2cb0a0b9298a,65,s220,Laptop,4,12/11/2021
792d9db2-7137-4161-aeb0-b9598c592abb,97,s194,Smartphone,1,11/19/2021
a6c43e50-0a62-450c-b784-36b93f3f94e5,13,s12,Laptop,1,10/18/2021
16e5e648-4dbc-4afb-843a-0ed6c810e7c5,6,s86,Smart TV,4,10/8/2021
0580ee9d-0682-45bc-92c3-c073aafba5a8,64,s148,Tablet,3,9/23/2021
a93ed078-fcbe-4c1c-93fa-639b76247484,31,s89,Tablet,3,9/13/2021
19062cf9-f71b-4b13-9e0d-00685900f9b5,41,s389,Laptop,4,9/9/2021
55b990a8-a712-4e94-90ac-c70711e7743c,74,s441,Tablet,3,10/8/2021
0879f00f-13c1-4f30-b5fa-3d99f139c003,30,s262,Smartphone,3,10/18/2021
34914b2c-ca89-495e-aaf7-ef5e0c3a966c,30,s191,Smart TV,2,12/8/2021
a2b8fca3-8279-499b-b920-372e5c6d5bcb,70,s78,Tablet,3,12/20/2021
9f4fae7e-c3aa-4c35-b0b5-c9c1cf7283fc,12,s280,Smart TV,1,11/23/2021
a333b191-3e17-4ec0-b363-a6752cbbf413,95,s383,Tablet,4,12/10/2021
dcd3950d-4905-46b0-bcc3-fac63c240a08,64,s402,Tablet,4,12/18/2021
e31effd0-bd59-47c4-8b3c-f014e87cfac3,27,s9,Smart TV,1,12/24/2021
bc34342e-5954-4272-9a9b-1d66cb18788d,39,s280,Smartphone,2,10/25/2021
285b9193-2fd8-478e-b195-43c2076689aa,24,s16,Smart TV,5,11/24/2021
8f6eb014-4f6b-45d0-9305-b778b70983ce,75,s312,Smart TV,1,10/14/2021
7413ff8f-81d3-49a3-8a01-e6d9e2b1cb4b,15,s291,Laptop,1,12/6/2021
8b706117-a1cf-4a7e-9996-1f5cfb7dd3b1,93,s186,Smart TV,5,12/21/2021
d20ce0e8-eb66-47d5-83be-e9f4ce786f33,9,s433,Tablet,4,9/14/2021
a46b8ec5-3c0c-4578-9a10-f55d2387c9e9,69,s395,Smart TV,2,9/22/2021
94909143-20c6-4b31-82ba-29c4b891b4ee,65,s4,Smartphone,1,11/13/2021
ad3e4868-f4a5-4dfe-b74e-449ea341b32a,50,s87,Smart TV,1,9/27/2021
f2965961-b452-494b-8995-d199bb4ca368,66,s15,Smart TV,4,10/7/2021
5c7135e6-6ca0-4e34-a9cd-8c825e288330,79,s440,Smartphone,5,10/21/2021
b136c235-d9a9-4968-9d0b-4ead09565b0e,91,s2,Tablet,1,10/25/2021
2c3ed5a9-f75b-4de3-be93-a1ecf0181dd9,79,s277,Smart TV,5,9/1/2021
259a1038-400a-437b-b02b-99e22025fd66,90,s11,Smartphone,1,10/19/2021
c1a7f69e-129b-4508-a516-a74c1eae064a,89,s458,Laptop,5,10/6/2021
eac48b5c-9cad-4d33-8b86-a4c9f6e23e8a,1,s113,Smartphone,3,10/31/2021
1f2ea26d-076b-4f7f-85a5-a2d02a8c7387,80,s113,Smartphone,1,11/2/2021
07cb0755-ca3a-41b7-9ca5-0aee8e9e0a80,19,s9,Tablet,2,11/16/2021
7d7082fa-d77e-49b4-8a96-ebd455c4ed1c,75,s238,Smart TV,5,11/17/2021
7cfcf484-61c1-4dbc-8788-1674ba83b5b4,33,s263,Tablet,4,9/15/2021
a78f2a4b-24f9-413b-8061-06185f734f32,81,s86,Smartphone,5,9/16/2021
5c1b1811-2493-49e9-ab87-89a81e09d86b,44,s458,Smart TV,2,10/28/2021
e7ca9b9c-9a2e-4751-a86b-08548e717f94,39,s69,Smart TV,1,11/6/2021
a35c3ee9-d493-4bda-bd51-b67e51faecca,67,s402,Laptop,2,12/1/2021
0f25f842-fd27-445d-a9cd-b154e64833b8,53,s403,Smart TV,3,9/9/2021
9945bfa9-7072-449c-b5ab-e01ac1030754,9,s227,Smartphone,3,10/22/2021
d38330ea-ae65-4726-8220-12ece3a3ea57,22,s385,Smartphone,4,10/28/2021
1a1b86ca-5dba-4bf2-b82c-ff2e242f6b85,22,s121,Smartphone,4,10/19/2021
53d13cd0-333b-4400-8731-a5f3183fb280,85,s114,Smartphone,2,11/16/2021
72aa092c-ae86-4cd8-a47c-ada59214841a,7,s367,Tablet,4,12/8/2021
a6946af7-e9d7-4976-8738-2e936a4c0e10,21,s401,Smart TV,2,12/1/2021
81911531-1f36-4be1-b3f7-8d175af01962,62,s148,Laptop,5,9/26/2021
c4ebb351-4ec8-419c-a7aa-cb6738e283a6,42,s94,Laptop,5,12/28/2021
2532cf87-01ae-49e6-b829-8d5f2a958b2d,52,s443,Smart TV,4,12/3/2021
e955e007-072d-4140-a70d-86ebf52e6927,87,s244,Smartphone,4,10/28/2021
79578a11-63a4-4298-b985-d72fb0e6801b,39,s187,Smartphone,5,10/12/2021
1ce94c9e-8734-4c14-8c9c-3ef0efca4814,38,s292,Smart TV,3,9/5/2021
5377425e-1c12-445e-8023-ce1b8635e1fb,89,s40,Smart TV,2,12/14/2021
7bcb1994-a255-4178-89ba-6cf0bf05a105,3,s284,Tablet,2,11/30/2021
0eb1166f-a235-400c-91a6-fdb3a91c6467,48,s396,Tablet,2,9/18/2021
14514ba8-f069-4f03-852f-ec7c18965955,13,s102,Tablet,3,9/9/2021
ece0c1e3-7aa4-40f6-9fda-19c2bdb2113b,3,s234,Smartphone,5,11/30/2021
18ec6c38-4e37-41bd-a116-20cf469271b0,78,s118,Smart TV,1,11/26/2021
8c1f4d12-4627-49ca-9a30-ed77cd4f1240,85,s466,Laptop,2,12/25/2021
015e13f1-b1ae-48bd-83ac-3dc2572a1cb8,95,s72,Laptop,2,11/12/2021
05a31a5a-a1e3-4000-880e-97602af5d0ea,85,s386,Tablet,1,12/4/2021
0dfc5dbf-5df6-482d-81a0-e34563f5677f,41,s380,Smartphone,4,9/2/2021
686dfd73-7929-4e80-b965-032117378b94,5,s394,Smartphone,2,10/7/2021
adba721a-1bf9-45ea-bda2-5800c9b2050f,89,s242,Smart TV,3,10/21/2021
4477d25e-2383-4937-afb5-dcaa148879b2,52,s275,Smart TV,5,10/20/2021
c454cadd-ed4a-45f2-9047-1fdbd00acc79,40,s400,Tablet,1,10/29/2021
6d049fde-32b5-4c55-b089-fc46984bc999,90,s92,Tablet,2,10/25/2021
ac08b0ae-14b1-47aa-a7c8-2c2d240c7cd6,69,s454,Tablet,2,9/7/2021
c84249d7-c0b4-4ae8-b137-04d175b2ed2d,80,s31,Smartphone,5,9/26/2021
e62ec268-7880-4dc7-bf29-4a6dd0ff8d33,61,s385,Smartphone,2,12/22/2021
dc30ef1d-00a5-4671-be6a-cd6999f67f7d,42,s89,Laptop,3,10/11/2021
adc43dbe-c47d-40bd-9898-d4afee8e5e93,88,s86,Smart TV,2,9/30/2021
29af789c-3557-4f0b-ab63-e7f20f1846f0,26,s99,Smartphone,1,11/10/2021
45517f0a-bd8c-4bf0-ba69-22d8e6dfe7ee,21,s94,Laptop,1,9/9/2021
471ffd35-9bb1-4e8b-8aa5-c44a8e0c0dd7,24,s12,Laptop,2,10/31/2021
6c7c6800-773b-4800-b8c7-a1357e572c3c,60,s114,Tablet,1,10/16/2021
fc71692b-c40c-4e83-9dd7-9ca5484f080d,78,s401,Tablet,5,12/2/2021
fefbe972-2337-4f6b-8921-d7dd07bab2c0,17,s255,Smartphone,5,9/20/2021
a6caa7b9-aa80-4826-b9f1-ae218530b9df,14,s262,Tablet,2,12/5/2021
0348e18b-f743-4bf5-9a3e-2d36344799fa,3,s403,Smartphone,3,9/20/2021
9b4cb077-a0cb-418e-a634-7a58c17397c0,72,s271,Smartphone,2,10/2/2021
abf4f03c-148c-4077-8121-ff974956cc55,91,s340,Smart TV,3,11/6/2021
5e8719e0-faa1-4552-9aa4-2a807a78195d,21,s231,Smartphone,2,10/6/2021
b831528a-dd61-4b9e-9e7d-9ccf171484fc,14,s220,Tablet,2,11/10/2021
b6d8f175-13b1-4bd8-9c79-a289d9b2572e,28,s454,Laptop,1,12/15/2021
c1d850bc-520b-4121-97ee-9c13a4e3400a,16,s294,Smartphone,3,9/29/2021
35db03da-3115-4920-b219-768a1d800a4d,48,s131,Smart TV,3,10/10/2021
8f28a739-ec3c-4d7a-96b3-4818a9884d5e,83,s456,Tablet,2,11/12/2021
2c6bb887-b083-4b84-b88b-2d618103f279,38,s114,Smartphone,1,11/17/2021
0c07470c-1768-4627-b027-04ac8e11ddb0,7,s114,Smartphone,3,11/23/2021
17142e35-6bf0-4c86-8cc1-ed4632da5560,30,s403,Smart TV,2,11/28/2021
d5cc66c1-8c24-409f-a828-7a6e74cc120a,43,s34,Tablet,3,9/20/2021
4d762d6b-0323-468c-af98-11dcf13975f7,91,s405,Tablet,3,11/3/2021
c9f272b4-1ece-40a6-800f-acb20f277a05,11,s236,Laptop,3,11/9/2021
3baec6dd-f2ea-4193-94de-c73502297566,59,s2,Smart TV,1,12/19/2021
6e1fe7d8-83cc-4307-8c2a-373cc4c13544,36,s389,Laptop,5,12/3/2021
c4f55779-0bd8-4c3b-aab7-4a6da7501763,48,s232,Tablet,3,12/1/2021
ca7a385c-f5de-4c7c-8c46-8a83bfa8e23a,2,s398,Tablet,3,10/4/2021
43583890-9547-44d8-a39b-50541faac81e,50,s98,Smartphone,3,9/8/2021
c3c1268c-5e41-40bd-953a-557ee29b7b8f,22,s109,Tablet,1,11/14/2021
865dea9f-b68d-4896-a84c-96a385783b74,97,s13,Smartphone,2,10/2/2021
2a724164-4c37-427e-8ef7-cd6eb98b52c1,36,s396,Laptop,5,11/17/2021
b28689e2-9269-4c8c-8316-2b21a7517048,47,s442,Smartphone,4,12/11/2021
14ecbfc9-2fe0-4b76-b48c-7221bd69582f,21,s11,Smart TV,5,12/5/2021
2ae6565f-d57f-4b9c-a1bc-cf5b8a7f2d09,98,s41,Laptop,5,12/24/2021
f2582d08-aa8a-46d9-8413-991511404188,57,s274,Laptop,3,11/22/2021
7f88b1b6-b38c-4da1-9d2c-97ad01cd0ae8,70,s81,Laptop,5,9/18/2021
a1950135-029c-4bd2-b0f9-2094f1298c5c,25,s89,Smart TV,3,9/22/2021
9bf08f8d-836b-4abf-9f95-ed9e57d71bea,54,s364,Laptop,4,9/19/2021
02ee34fe-19cf-4149-b4db-7453deb96ac3,87,s214,Smart TV,2,12/9/2021
5410d3f6-024b-479b-8cfb-4ba08e6a5b54,74,s255,Smart TV,2,12/1/2021
bca252d5-1f6e-4f42-8a1a-fc37e4ccea94,57,s263,Smartphone,3,9/9/2021
a99055f7-860b-4c29-9d36-66fd4640378c,13,s273,Tablet,4,11/19/2021
b8c159a2-9b51-4b72-abeb-4a370fa51747,55,s389,Smart TV,3,9/12/2021
59f90365-132a-4041-b70d-85980cfceb9e,60,s367,Tablet,2,11/2/2021
33906dd1-f9c2-4306-b353-f8991955163c,61,s467,Smart TV,5,9/19/2021
fb7f706a-cbbe-450e-8f22-8aec0a8ac733,72,s311,Smartphone,5,10/22/2021
7a6b4a41-e9fa-4dc3-aef1-e5bcbae7cc83,76,s133,Smartphone,4,12/24/2021
e35f3aa4-42f3-429b-bc07-25ed614357c1,16,s305,Laptop,2,10/29/2021
17ea8140-cafa-480b-bc98-be987f4452f7,57,s297,Laptop,3,12/20/2021
a818f80f-f2f9-417c-a166-ef0268eb2280,3,s308,Smart TV,2,12/13/2021
168d2aaf-a6e5-41b3-9e9e-9fbe85bdbbf3,50,s13,Smartphone,2,11/15/2021
70d41003-c3c9-4e34-9be2-34d83cbdd298,91,s133,Smartphone,1,12/16/2021
924cb1a8-2c26-469a-a66f-bce05783c941,64,s292,Tablet,5,9/5/2021
3430a98c-2355-40ab-8b77-537c398fdf10,52,s387,Tablet,2,9/2/2021
7cbfdc7f-3e5d-41e7-bbeb-ad6460d28b76,74,s197,Laptop,4,10/8/2021
1e9a29be-f631-4cb5-b494-37926d8fc424,86,s370,Laptop,3,11/9/2021
cd10e39f-418a-47c4-ad9a-dedfeb18d3b4,4,s13,Tablet,1,12/25/2021
05eb0261-39f4-42c1-859c-c4fc0a8f4713,19,s362,Smart TV,2,9/16/2021
4bac3603-1b36-4a27-aedc-6151e6413d81,99,s380,Tablet,2,11/6/2021
c9452caa-9be0-4def-afd6-eb95b59a15bc,11,s82,Laptop,2,12/5/2021
fd8c0a38-44f8-4db5-a808-4d77903663d3,15,s432,Smart TV,3,11/14/2021
f60482e0-572f-4504-8dbd-0ffa78bb4e4b,32,s94,Laptop,4,11/25/2021
bf2ba648-ac25-4fa2-83ab-8508d337f1c0,82,s365,Smart TV,4,9/16/2021
fd225869-903f-4127-888c-4f0713cc311a,61,s93,Laptop,4,12/11/2021
63907f17-acd2-4cec-ad3f-84f6417823b5,80,s13,Laptop,2,9/14/2021
4358d3a8-5548-40e0-9102-118354065beb,22,s110,Smartphone,1,11/7/2021
0d7c61e4-1c5b-4399-8d1c-000b9e7a8f65,79,s133,Smart TV,4,10/14/2021
f49e29a9-ecc0-4cd7-bf6f-37f72d0f5802,10,s121,Tablet,1,9/11/2021
d7eb3ffd-ab85-49c8-9f5e-1d9b3bb90c84,2,s464,Smartphone,1,12/7/2021
c0bec266-6801-461c-875a-290ff36de672,17,s224,Smart TV,3,10/16/2021
46a1be42-e7ad-40ef-b1ab-82bb9adba963,70,s395,Tablet,2,12/16/2021
abe99c3f-0392-4b1b-a3fd-743afd1cbd83,33,s256,Laptop,3,9/26/2021
0850abbe-f989-4453-9301-0a14613d9fb6,47,s253,Smartphone,5,11/6/2021
91a67234-72e4-4204-a7dc-297da351da2b,97,s226,Smartphone,3,10/24/2021
df4f86f1-f10a-46ec-a092-45eaceb2bc00,82,s111,Smart TV,1,10/21/2021
509a5f33-56c9-4e27-a697-9d1f3e4b6e59,36,s214,Tablet,2,11/8/2021
0a67fe06-44e6-463b-8dc1-74874c795e4c,55,s437,Laptop,3,12/11/2021
cb905c28-b7f7-479a-9181-5816dd041293,26,s460,Smart TV,4,11/21/2021
33ed7686-c203-46f7-affb-8e74536df30f,7,s255,Smart TV,1,11/20/2021
e47b3d02-3012-4c44-8429-50ac3bb211fc,74,s438,Tablet,5,11/23/2021
cf0d3074-1415-4d5b-9d30-5c8eae3189b3,35,s277,Laptop,3,10/1/2021
0f1ee257-da65-47f0-8e8d-1732423b93d1,20,s50,Tablet,4,10/22/2021
949469da-3e5c-45c3-8f36-4d8209188e37,32,s459,Laptop,2,9/29/2021
0e43bf97-ee58-4848-8369-86b54b272609,76,s107,Laptop,2,11/26/2021
9d0e0671-e88b-4b50-b620-40a7533683bd,68,s432,Tablet,2,10/19/2021
985047ac-be5f-420a-af12-f57df6d535ac,49,s113,Tablet,2,9/28/2021
76da8429-d783-4136-8e3b-0d4e969577c3,17,s36,Laptop,4,9/21/2021
1f19fac8-78e1-4760-9d82-e99f12f605f9,8,s374,Smart TV,4,11/6/2021
953ab1fe-feb0-431b-98c7-e693bb384cfc,48,s65,Smartphone,1,10/26/2021
caaf8b62-47b3-426b-a08d-291cd060eba2,90,s2,Smart TV,3,10/5/2021
18f9b393-42ac-473f-995f-ca841f2146b5,17,s253,Smartphone,3,10/4/2021
9be6b518-9bf2-466f-bcff-67c524bf5c20,1,s310,Tablet,5,12/8/2021
a09c617a-b610-4f00-a01f-cb9c7bcaaec5,10,s20,Smartphone,4,12/22/2021
22013fc4-880c-4f95-906b-09e80ec489ad,48,s378,Laptop,1,10/7/2021
6510035e-6df2-47de-a2c0-3dc9620bdfb1,57,s4,Tablet,2,12/24/2021
440d7a34-d2af-4b53-b7c6-f83f7d2c8619,91,s340,Smartphone,5,10/31/2021
940053f6-2be2-4ec7-b3e6-a9137aa88833,66,s109,Tablet,3,9/13/2021
232551a9-5f09-439d-8fa8-e5ca354ccaab,36,s76,Smart TV,3,12/12/2021
ba9d046e-5599-468c-9daf-c4894b377dab,63,s311,Smart TV,5,10/29/2021
9f53ac05-4337-437d-97dc-a82a7579b48f,50,s432,Laptop,5,12/26/2021
ce2833ce-596c-4662-8586-2bddd1768a77,84,s248,Tablet,5,12/16/2021
7b2e089f-9a7c-4314-9e0f-c94458044b72,61,s458,Smartphone,1,10/7/2021
8a8d54e5-984e-43c9-912c-f42b597045d6,72,s441,Smartphone,1,12/24/2021
08f51840-4976-4df8-bf11-229e21651366,6,s433,Smart TV,1,12/15/2021
b03abe3b-6889-45ab-9ca5-c0332da22bea,46,s78,Laptop,2,11/13/2021
4301b777-ed8c-4041-9d4c-968e27e3b1d7,65,s34,Laptop,3,11/1/2021
3467da9e-d7d0-42f7-b8ac-113e13fb923d,53,s235,Laptop,1,12/15/2021
589bb7de-2ea8-4162-92a4-4323ce6dd4da,47,s65,Tablet,4,12/17/2021
9b848895-8177-4645-a027-ed71ed0fac1a,85,s403,Smart TV,5,11/24/2021
bb1c913d-5632-43df-bde3-e0f26d370120,34,s373,Smart TV,5,12/17/2021
d8d3bed1-a02d-437f-9cee-aa1bf38b42a3,2,s16,Smart TV,1,12/22/2021
64c24e1d-48ca-4169-9142-f2ad4225ca03,98,s454,Smart TV,2,10/18/2021
30603b9a-8b39-4f02-9001-2297ab07c001,74,s75,Smart TV,4,11/26/2021
a200a187-d7d0-4a81-9bed-d9c7a3772aa2,75,s94,Smart TV,2,11/21/2021
7bf7064f-0c40-45ea-8322-e1ab4359655b,31,s380,Tablet,5,9/16/2021
d6d2b1cd-3ef8-4526-b600-a07cb935ad7f,79,s82,Smart TV,4,12/10/2021
56d98f78-a5b3-461d-9a40-4837607473bf,70,s56,Smartphone,4,11/17/2021
e374c5d8-5b49-4565-b255-5b1b54120b36,82,s437,Tablet,4,10/28/2021
da2b857c-c931-441d-bf67-51d32542be52,83,s365,Smartphone,5,9/7/2021
4d9f37d6-5880-430b-aa28-e3b24e4d813b,90,s256,Smartphone,1,9/17/2021
bf63210f-79fc-4923-b0ae-4aa1eca0b3b9,6,s277,Smart TV,2,9/30/2021
00737090-1304-41dd-9f7c-2ded8d7a26c4,13,s81,Laptop,1,12/27/2021
6c3cf9db-5d3b-4edb-b5bf-a147081391c3,91,s367,Laptop,2,12/22/2021
92ee307d-e9e9-40b5-95ef-2f031371ad68,57,s376,Smart TV,3,9/15/2021
16104c7d-d3e6-4cea-81af-d58539fb82d2,92,s227,Smart TV,2,12/23/2021
7364d3c8-4a3e-41cb-a20b-9233a0cf011d,98,s310,Smartphone,2,10/26/2021
073eca14-3121-4b4b-88d4-b7d375d90e42,20,s102,Laptop,3,9/14/2021
97051147-5c0b-44a9-aa8d-31da3199848c,19,s99,Smartphone,2,11/27/2021
42301ec6-a03e-4c50-88d2-1e4753089f67,57,s31,Tablet,5,11/15/2021
57a7eaa8-939b-4d9f-9e48-eba53c4668a2,22,s387,Laptop,1,12/12/2021
