account_id,state,balance,created_date,account_users,account_tier,type_code_1,type_code_2
1c00b842-801a-4fb3-8b75-055f234a5f5a,AZ,"$1,310,351",4/28/2022,9,gold - X365444,INS,04
dfa198b4-24bd-42d0-86dd-ded418be0a33,TN,1055369,9/13/2022,7,silver,INV,021
fdc7207b-d20f-4bee-8d0d-b9f06e250768,FL,1360902,5/16/2023,4,gold,FIN,013
e64bdb05-a6bc-4ac9-b8fa-9d456ff92bd7,TX,1313147,11/29/2022,5,platinum,FIN,013
03e55c70-1b1f-42bc-a739-148d9a6f8f1e,AZ,1015473,2/1/2023,3,employee,FIN,019
3e96b076-7208-4fb8-acff-d9c9aef491d6,GA,1300862,5/19/2023,8,platinum,INS,04
21d1c76c-55e0-4d83-a740-cb096198bb7c,NV,1147699,11/19/2022,7,employee,INS,05
afcaca65-a0a8-492e-b303-b8084a878f90,TX,1280923,7/28/2023,6,silver,INS,05
8f28322f-1ab6-4c89-a4e4-951bbad36928,MI,92738,8/3/2023,7,bronze,FIN,013
1d114f73-67ed-43ae-9533-d02d7307c099,OK,642415,3/7/2023,5,gold,FIN,014
d44c1b12-0239-4ca0-b3c6-271c55431341,LA,1062960,6/29/2022,3,silver - Y883240923,FIN,018
eb7cdf19-3dfb-4650-a45b-f7a43977f783,MN,439144,7/8/2022,4,bronze,INS,011
b38f5a15-02d5-4a6b-aa4a-5c31ca94290d,NV,308036,2/2/2022,6,silver,INS,06
6cffcfe4-357a-457f-ba06-b9036be2c12a,CA,"$1,145,631",3/31/2022,10,bronze,INS,08
06847d6d-6515-4565-9a6c-2ea3ecf98519,VA,"$720,408",2/25/2022,9,silver,INV,023
eab57364-78bf-4eb1-9575-e69c80b6ee03,GA,"$796,272",1/5/2023,3,silver,INV,024
7e4a4b18-a2cd-46c7-83a8-e7a1f5e4eedb,AL,"$26,154",4/30/2022,1,platinum,FIN,015
bfb5c30e-4b2d-4bd3-972d-624ebc86f3e8,NY,"$421,619",7/18/2022,10,platinum,INS,02
95fd05e9-402b-422c-a334-5797130100dd,CO,"$1,194,866",9/16/2022,7,gold,INS,08
6338ed0b-eac4-4edc-aed6-7b36a82a6e1f,KY,"$598,105",6/8/2022,3,silver,FIN,019
6c90f2b4-e46b-4f5f-b393-3632a85bde17,NC,"$205,767",4/14/2022,7,platinum,FIN,014
f3ecc59d-b049-49ac-b892-ca0b02384d67,#N/A,80808,10/21/2022,9,bronze,INS,05
2642a1c1-39cf-45b0-ac37-898690a2f833,NV,393719,8/4/2022,10,employee,INS,05
2906cecf-b6c8-471e-9b7e-0a597ee8568a,CA,535290,6/17/2022,10,platinum - 99900RRT,INS,07
b453afb6-d917-4519-96e2-7e89035ad777,MO,1082572,8/7/2022,1,silver,INS,04
e8e6bc0d-99eb-41ce-b1cd-4cd25cb128de,NY,827868,4/5/2022,2,bronze,INV,021
5f33124d-2484-4c94-88b8-22475befbd3a,TX,432622,7/24/2022,3,gold,INS,08
7a00e332-23d2-469b-bde9-87252c0536b8,CA,1464809,4/1/2022,9,bronze,FIN,014
5e5d942e-a734-4d76-9302-4fbaf5c8c913,TX,766955,2/18/2022,2,platinum,INV,022
60f2711d-3ce7-4bde-8547-40dd0a58909f,NJ,21139,11/28/2022,6,bronze,INV,020
43dfff46-1886-4d85-9434-47b30c9231d9,TX,1414205,11/25/2022,1,gold,FIN,017
79093e04-f22c-4415-a08b-a8e341df03b8,WI,379347,7/7/2023,2,gold,INS,012
40361600-9480-4a8d-b5dd-0fcf1cc88d3c,IN,1149264,11/1/2022,10,silver,INS,08
6d3b41a7-31b3-45b4-813f-df0c2915c726,TX,255555,9/5/2022,2,silver,INS,011
3e54b5d3-93cd-44cd-8ae4-880f0dd70697,NV,314435,4/21/2023,5,employee,FIN,015
9377a763-a283-4ca8-99b0-d06038be15f7,WV,1323019,8/25/2022,2,employee,INV,025
84c7e633-faef-4ca6-b040-251a7a18d9eb,GA,840476,10/1/2022,5,gold,INS,04
fe236332-79e3-43e3-8e9b-91a82a46398d,PA,374050,1/6/2022,5,silver,INV,022
eb74ab57-65e8-4e3a-bbef-e57460b7734f,NY,1138567,11/11/2022,10,silver,INS,04
06587032-81fe-4011-8b2c-21feb27efafc,SD,471947,1/10/2022,10,employee,FIN,013
3cbadeec-3e68-4d89-ac39-d96093d305a1,#N/A,1371078,1/2/2023,10,gold,INS,05
d6d898a4-93e8-42c8-8fcb-a6b0ded70a15,#N/A,792900,9/20/2022,9,bronze,FIN,017
a42d76de-0301-42a8-81f3-ac5a1ccee153,PA,417844,6/6/2022,4,employee,INS,03
c102db30-9c07-413b-ac9c-915957e8a121,AL,975482,2/12/2023,9,platinum,INV,022
4ab16856-d09f-4db9-8787-6b733b40a4bd,NY,1333484,8/16/2022,3,employee,INV,022
dcd28fb1-ecc5-4cea-8770-d71a77268323,FL,406626,6/5/2023,1,gold,FIN,013
16babe13-b04b-429b-ac64-337b10af57bc,MN,578155,5/3/2023,6,gold,INV,025
879b08c2-796a-4092-b987-c234cd13b921,MD,1408459,5/27/2022,4,employee,FIN,016
de325625-d86a-414a-9482-cf08c283b6aa,CA,1278840,7/15/2023,5,bronze,INV,023
e206aee5-6898-45ef-a90d-25468d4ac6ec,GA,430480,5/13/2022,9,silver,INS,04
e1113b43-72f7-4071-ba18-6e59e74761bb,NY,6422,11/7/2022,4,platinum,FIN,019
b0631125-6784-45a1-abc4-b08c35353a95,FL,532770,8/26/2023,5,gold,INS,04
2033ac1f-3095-4b55-bf8d-770cbc4a73b4,WI,1482764,2/7/2022,10,silver,FIN,016
f10f36ee-f304-447f-971f-32384a1b3b84,VA,1105389,1/10/2022,5,silver,FIN,015
dfd4b130-3646-4739-b199-9bb097ce112b,FL,1130818,5/18/2023,1,silver,INS,09
68de47bb-8630-4ad6-ace3-d9041909d267,SC,544610,5/12/2022,1,gold,INS,010
33a0a8fb-150e-4a1c-902e-c583a5160ca4,KY,1084215,6/2/2022,1,employee,INV,020
1c5eef49-1a1f-4b43-993d-608ac64cdf2f,OH,17531,7/3/2023,10,gold,INS,04
0f83b8a4-09db-4890-b89c-a34c4a8422f4,KY,1276846,1/24/2022,9,employee,FIN,015
1ad908e8-4e07-4785-9d18-d5d322df18db,CT,1003047,7/23/2023,1,silver,FIN,015
aab2407f-70c8-4fde-8722-2949822d7f8f,TX,111709,5/21/2022,6,bronze,FIN,016
f7ad0f2a-e28d-4308-a90f-ec8b49759344,FL,5689,4/16/2022,2,gold,INS,04
f936bb04-e683-4d70-81f4-aa4e77a790d9,FL,746374,7/14/2022,2,employee,INS,08
19cd994e-e6a7-4aff-809b-4f71244af07b,OK,2832,8/20/2023,9,silver,INS,08
ef4d27d9-ede5-44f8-8f7e-7e99ed467a18,OH,862422,3/21/2022,5,gold,FIN,019
71464ff8-2e0d-4fa8-a599-e347dd0be2fe,NJ,1001563,7/10/2022,9,bronze,INV,021
32978068-85cf-44d4-b8ed-e5e8219ea79e,CA,1015009,2/25/2023,8,employee,FIN,015
a84c7c25-a066-4479-b59a-309d6d2b8474,IN,715665,9/2/2022,3,gold,INS,03
c10a4fba-f7c1-4861-9265-420e434d51ac,TX,150350,5/13/2023,7,bronze,INS,09
d35b599b-6885-43f3-a560-45f0aed3a601,TX,818203,5/28/2023,5,bronze,INS,09
6ff2c760-8818-4e74-95cf-6e5027bb8f3b,AL,253005,11/13/2022,2,silver,INV,023
c39e172b-e288-40de-b46b-49a6c9178d82,TX,246011,7/25/2022,5,silver,INS,04
45e9c335-7b52-43a5-8c7a-1dec2bacdfc2,PA,256241,3/28/2023,3,platinum,INS,011
1337bbf2-bfec-41dc-b409-e1c7c58c4d42,AZ,415556,5/24/2022,1,silver,FIN,013
c709b653-4428-4498-aed8-97f404f0ef75,GA,1471231,11/24/2022,7,platinum,INS,06
4aae0c63-ef86-490c-a34e-aa97551e185f,CA,46816,7/13/2023,2,gold,FIN,017
3876c816-fc10-413b-8258-6b42f1737ad2,FL,1139760,2/26/2023,8,employee - ABEG009,FIN,014
b23d582b-0a33-40f1-be5f-63569b5beb5d,WV,389387,5/15/2022,5,bronze,FIN,018
3eb477ef-ed67-4dd2-afd4-24a6114038cc,OH,682028,7/19/2022,9,employee,INS,03
fd778515-e9a9-4ce1-906d-adc3fc3bb38e,WA,850808,3/29/2023,2,employee,INS,08
252bd36b-a88e-4ec9-ac46-dea8fb4f2b85,NY,604759,5/19/2022,7,platinum,INS,010
0da282ca-1817-4309-a708-febd3f303e84,MO,644207,5/18/2022,10,silver,INS,011
e77dbcea-0a8d-4a07-bd96-e07f7a8b16be,TX,1172369,7/7/2022,4,silver,INS,04
7756b7f7-8612-4bc4-9c66-e8594eb19185,GA,1328527,2/28/2022,7,silver,INS,012
ae60770f-69bb-4e8d-ad12-6473a7ddeedf,#N/A,957656,6/12/2023,5,platinum,INV,020
b0fc7fbe-5801-46a7-9878-6295ce2a2fc9,TX,1395941,5/13/2022,9,gold,FIN,015
ebf5100d-865d-4573-96a2-c0920c5e0ba1,MA,1226200,1/20/2022,1,employee,INS,05
acedebc5-c3c8-4ed8-bf75-66af1f7c391c,TX,227863,3/20/2023,2,platinum,INS,06
acc7bd23-c436-4228-a49a-9fb1f6357c32,#N/A,1166365,1/6/2022,2,gold,INS,05
a3747eb7-2d81-4568-b0f9-0bfd39956afa,NJ,172435,5/19/2022,3,silver,INV,025
2e07846c-35f1-4a15-9278-ddd8d49e932a,NE,603610,3/17/2022,2,employee,FIN,017
1bbbd71b-1170-4f4d-8b20-87e32162e044,DE,329858,4/9/2023,10,employee,INS,06
78f08b3a-a5cd-4fb0-96e3-4fd3c4db4ae9,FL,238997,6/30/2022,8,gold,FIN,013
5e63eaef-81c3-47b4-a939-7810c57e8601,MO,1047080,2/21/2023,3,employee - HEATHER001NJ,INS,012
02e520d6-bdf7-460a-a74c-effaf490af2e,IL,384410,4/21/2022,3,silver,INS,08
dec2762b-0505-4101-9867-94a4b2cfa328,TX,694202,9/6/2022,6,silver,FIN,014
6cda2c5c-e770-4c1c-b2c0-5e299ad6a982,CO,495963,7/22/2022,4,platinum,INS,09
1185b27a-c7af-4882-a67b-23ae467fd8f5,OH,1030840,10/3/2022,4,bronze,FIN,016
7137df4b-bac4-4196-bce8-7c56a24a103d,IL,299712,3/4/2022,10,platinum,FIN,014
2fae9116-896d-46f3-8337-b57d8e149e66,GA,891229,9/13/2022,4,bronze,INS,07
f611af7b-c099-45e5-b074-d5d79a800779,OH,736133,2/7/2022,7,platinum,INS,011
fc325493-6b78-4929-97a7-4a32c7be9e27,DE,947714,7/25/2023,4,gold,FIN,017
253a42e8-ef15-4b94-9e29-cedd5fe6888c,CA,1188306,8/3/2022,6,platinum,INV,021
2942b270-645d-409a-997b-ed3c0da4e7a1,MI,1481107,1/18/2022,4,gold,INS,05
b088b435-1a9d-4e1e-ae0f-48476d0c060b,#N/A,958760,2/21/2023,9,bronze,FIN,019
25c9a169-c9d8-4726-b660-01e2b1d875e1,CO,1033465,10/14/2022,1,platinum,FIN,014
87eb9c2a-ddf3-4784-ab6d-9fbd74d886fe,KY,750231,2/9/2022,1,silver,INV,021
fad47a66-8cb7-45d0-8db5-14cf1eae1269,IL,512849,1/25/2023,4,bronze,INS,08
4dd32460-36ee-4570-a053-a720933b7172,IA,534108,1/17/2023,3,employee,INV,020
d169e495-243b-4d94-8254-8b3c9b0e6d29,TX,894077,5/24/2022,2,gold,FIN,018
617cd600-4dc4-4861-a05c-79efd0544520,CO,1250236,12/19/2022,9,gold,INS,07
f4a1f80d-039c-48f1-ad3d-ce8bce8553c2,CA,1084807,4/13/2022,9,gold,INS,07
069c6ceb-5c10-4e49-a73a-e5bd8526e2ee,MN,926260,12/3/2022,4,employee,INV,021
a80a92e3-5be5-47d6-8789-4af1d50574ff,FL,341327,6/12/2023,3,bronze,INS,02
ae8a52af-3426-4271-9fcf-e7dea5ec5350,CA,136094,9/4/2022,2,employee,INS,010
52a162a7-8877-4301-90d5-50403d517961,WV,268969,1/7/2023,9,employee,INV,021
31563a6d-8719-40cd-b8ab-856e095144a5,KS,1416303,3/29/2023,3,employee,FIN,015
d636eff3-9a7c-4a3f-a8c5-cf15799e46d4,NY,627960,2/13/2022,4,platinum,FIN,017
31054738-df86-4c68-96e7-ba95e623f9f4,GA,609843,9/26/2022,7,platinum,INV,024
cdd982cc-61a6-4520-9091-327f942f591e,CO,27418,12/6/2022,10,bronze,INS,02
29e173ea-d56f-4b9e-a111-f06a569bcd1e,NY,745303,10/10/2022,4,platinum,INS,02
ea16b926-6f30-461a-85f8-9f94313355b6,PA,715343,9/16/2022,10,employee,INV,022
f5b0c9a3-d9e2-4d8b-ade3-9eb46eb1bc52,LA,685101,7/14/2023,10,bronze,INS,012
bd8e6bb1-9233-487a-b992-e34072efefd6,IL,914261,10/14/2022,9,employee - REESEW992,INV,023
65e8028f-8071-4e18-8b77-e0ec22c081f6,WV,570555,2/26/2022,2,employee - JANEDOE008,FIN,017
ca5ee21f-a466-40de-ab6d-26612ec7574a,OR,501306,8/30/2023,6,silver,INS,010
b645e959-78f2-4356-8c01-57a95dec6474,IA,656141,3/14/2022,1,employee,INV,022
3e56a962-474f-410b-8f57-7a7aec54ee15,VT,532039,12/26/2022,8,platinum - AZ882TTY,INS,04
a6fc8f93-2eee-405a-bf9d-a112b42b74f0,CA,861593,8/14/2023,1,employee,FIN,014
63373597-0da5-455c-bb19-21b899f33339,LA,651195,4/26/2022,9,silver,FIN,015
2221f055-80a2-4e9b-8bee-c13774c1b4b8,#N/A,78323,3/30/2023,6,employee,FIN,015
cde39e3b-1562-418b-9a6b-8059a08d62f6,CA,280217,4/27/2022,7,platinum,INS,010
e8aea48d-0349-4088-8386-0ef6b77cb7d7,CA,248918,8/6/2022,2,bronze,INS,05
1cc6bd04-ead9-452e-903f-dec9cfc7dfeb,CA,1164127,2/6/2022,2,bronze,INS,012
534fe7a2-a0e2-41cc-af06-654d5e01bc57,AR,1270361,10/5/2022,5,silver,INS,02
0a641385-700a-458e-a00a-eafba6ddfb13,CA,265644,7/19/2023,2,employee,FIN,013
4900fc3b-a5ec-4853-9343-c8386c08f477,AL,1147526,4/22/2023,10,gold,INS,012
a279a3ca-e364-405e-b8b6-fedd75f8960c,PA,1420103,8/5/2022,4,bronze,INS,06
ce910e88-af30-4110-877a-860e7146201b,CA,491761,2/5/2023,8,employee,INS,04
e19767e5-8804-421c-93f9-b7cef13b7162,VA,1123378,4/1/2023,1,platinum,INV,020
45fe4904-f147-43f6-bd67-f9546fe96082,FL,191954,8/24/2022,6,silver,INS,08
2a921bde-3a1f-48c8-b427-2a1b81591211,CA,83016,8/10/2022,1,silver,INS,010
125a8876-9b36-4b85-93e3-985d779ac1cf,IN,107501,2/28/2022,2,silver,INV,022
2b251757-cab5-4b0e-b652-1d7318007f3b,AZ,1001458,2/18/2022,8,gold,FIN,014
bcbd08d8-f189-427b-9e62-b89d3d6c5ee2,CA,852438,8/25/2022,4,employee,FIN,017
3b18a99d-a0c4-47ca-a08c-af64f209183d,CA,841553,3/7/2022,5,silver,INS,02
a12f10f2-54ff-4a51-a7b3-166d7d5929cf,WI,636443,12/29/2022,8,silver,INS,010
cc6d2e2f-4c10-4f97-b8f6-1e1f5fe8c8e0,TX,1031044,3/23/2022,2,silver,INS,06
654aa81c-17e9-4b14-a4d5-5b607c8b6c02,CA,1212959,6/5/2022,5,platinum,INS,04
ee307e89-fc30-48e3-ae14-90e007e65805,MD,421091,8/13/2022,10,platinum,INV,023
0924657f-e836-4ed6-9857-d927531d0109,CO,1130381,4/2/2022,6,gold,INS,09
61f37cd8-0c29-4752-b903-642b26f89226,AL,574629,3/26/2022,5,gold,INS,012
c43be05c-19b5-48d1-801f-357243c69a8f,FL,"$314,692",3/13/2022,2,bronze,INS,04
07ad70de-dad9-4d3e-9a9b-d6b1b71460b6,TX,"$1,344,213",1/8/2023,1,platinum,INS,011
4c773e52-4e8a-4463-9fda-64a20fa884b2,OH,"$512,736",5/9/2022,8,gold,INV,021
bba39713-bf19-41d2-abe6-77e4c63c27ba,FL,"$1,339,723",1/16/2022,7,platinum,INS,012
18e00a43-34b8-452d-894d-31a53a9a5acc,UT,"$1,473,823",4/14/2023,6,platinum,FIN,015
dd09f78c-d953-4f94-83c3-fbfdab57c64d,FL,"$238,490",2/15/2022,2,silver,INS,07
1f5640de-3d75-4603-bd49-c5be08c5567e,NC,"$1,486,658",7/12/2023,3,bronze,FIN,015
3d50cc01-f7b7-4df4-8447-d1abb0896322,OH,"$1,232,562",3/20/2022,4,gold,INS,02
4722a26c-d1be-4ba7-a8ea-178be88b13ca,FL,"$1,025,677",4/26/2023,9,gold,INS,07
38f11ba0-da9c-493c-abd8-a6ef69988259,TX,"$1,231,451",5/4/2022,3,employee,FIN,015
66e1c710-9326-4c4c-9338-e1e65ecd6809,CA,"$316,121",3/31/2022,9,silver,INV,024
041ad7c2-1c0c-464e-8c72-414b7fcc8ae9,TX,"$1,213,093",6/7/2022,5,bronze,FIN,016
124762a1-806a-4742-a538-992cce83e345,TX,"$836,616",7/3/2023,5,platinum,INV,023
456b016a-1ea7-43a8-82b3-3a23ac5cca59,#N/A,"$1,104,838",6/4/2022,8,silver,INV,021
e67fbaab-f24b-4fe2-910d-196aea2bf57c,NM,"$890,311",3/24/2023,8,platinum,FIN,017
728fc7f7-2217-4c2c-9e4f-48857be7cfd7,VA,"$850,851",3/27/2023,1,employee,INS,07
888eb4ea-7fa3-407e-a074-5abfb4e4b8ff,MN,"$40,882",2/16/2022,7,gold,INS,011
c9448ebc-ac19-4559-9b8c-5d27f1d94f65,NV,"$1,150,813",2/3/2023,2,gold,FIN,016
47cba71c-7dbf-4c51-9811-6f52d02eebf5,NY,"$296,835",9/5/2022,9,employee,INS,09
6d05d930-c178-49ed-9690-e5b3e44c05dd,MN,"$1,445,420",1/12/2022,2,bronze,FIN,013
9666d2c1-4d16-4f3d-b367-334b4009b5c6,NE,325883,3/24/2023,10,gold,INS,011
61ace923-25a7-4662-9718-9462909bc087,MN,658149,5/19/2023,5,gold,INV,024
0e1fdc4f-95ec-4277-91b7-77d68fdef283,OH,390856,2/15/2023,3,employee,INS,010
1abbe9c7-7915-405e-9d69-a202a4d7cdfb,PA,37606,2/21/2022,9,employee,FIN,013
bdd8f829-f6d7-4bbb-b690-e079bfb00402,CA,58781,3/22/2023,3,silver,INV,020
e4b1b17e-8a81-4807-8c00-d99d7d6e961b,FL,45219,5/27/2023,3,bronze,INS,03
cd6cda57-f012-4bd9-9613-bb46a022726f,MI,1394468,4/20/2022,10,bronze,INV,024
d18cff5f-bd5f-49cc-88d3-f94c6299c022,MI,394391,4/11/2023,9,employee,INS,012
89b8bd10-0831-4988-8cf5-6e8dccff50e5,IL,1201738,1/17/2023,9,bronze,FIN,016
23f2ec15-079e-46b7-8fba-0c38af777542,IN,847937,5/30/2022,6,platinum,INS,07
db11170f-c128-4593-8282-0a5263e8329d,CA,1222102,2/11/2022,6,platinum,INS,04
744821e2-a534-453d-9d1a-45fa071b1c33,NY,651316,7/27/2022,10,silver,INS,011
d2a22f09-360d-499c-b9e6-73a8cd46fa31,MI,416303,5/22/2022,3,platinum,INS,011
d3e75c82-7a24-4d71-bddb-c94fc6e95028,UT,1459462,7/16/2023,8,silver,INS,04
b8324077-1b4b-43b6-a613-9791f6c310e0,WV,152612,4/20/2022,7,gold,FIN,016
93d27122-db95-4276-a916-6d9d3f537960,PA,1448231,5/30/2022,1,employee,INS,03
e4a348e0-f48f-44d4-8d5b-24b723b94f20,FL,895706,6/3/2023,7,silver,FIN,014
3dc66eac-3f92-4d86-9360-6c268034da9b,TX,496892,12/1/2022,2,silver,FIN,013
5213cb24-bf30-4ba9-82aa-2c842b2743ee,NC,512572,8/12/2022,10,bronze,INV,020
2849af71-8031-4a3c-bf23-b0301c80fa31,FL,523670,7/13/2022,7,employee,INS,02
9d4b0afa-4f81-4f3e-a3e6-db05c2aac237,MN,952647,7/30/2022,8,bronze,INV,025
5cc150f2-3725-47a7-ae7c-e7021c0c8e83,IA,958867,1/13/2023,5,bronze,INV,023
887a1378-05bb-42a9-afa0-63e30a71a87e,TX,1104207,2/12/2022,4,platinum,FIN,018
6c0a76e7-5ac4-4861-9444-8ecab9941c7b,CO,222335,6/6/2023,4,employee,FIN,019
425e52c6-d662-4bdf-a7ae-7367f0a20acf,IL,550934,10/29/2022,9,platinum,INS,07
59f15bd7-fc20-4cf6-ac56-385c38770bca,TX,4195,7/23/2023,9,bronze,INS,06
6a2256d1-3330-431d-aa54-80a6f4b22e4a,NC,304466,2/13/2022,6,silver,INS,03
d492fa0f-a095-4917-a6d9-5e27eabf8a54,NY,339434,9/10/2022,5,gold,FIN,016
8e07125d-a46d-4cd9-930c-8e4cf08b2909,SC,1226559,7/23/2022,7,gold,INS,011
d4592c57-3ee2-489f-9191-97853bf226cf,CA,171362,11/17/2022,4,employee,INS,08
2207b967-4ca5-4c35-93d6-50c294f2fcdf,WA,134460,1/11/2023,10,silver,INV,022
538496c0-75a3-490f-939a-6964b37f2ec1,GA,811018,6/8/2023,3,bronze,FIN,014
bde6931b-2db5-40f7-9a4d-23ed401a56df,OK,1171745,5/9/2022,5,silver,FIN,014
db72154c-9603-4d6a-a9b1-e912d7bbc998,TX,990301,5/21/2022,9,platinum,INS,02
d210b18d-2900-4615-b48e-767205e4d711,MA,485611,3/16/2023,9,silver,INV,021
1f4ac989-7845-49be-9ac0-1cb060248b9e,PA,973198,11/14/2022,8,employee,FIN,013
f33fc14d-1642-4cf8-acf7-3ea262e946c4,FL,48079,3/21/2022,4,platinum,INV,023
24571cde-a350-46c5-b284-e570502e5812,WI,100343,1/10/2022,10,silver,FIN,014
717b2086-bfb4-4326-b703-c970aaf43948,GA,406145,3/3/2022,2,platinum,INS,07
f375588c-2504-4a10-9554-10b03a447723,TX,34682,9/14/2022,10,bronze,INS,05
83e4ccdb-d8f4-40c1-b4c0-e6cb179cedb0,MI,1149381,2/15/2022,9,employee,FIN,013
e68bedb6-5c88-4f6b-9f19-055bcc95dd91,WA,769431,3/25/2023,1,bronze,INS,05
b6ab2eb1-6e29-4f86-a951-808509464ead,FL,971348,9/2/2022,4,gold,INS,08
ff1a0188-75bb-4763-91ac-63099c98b0f4,CA,852083,7/6/2023,4,platinum,INS,010
dadcba95-cf2f-4f9a-9285-d37000826892,TX,582160,3/27/2022,2,silver,INV,024
1396a880-b80c-4f7d-b6f9-e215fedd5383,NY,1317462,1/31/2023,8,platinum,INS,06
d99f3490-c787-45ce-813d-a5533d7d5886,NC,334798,12/15/2022,3,silver,INS,04
64a48656-c857-4b90-bd91-f91c43220555,CA,773559,7/8/2022,4,bronze,FIN,017
f75ca21d-f152-4f13-9dda-b2f49e93e4a5,NY,839875,9/25/2022,5,bronze,INS,03
b4aa1b43-e477-415a-bd43-aebf04082892,FL,1323903,1/27/2022,4,platinum,INS,05
f1ec3bff-d6ec-4f0c-a2e3-05226e0b5074,AL,619517,3/23/2023,5,platinum,INS,03
6fd3486e-ec02-4a97-82e7-4bd9f4c892d4,TN,356908,2/27/2023,6,silver,FIN,013
7e919721-add9-420d-87b5-4f9f47e39f9c,AZ,210257,7/12/2022,5,silver,INS,02
c954a880-118d-4ee2-97a4-bad3dbbcec0c,IA,300229,5/31/2023,4,employee,INV,021
537d8179-7bf6-4949-9904-5d20846e32af,OK,1230719,10/6/2022,6,gold,INV,023
56e8ca6d-1960-414e-8d08-7406695f0a51,MN,173054,2/28/2023,6,platinum,FIN,014
9b84e352-b196-4662-8925-def54cfa0ad9,LA,149043,7/17/2023,5,employee,FIN,019
ece6484d-ffa7-47c2-96d1-467de9a249b1,HI,1324776,5/2/2022,1,platinum,INS,02
6bfbe2f5-d41f-4de1-a0d9-e611e41a475c,AL,806727,4/12/2022,4,gold,INV,021
5820feb4-c152-4b21-8194-4cef0b132706,TX,1179666,6/13/2023,7,platinum,FIN,018
e792eb26-2ba0-4236-b428-a6d4ecdcb24c,MD,1170980,8/26/2022,10,bronze,INS,012
efe2b4e8-316a-4e92-95bd-dd41f3d96a35,CA,690757,8/24/2022,2,platinum,INV,024
06e39049-bb8c-4f67-95cf-d505b6b59797,CA,326386,7/7/2023,1,bronze,INS,011
72231d42-084e-4af5-ab15-31063f275c8c,FL,1069235,1/4/2022,4,silver,INS,07
5ad197c7-b1f7-4c20-9b7b-0b3e1c04b45e,CO,1314923,7/19/2022,7,platinum,INV,022
c80f60e2-902d-402d-9ede-ee7ca19b49ab,NJ,1265719,1/6/2023,9,silver,FIN,013
ed79fcc3-63e7-47e5-9d80-0b108068f8ce,OH,172923,6/5/2022,8,employee,INV,022
21f647f3-bde0-4a34-ba03-214ad4b5b686,AR,853999,6/3/2022,6,employee,INV,024
5a40102a-ffe8-4c50-af23-b5afecee13ba,CA,913828,6/3/2022,3,bronze,INS,04
ba5d5275-e6eb-4329-87ed-6d88d9dfc111,VA,908170,4/1/2022,5,employee,INV,025
9e97a5b5-e203-4bb1-bf64-650a98775fb6,VA,245766,6/10/2022,2,employee,FIN,015
bbcc04f2-0282-4832-85b6-9fed0e0489e5,TX,243254,7/19/2022,2,bronze,INS,03
5aa0db3c-d732-4d92-8431-ac97be332d3b,OK,377214,7/23/2023,1,employee,FIN,013
9b309449-0290-4947-acd6-662bb58a7f20,IN,294129,3/4/2023,1,gold,INS,010
a1c1420d-c88d-4d50-9761-dc05a3790aea,NC,1165337,5/11/2022,5,platinum,INS,09
787f3fce-d983-4579-80f0-1dfba4254b11,LA,1403111,8/22/2023,5,platinum,INS,03
42e3bbf9-9788-44e5-b59c-4cc53fbb22b8,TX,503608,2/1/2023,8,gold,INV,020
8e485a76-8b8b-4d0c-b090-8d8a4382c24a,VA,811034,6/13/2023,1,platinum,FIN,017
60d680b5-02d9-4da9-8cf0-ab7203ca3bc6,CA,5249,12/13/2022,7,silver,INV,020
25a9943b-d393-402f-945c-bfa5afb3d377,PA,1012822,11/29/2022,5,bronze,INS,011
1dbb396a-ae2d-4e91-be9b-5711b7e60f7f,TN,1479738,11/13/2022,10,bronze,INV,020
dc7a16e3-f99e-4e31-b758-30733f0c4b3d,PA,112058,7/8/2023,3,bronze,INV,022
a9a1854f-677d-438d-befd-e75b844bee38,KS,237655,1/20/2023,10,employee,INS,04
81f26ba3-36f6-4c6d-9798-06425b06a7d1,MI,1363367,6/16/2022,7,gold,FIN,015
026611f7-c6e3-4178-8f0e-45128c8bb4dc,OH,411347,6/10/2023,8,silver,INS,011
2dba6bfc-6cd7-449b-b9f0-01d47f9159ee,NY,1317333,7/16/2023,4,bronze,INS,012
6913b9ad-475a-44da-bfc1-a53dfed0c491,DE,519041,9/11/2022,9,employee,INV,021
db08acd2-cb69-4f4a-ad81-7f2d1e40b848,NC,988704,12/22/2022,5,platinum,INV,024
e93a9585-5680-4d59-9c0d-868c97b3a1d0,MI,1475980,8/25/2022,7,silver,FIN,019
ac363d17-4c11-42ed-8110-c0c6003ece56,CA,406693,11/17/2022,7,silver,INS,02
fb20d534-b711-497c-82a6-2037de037e13,LA,1033266,1/8/2022,8,platinum,INV,025
aba92a66-4946-40d6-b87e-fd610b3808dd,IA,643509,2/9/2022,6,bronze,INV,023
2027d498-dde7-4504-b075-50ef534c6d2f,MO,220496,7/31/2023,2,gold,INS,07
63dfc7a3-0b05-419f-86e0-c34937b688cb,VA,1049186,12/1/2022,6,employee,INV,025
e9d58bfa-21d3-4752-9f4d-f08ccc4a63a0,DE,550218,4/14/2023,9,silver,FIN,016
33ff1f28-0941-430f-b6d7-ecb7a28f2502,IN,1247844,10/24/2022,7,silver,INV,021
8c029066-5cef-4d8f-99a4-cd67c0f17410,TX,533445,3/2/2022,7,gold,INV,022
ef36901e-ebb7-45c5-82e1-81952e31a674,PA,885687,4/1/2022,7,bronze,INS,06
e919273d-09be-44f0-b4c7-1fd8abb6cda9,CO,496507,1/13/2023,9,bronze,FIN,014
9fa16b4d-26d4-4ac2-9e92-f0e45842771f,ND,1382334,12/15/2022,1,silver,FIN,016
7facd37f-e069-404c-b07f-3e1f899faec3,AK,1386132,3/11/2023,5,silver,INV,023
caf45f81-610f-4625-acbc-14049c311aee,TX,1112768,7/21/2023,5,bronze,INS,010
e7660303-0c25-4c7c-8998-684bfed06cac,CA,429753,12/19/2022,6,gold,INS,011
2d5721fd-77f7-4f62-8047-f7fae8ef8b30,VA,824407,5/16/2022,2,platinum,INS,02
bf842a62-9d8d-4269-a88f-714ecfbb4cfe,MD,681192,8/30/2022,10,silver,INS,02
ecd0f681-d5a3-4208-97f2-8ebf49f0d4fe,WA,1140193,6/24/2023,5,employee,INS,02
4c86264f-5f51-4bfe-a80d-7bf3bddfd026,KY,704849,1/13/2023,6,bronze,INS,012
b42c9989-aec0-4e2f-8b90-df220f45ec7d,#N/A,62624,3/11/2023,4,silver,FIN,016
87b16f5c-8153-442d-854f-03f465dddc4e,OH,1060204,8/11/2023,10,silver,INV,022
9c1c4ecf-dab0-4de7-8eac-10464b61e01f,MO,1167554,12/3/2022,9,gold,INS,07
477f65cb-2e6d-4a3b-b59e-154448e3e85f,IL,394244,1/18/2022,6,employee,FIN,018
71b8ea89-9151-4fbe-ae14-470c697c2743,WI,527184,11/8/2022,8,platinum,FIN,013
c5d5891d-8aff-4989-9181-afed40830de3,CA,545921,9/4/2022,5,gold,FIN,014
61508571-952b-438c-b46d-376112727b22,TX,1123206,10/3/2022,3,silver,INS,011
0db08119-35e1-4e21-93a9-fc9fbec32a1c,NV,26032,6/3/2022,6,gold,INV,024
2a0cc388-242c-46b5-9730-816e821f1808,CA,636822,3/15/2022,9,gold,FIN,017
f6cd6294-6953-4643-a87d-df7670a6ba71,TX,1139935,5/13/2022,8,bronze,INS,06
cefad724-ae23-469f-b346-0c74cea287bf,NY,1388546,6/28/2023,2,silver,INS,08
9384bd99-d9d2-446b-9a0d-118d116e56dd,KY,331725,3/2/2022,1,gold,INV,025
9101c9e0-1173-4339-ac6d-ccc69852e0cf,OK,343841,11/18/2022,7,bronze,INS,07
9e8c4af4-004d-443a-aa8c-5edd3f278b9a,VA,270231,6/27/2022,3,employee,INV,021
abf5d499-d94b-4a26-8542-97e185b255e7,NY,948085,11/29/2022,8,platinum,INS,010
d29e258f-1809-4a2f-a71c-dff8d8863f5a,NY,695372,3/29/2023,2,employee,FIN,015
41aa4ad9-1218-44b5-b47e-af9ec21c8686,LA,943206,12/2/2022,2,silver,FIN,015
edafefeb-8d71-4a03-b73d-8aa67609e46c,TX,1460673,7/16/2022,7,employee,FIN,019
0de131b3-8242-4964-b924-c86a48d9c2a4,MI,1091596,10/10/2022,1,bronze,INS,02
32a0c0e7-606a-49d7-973a-c0f79664ac9a,GA,75216,2/27/2023,10,gold,INS,011
076c2fb1-c815-4444-97da-2e576d1435ee,NE,825607,7/30/2022,2,platinum,INS,05
8eb919f9-c7c6-4c94-9b72-74c8a0da0d31,FL,3583,10/1/2022,1,gold,INV,023
1f06c90c-8664-46ef-9179-e7d3a63a3d5f,AL,1327161,1/9/2023,3,gold,INV,022
a873edb3-1dd3-41ac-9bb9-9aadf4f0ea67,TX,350702,8/20/2022,6,platinum,INS,05
a31be20a-828e-4ff6-a755-906f2092eede,MI,49698,7/4/2022,9,silver,INV,022
984d95f8-3d82-418e-816a-70bda0a8946e,KS,838431,7/28/2022,1,bronze,FIN,015
8da00de4-0e8b-40bb-8f61-59964da88a4a,OH,654716,2/5/2023,2,gold,INV,023
0185e44a-c87b-43f1-bf51-ea629b06bb51,DE,377823,6/6/2022,9,employee,INV,025
12f6e041-4f45-4160-89e9-196a7c34d599,NC,928044,5/7/2023,2,employee,INV,023
e6fc77ce-726d-4150-88bf-3792dd3094a0,CO,149632,7/29/2023,6,gold,INV,021
0e476db8-425b-427c-8c15-d32efa1d411f,MO,1310153,3/21/2023,6,platinum,INS,011
9ebafd0b-d943-4fce-9594-35ccb3e2ccfc,NV,207239,7/12/2022,9,bronze,INS,07
2acd9cb9-64c2-421d-9a31-ae3c4a273979,#N/A,347678,5/18/2023,3,silver,INS,05
c4565cba-72eb-4bf5-9e21-789e60d1e415,AL,851261,2/15/2023,8,silver,INS,03
88ebb212-f78f-4313-8c06-91807281703d,IL,1468222,9/13/2022,9,platinum,INS,05
fd506deb-99e8-4573-9d2a-f8fd4541e5a7,CA,1396517,4/13/2022,7,silver,INS,08
da3ea4f2-cb51-49d2-9adf-a2cf7954a0c5,OH,1430162,8/25/2023,4,employee,INS,011
4c748dc7-48a4-4eb2-863e-ab7a14e3d2ad,CA,1386934,7/5/2023,3,bronze,INS,02
21bc2d23-4fd9-4cd8-8c74-7c31d49070f0,WA,749640,12/21/2022,6,platinum,INS,08
818f1139-200f-43de-848d-a8440bec3110,TX,1153206,12/25/2022,9,employee,INV,022
4a0fd545-a211-464d-b0ba-5bdfdb87f981,CA,671784,2/14/2023,7,bronze,INS,08
4f535dba-3f9f-474c-bf13-21437ee61602,VA,1389685,7/25/2023,2,gold,INS,010
c84baa9c-7f4c-4a1f-bf1a-dfa68fe31139,NC,1190241,7/24/2022,5,bronze,INS,04
a1ec5de8-a8c3-4669-b64d-caef4a230cfc,#N/A,894332,7/2/2023,10,employee,FIN,015
16f5a3f3-d993-46fe-9938-ac8780865b31,PA,39848,3/11/2022,1,silver,INS,011
37e58dd9-aec3-4b90-9f9e-5bab2f71b28f,FL,650861,12/31/2022,4,platinum,INS,012
e147e8b8-3723-40c2-bbc8-ed771c0cd22a,FL,349191,8/22/2022,8,bronze,INV,024
7b39a025-b4bb-4f08-8d69-597a21c3ecb1,MT,1457068,9/19/2022,2,silver,INV,022
ba0aeb68-320a-462d-a912-1e9443aca3fc,NC,1495532,2/9/2022,4,silver,INV,025
6cc607c0-33e7-41fa-a4c1-ffaebcbfe206,WA,758251,4/2/2023,10,bronze,INV,024
22465147-1c3b-4d85-8f41-9d201d7a90e9,IA,581005,11/23/2022,6,gold,INS,010
f42332b7-09a6-45e4-bc4e-1dbacd536a07,WA,1123343,7/8/2023,2,gold,INS,04
c7a701e7-98d7-44be-b3f6-90db947bb476,MI,1134859,3/19/2022,4,employee,INS,010
4719e32d-948b-49ac-9499-55538af33450,MN,1478047,4/11/2022,4,gold,INS,06
4cbdba63-0bd3-4d77-97dd-f41940ef0ce8,CA,356580,6/26/2023,5,platinum,INV,021
d6302e04-0647-46d3-b700-07d01a4197fa,PA,685850,6/7/2023,1,employee,INS,011
a9fc4db8-d2de-48c0-98e6-cf249e253238,CT,140974,4/3/2023,10,platinum,FIN,019
87156516-78b4-40d4-a0cf-e5cd5e527f07,SC,1277565,6/18/2023,4,gold,INS,05
b283cbf1-21b1-407a-9593-e8222cedc8a7,MI,178329,3/24/2022,8,silver,INS,06
acf57888-2c36-4bfe-9282-1a2c090179f0,OR,1093461,1/14/2022,3,bronze,INV,025
42285d07-ee51-4803-83b3-ca858cc69ee6,MO,188108,6/6/2022,2,silver,INS,03
b8e47c4a-e638-4ffc-9355-081651188adc,PA,727702,1/27/2022,2,gold,FIN,018
62efa399-1582-4927-a8f2-2dd0f12c5ef5,WV,159212,1/15/2023,5,silver,INS,07
0d472dd3-7e44-488b-b402-53e17da7e855,CA,1382669,1/23/2023,2,platinum,INS,07
ded6b157-b2f7-4f5b-a423-9499ec113334,MO,612116,8/28/2023,6,silver,INS,03
d10eccfe-74a9-40ef-b1d5-c3707dd7a540,TN,1463751,5/26/2023,2,gold,INV,025
d97eca2f-98eb-40e2-9b9f-ac0044205220,CA,149364,4/16/2023,8,bronze,INS,02
113bc4e9-74d0-477d-be06-d9733e5e0024,NC,1013013,1/31/2022,10,silver,INS,010
f06867fd-dbd6-4095-9c23-cfd2fd63124f,KS,55265,3/15/2023,1,employee,INV,021
8b28ee59-8798-4c40-94e7-06bc67c48f0d,IN,446662,2/2/2023,10,bronze,FIN,019
056d9463-4282-4c89-af3b-3cb54bea20cc,TN,1421704,5/28/2023,1,silver,INS,03
e7652adb-3510-4cbd-8e82-a92f1cf6ca6a,TX,56968,4/2/2023,4,gold,FIN,017
d1b4e910-0f52-42a7-b49f-5aae4dce6087,CA,1286972,6/22/2022,7,gold,FIN,013
5a3a3f0c-dc8d-48ce-b928-b710ab085c7e,OK,957858,3/18/2023,6,silver,INS,011
d443242d-478e-4051-b773-49368c5abf5a,IA,506660,9/3/2022,5,gold,FIN,017
bf23833a-13ee-48e4-a026-93f6da2dbac1,CA,1062305,1/2/2022,10,employee,FIN,019
9745e323-edfc-4064-af62-be8d628f3373,OH,1429144,12/15/2022,4,gold,INS,06
73206e48-a1b3-4cee-b4e6-cfa8d14ee940,CA,1478790,2/9/2023,1,platinum,INV,023
18f5fba5-59a0-40ca-9074-7f3459ce34fe,AL,527976,4/4/2023,10,gold,INS,011
9ce28ea7-2505-4cab-afa6-189ecbc22597,#N/A,1303797,1/13/2022,8,bronze,FIN,014
e7ccc264-b4d3-4a13-b6e8-9b1eed3b92d2,MA,1369286,2/3/2022,2,platinum,INS,010
062d868a-d325-46c8-b5d6-ae3ad5aaf074,#N/A,296161,1/9/2022,5,platinum,FIN,016
9b255bba-0645-4905-b86d-5714a99442d5,MT,1469881,1/2/2023,10,platinum,FIN,015
010fa119-29a3-45c2-8d9f-b603f14d7e7a,CT,257470,4/30/2023,8,employee,FIN,017
5abd20a8-1707-4f39-8b66-36fc58f6d253,IN,1175342,7/4/2022,2,bronze,FIN,017
e9b5de57-2ab6-44a0-81b4-aef2fb121525,VA,1035203,6/2/2022,2,silver,FIN,017
e31bbdc0-13f6-4568-867d-25de3bc035da,AZ,963994,5/21/2023,10,gold,INS,02
357cdde8-51e2-4551-8156-f47d7dc9cdfe,CA,776496,7/16/2023,7,bronze,INS,010
90f652c2-e632-40b0-b4b7-b98f2f6a5193,FL,1004291,6/23/2023,5,employee,INS,04
8543e0fe-cfd5-4c74-b3d7-652026371d00,MA,391899,1/24/2022,4,silver,INS,03
a9b8b605-6791-4717-a7a7-c0a0b286e9e1,ND,374081,10/2/2022,10,silver,INS,09
4e40d653-e23c-47ca-98a4-2b239eb1b94f,NC,1174676,3/23/2022,5,gold,INS,03
e0a478e9-352a-4012-a425-b98654e7d477,CA,135752,11/15/2022,6,platinum,FIN,013
4eb9fcaa-051e-4a53-bd90-35678a1f7621,NC,13964,6/3/2023,4,platinum,INS,05
2b4d24f9-f491-4a9f-83be-6e294b5549f7,NY,873649,5/8/2023,8,platinum,INV,021
a0e8a8e5-9221-4171-a4c8-e83fc1b38230,NY,224516,1/3/2023,2,gold,FIN,014
56f8fecf-12b9-40e8-9be3-d50acdba83c7,GA,1003628,5/24/2023,8,platinum,INS,010
ecdfb92a-5554-49f7-b034-15de52068406,IL,1192847,6/5/2023,3,bronze,FIN,016
3a2821d3-b93c-4524-aa15-8614f63793e1,NC,1287103,6/29/2023,8,bronze,INS,010
cdb07f24-dc4d-4df4-be5d-ed6d841f3f5b,TX,787513,6/15/2023,10,employee,FIN,015
5d9b1452-346e-4a25-8b3b-641b8a92991b,WA,1220277,6/15/2023,10,platinum,INS,010
92e32552-0f42-4664-802d-7574f5b32fe9,CA,148502,10/16/2022,1,employee,INV,020
83394e7e-b09f-4946-b4d8-15ff5732ce92,TX,975626,7/10/2022,3,platinum,INS,06
32ce8dfd-5844-4319-babc-b026732148fa,NC,497997,5/11/2023,6,silver,INS,012
299f509a-80a2-4676-b32b-d71f1ea4eafb,CA,213344,4/23/2022,1,bronze,INS,010
4bb91900-9043-4e73-91b5-252d5999edb9,CA,954242,10/5/2022,3,silver,FIN,019
e901852c-c0b8-4320-ba73-fe8bce1c79e0,NY,46838,7/14/2023,5,gold,INV,024
87d662b6-fa29-4b32-973f-43cb6efe9734,#N/A,778217,10/3/2022,2,gold,FIN,016
854f6194-44a1-4159-a7cf-725b27df491c,FL,1295868,9/12/2022,4,gold,FIN,019
8b68a517-18e0-4066-a0f9-2592a6aa40a0,GA,478662,7/7/2023,10,gold,INV,023
e0e2bc0a-6418-495d-9c95-2e34e18d7084,CA,406868,2/27/2023,8,bronze,INV,025
fb218642-8983-4bb2-95ef-c2939f665715,TX,172762,7/2/2022,5,gold,INS,010
4caf1131-4be8-46b0-872d-62d945d82660,PA,713758,6/6/2022,10,silver,INS,012
ceccce1b-3029-4d09-9bf2-1bb2721899da,WA,130690,7/1/2022,3,employee,FIN,018
58f16d38-10c0-46ec-b414-6f72a6368662,MN,283116,4/30/2023,9,employee,FIN,013
650f7aa9-f422-4253-ab10-504afa97d437,#N/A,1258418,3/26/2023,1,bronze,INV,020
5ded8cd7-f7bd-4b1c-8d48-a22b670bb996,IN,748669,10/16/2022,10,bronze,INS,010
ebc1ae7a-2b15-4a5e-a545-5ed164dbd465,MA,488585,4/12/2022,4,gold,INS,05
91d487a8-82fb-40c9-88d8-2bb3da8621cf,GA,1423950,1/10/2023,3,silver,INV,025
84994af5-ee1e-4c1a-99cf-f64320910a10,FL,1074447,1/8/2023,4,gold,FIN,016
d75d32ee-a056-4748-96f2-f2c335853c22,NY,1234179,10/22/2022,1,gold,INS,04
b250bc35-7f09-40e2-b22d-673b97dfcaf9,GA,1035348,4/9/2023,9,bronze,INS,08
dea6a7df-b4ca-49d8-bb08-9ae2bbb61e99,NY,653629,5/19/2023,6,silver,INS,07
9074f07e-7eec-4505-ac87-92bface4d918,AL,49057,9/19/2022,1,silver,FIN,015
fd5dadd1-f0dc-45a2-bb0c-2a22a09a35a9,OR,739943,2/18/2022,3,gold,INS,012
851940b9-e63a-4a48-9de6-5d2928f14b7d,NV,674801,4/3/2023,6,gold,INS,04
ce47ba96-cba1-4e4f-9d6e-0b68c2db9685,LA,497521,3/17/2022,10,bronze,INS,03
0162a37a-05ca-497b-a5a3-2690ebca761b,LA,134000,5/21/2023,4,employee,INS,09
a4e076cb-5763-483c-b07f-ba470789109f,MD,413166,6/13/2023,8,bronze,FIN,015
7e1a0597-aef8-4478-ae73-532b61c978fe,MN,734840,8/2/2022,10,silver,INS,05
5bc6aaff-1dc2-402a-9cc7-f83e632539cd,CO,1108441,5/1/2022,6,employee,FIN,013
feec5fa6-f206-4e49-9813-fb5280ce6795,HI,1340764,6/1/2023,1,platinum,INV,024
1ff27af7-b214-4d81-b960-95951b3b7d46,CA,552084,7/2/2023,8,gold,INS,08
54215386-b9d7-4616-b9e1-b15bed11ecb6,CA,196888,6/29/2022,1,silver,INS,012
42a5ec11-c3a3-4e70-9810-6d01acdd8924,NC,1433154,2/18/2023,4,silver,INS,07
6685945d-8f14-4134-9601-e37818801d73,CA,74038,3/31/2022,5,bronze,FIN,017
0b35c1b5-60af-4c2b-ad56-67cbf71f612c,AK,1497388,8/12/2023,5,gold,INS,09
29b9a8e9-7d2a-4053-ab43-fc67896a8fe2,IL,106230,7/25/2022,3,gold,FIN,019
73a0f482-558d-4b11-956f-abafcff365ff,NC,306115,1/31/2023,7,employee,FIN,014
287aa076-7e15-4394-bdd1-01e6da69fd03,NH,87411,1/6/2022,4,employee,FIN,018
1bba972f-8abf-4284-8c27-fbe1e60fd5d7,SC,1156216,7/27/2022,2,platinum,FIN,015
f9a5a916-0423-4df1-8461-5a18d846e7a9,MA,4185,9/27/2022,6,bronze,INS,011
988faac0-966a-476d-8b74-7467fb86d5b9,HI,1228691,6/3/2023,4,silver,INS,02
0ba54909-0210-4763-a630-b5c0ba569610,CA,99351,10/28/2022,5,silver,INV,024
ba28ffcd-97bc-4a37-a3d0-cd892e67c367,MI,1225209,6/12/2023,2,platinum,FIN,015
f1a60392-5333-42c9-920a-59b6b0e1f570,AZ,1072583,5/24/2023,7,gold,FIN,019
70fb6374-8200-4d70-9aa6-abc3578c2afb,MD,108024,4/29/2023,5,platinum,INS,04
01aebfa9-6be3-44d8-b711-6d6dd78137a0,SC,1332202,7/17/2023,7,employee,INS,03
1c31156c-e405-4a77-96fa-9585d9a5660e,FL,795718,10/28/2022,7,silver,FIN,018
a424a533-ac4c-41fa-9139-b1e3c86b70bb,TX,235892,7/17/2022,7,platinum,INS,02
927bd5b5-7b71-42cd-af98-2d0ed8fb592b,PA,1458935,2/9/2022,6,gold,INS,09
63ac18f9-7a3c-4772-9e0c-491f5f65151d,CA,349830,2/3/2022,9,platinum,INS,07
f034f585-f083-4067-8aad-103b22477ee7,MD,272963,5/31/2023,5,gold,INS,05
3f4238fb-bcbf-4c5f-95f6-785792d45467,IA,1413153,6/27/2023,2,platinum,INS,05
4e8f9089-3826-4a4e-8d5c-46dfef4ca8f3,PA,1084852,5/7/2023,10,platinum,FIN,016
de5dc344-41ca-4b70-b2fe-bfd6059a74be,VA,1073714,3/15/2023,10,gold,INV,025
6a1afff6-f2ca-4c1e-9a21-7b96e41901f2,NY,676924,9/23/2022,6,gold,INS,012
e3ebdbba-f81c-4403-a9ec-1b1a9820bba8,CA,1386398,4/7/2022,8,silver,INS,07
b685bfde-214b-485f-bae9-f1692dfc45af,TX,647163,7/9/2023,5,gold,INV,021
821fc7c0-94a1-4658-a95f-3aae25de791e,AL,1285594,4/16/2022,3,employee,INS,012
151a1a8e-2305-4bf5-984d-afb0733945c5,CA,798282,7/2/2023,9,bronze,FIN,017
721dc467-3039-43f4-a99e-879fb9146aaf,CA,965212,7/15/2023,1,employee,INS,07
2e9f75a1-979e-4fb0-b894-b340edea93ff,AL,676881,7/6/2022,1,employee,INV,023
3e834e5e-cf23-418e-9dd5-aa0db10ba480,MT,1327622,7/25/2023,8,silver,INS,010
9baa604f-47dd-4308-98a6-cf9d9bda884c,KS,1076580,2/10/2023,1,platinum,INS,012
579cf0da-0caa-4328-beed-dd3a1a6eb034,IL,89563,1/31/2022,10,employee,INS,02
b6c41b82-4d48-452a-985f-d6cb6cc91c18,NC,23504,6/6/2022,5,gold,INV,024
16195140-6951-4bf6-bca1-fdc01aafbb6f,NV,1359256,8/25/2022,9,platinum,INS,04
b712ba9e-48fd-4f1a-9725-da9f47a81c31,GA,1399173,8/14/2023,7,platinum,INS,012
79dc40cf-d07b-44ae-a625-6fb42b56912b,IL,77851,12/16/2022,10,bronze,INS,05
7b820d8d-d47a-472e-89ea-aef71fb80293,VA,721302,5/17/2023,2,platinum,INS,04
10028541-99e7-4692-af7e-df12a06d17aa,TX,436609,2/16/2023,10,employee,INS,05
1dda7b5d-ab5a-4265-985c-a8032d09983a,TX,817862,3/14/2023,8,platinum,INV,022
c56b0e20-4f19-43ea-9a5e-b76d832c7dab,FL,1385326,12/12/2022,2,bronze,INV,021
4592c3d2-6b4b-4a2c-99d0-25585a97b6b9,NY,1022515,5/31/2023,5,bronze,INV,022
2048533e-4d72-4672-afc7-c8e7da14fc08,TN,1168130,8/19/2023,2,bronze,INV,022
14a2d682-5dde-4c1d-b04b-57c8d3ea3f60,FL,803470,5/31/2023,6,bronze,INV,021
e4535a05-5250-4a24-af64-24828fd63257,WA,1289108,4/28/2023,6,silver,INS,010
6304cf02-0d62-4a7d-8bc8-19a4655053e8,GA,1182697,2/14/2022,10,bronze,INS,06
aea41707-6336-4124-a0e3-b43ef16a90ab,FL,191894,8/28/2022,4,bronze,INS,05
203c5dfa-fe96-44cd-b4df-e51b3019fb99,AL,596884,4/5/2022,4,bronze,INV,024
8cda8cf6-89ff-4bac-aac8-fe74b3431382,OH,572266,9/10/2022,8,silver,INS,05
bb87afc4-0fbf-4676-b615-5f8bd4bb0288,VA,906351,1/18/2022,3,employee,FIN,013
2f33b1f2-9183-4dbd-96fb-37d2516a0d2a,FL,758667,1/16/2022,4,silver,INS,08
8b1a2ea4-d7ce-4af3-96f1-4da5ddf17ee0,MD,177818,3/5/2023,6,gold,INS,05
1bcc739b-f65d-4d9e-a2ac-fec2b8d0cfa2,MA,1306594,6/14/2022,2,employee,INV,021
b4ccc8bb-a24a-40b8-aad8-cc7d7a22b2f2,AK,476139,11/19/2022,3,silver,INV,020
5fe9bd21-5275-49c8-b5a2-df4ee088c68f,WA,438772,1/19/2022,2,gold,INS,010
0342c0b3-693e-420b-be72-4d392114fd6a,IL,1314935,12/25/2022,3,employee,INV,020
d0a0583f-55e3-4a68-9058-80523d36b1d7,PA,1244021,1/1/2023,5,silver,FIN,014
62930f71-4afd-440b-829f-1230823fa890,CO,861859,5/15/2023,2,bronze,FIN,017
e01f3c57-bb9b-4cb7-9ca5-a037954bb419,#N/A,1438786,4/3/2023,5,gold,INV,023
527ad90c-6548-4cc1-8de9-11921c1590a5,VA,96517,12/25/2022,3,silver,INV,021
db87a5e5-0bf2-47d0-9ef0-4c01af626a4d,CT,845593,1/23/2022,10,bronze,INS,011
6d46e9fb-d370-493f-8144-b33b51a0573d,NY,669658,8/22/2023,3,platinum,INS,06
8a18f688-16eb-4185-8052-be8ded5cdc33,AZ,1086668,1/20/2023,7,gold,INV,021
581e778a-2e8f-46cb-ad9b-93532b9e8c8d,FL,445712,3/15/2023,5,silver,INS,012
bb2b85e1-b9f5-4f08-8730-562d890b3a39,NJ,138772,2/26/2022,4,platinum,INS,08
aeb93215-cab2-4419-b2c2-44cf2f4e8b4b,TX,1228077,10/23/2022,9,employee,FIN,015
7d9584b1-369b-4851-a8ad-471939dd5cf3,KY,323628,1/21/2022,6,bronze,INV,023
25f09cf2-8a20-4ffa-a3e1-bbfda450b618,CA,588661,1/23/2023,8,gold,INV,022
d3b387c6-c54b-48e1-8d10-b991489a2108,CT,49733,11/25/2022,2,silver,INV,023
9f39e4b5-b7fe-4212-a548-de686e6f21cb,FL,568146,4/14/2023,4,employee,INS,011
c30f0215-cb18-4539-bedf-0457a81877e1,IN,818660,7/23/2023,6,platinum,INV,023
8b48a1be-4ef6-4d12-a6b3-5ab89493dc96,OR,473797,8/13/2023,4,employee,INS,02
5bd3b730-08b9-4966-ab6a-2bf8ac100dda,IA,965906,8/19/2022,1,platinum,INV,021
7a0c58ce-b1cc-43a3-9e42-605e7f79868a,TN,1187550,6/3/2022,8,gold,INS,03
189822e7-c49b-41c1-9d88-abd6cc202ac9,CA,1437427,5/22/2022,1,gold,FIN,017
7bf40ae9-b2e5-4f3b-bf5e-1281c7202b85,VA,940606,3/2/2023,9,platinum,INS,012
4ddfb3d3-5082-49c4-b136-3e7a46ab7a79,#N/A,865467,10/8/2022,9,bronze,INS,08
4b3a8e17-71cd-482e-8162-032740f36db7,NY,321618,5/13/2023,4,gold,INS,07
f3ea842b-8226-4e57-9c1b-b9e10b800301,FL,486435,6/5/2022,6,employee,FIN,013
f43e9b0f-080a-4192-b1ce-74b08aab7d38,CA,1457234,6/21/2023,4,silver,INS,02
888f8e82-4e72-4802-82bf-7b5047a3c854,AZ,579584,3/17/2022,7,employee,FIN,013
cf098b34-f7c7-414f-95ab-d032082a2463,NV,253977,2/28/2023,6,platinum,INS,07
64b74071-2e0e-40f1-8da4-5cfbeb05f0fa,TN,597528,4/27/2022,5,employee,FIN,013
8c9b662b-5493-43f5-a131-99e1b8ef9620,TX,602537,8/26/2022,1,silver,INV,025
f38cafed-3463-496a-ad71-a7599ff99e6e,CA,1256330,3/5/2023,4,bronze,FIN,018
2d9f16be-ba50-443f-b8c2-9943bde5af5e,CA,613076,4/17/2023,7,bronze,FIN,014
3c53de4e-6b14-4401-b627-9b4734c87f70,OH,978039,8/20/2023,6,bronze,INV,020
beac6b50-a50e-445f-8a33-b168ef5279d3,TX,882790,7/30/2022,10,bronze,FIN,018
65b11e48-cd68-40f8-a196-1be477120377,TX,1032028,3/13/2023,1,bronze,INS,08
438ebfdb-ca2e-414d-9975-4a4d71a7adef,CT,95983,8/19/2023,9,silver,INV,022
eab12652-06ea-4d4d-a246-59fa9296e75f,CA,992122,7/20/2023,3,gold,INS,08
4c608798-5756-472d-b89c-7ccf96e44067,UT,625064,1/10/2022,1,platinum,FIN,013
5138ef21-8bfd-420c-98cb-813019138753,FL,582365,11/6/2022,9,employee,INS,012
4eb8d999-0503-47b6-b1ef-51f11be1f539,WI,1137330,8/2/2022,4,platinum,INV,024
ac6bfa4a-8eb9-4d6b-b43a-bdbcd14b67fc,AR,1372917,8/27/2022,1,gold,FIN,013
aa350136-7070-447b-8d52-d9e1a2d06d10,TX,129915,6/24/2023,4,platinum,INS,08
af5f1554-fd05-4f5d-adbf-2f2a70744fed,CA,311566,8/26/2023,1,silver,FIN,016
58c4e194-2a2b-4ba2-9eeb-496b2df16aac,CO,1026563,3/11/2023,5,bronze,INS,06
744c2180-6f2a-4412-a77f-5bd9b9117995,GA,813255,4/1/2023,3,silver,FIN,015
5794d0ec-6da8-41ba-b105-9c9388982f3e,SC,960966,5/7/2022,4,gold,INV,025
e80dc881-1e0b-4faf-a42d-b993993578d4,MN,400316,5/6/2023,8,gold,INS,09
641437f6-175a-45a2-b7a1-5c2da2bf223e,AR,29006,2/20/2023,10,employee,INS,05
80fdc629-3f0e-412f-8f31-f89ef4f8172c,OK,782068,8/3/2023,2,silver,INS,02
1c6c0e5b-7947-42a1-97d3-524e2083ae5c,CA,786486,6/21/2023,1,bronze,INS,011
eb0abaf3-3f20-4c08-a607-f404d93bb363,VA,913564,7/7/2023,4,bronze,INS,010
9096a569-b1c9-4b07-9b22-03ea7806683f,#N/A,760289,5/3/2022,5,gold,INS,02
c7bb8e54-78bd-428e-948c-bd3bb6637ac2,MA,70452,7/30/2023,2,bronze,INS,09
2cd7e3a3-9a93-4982-b864-1d0eb9233770,TX,576311,4/21/2022,1,gold,INV,023
fc659eda-6bef-4685-bd25-b3506b5ea9af,IN,316857,10/3/2022,6,bronze,FIN,018
b2ed3c98-cd90-4f5a-ba2a-d08bdcc4765c,NY,312466,1/1/2023,3,employee,FIN,014
b98eea78-8a6a-4b1c-b388-f41f18a9226b,MN,207942,3/17/2022,2,gold,INS,07
32460a97-7ec6-4d5c-9731-337c4725a08c,OH,1204443,12/2/2022,10,bronze,INV,021
46e028ba-c469-4ab5-8be2-15dc045dca01,AZ,723338,9/12/2022,10,employee,FIN,017
1a306791-0e1a-4f60-a6b1-64e427dc5d0c,CO,164400,5/27/2023,5,employee,INV,022
c21b0c85-126d-4c8f-bbd0-9a848e17efa6,#N/A,511718,7/24/2022,10,employee,INS,02
c47284db-a5ff-4222-9d26-a71a704f783a,NJ,1245190,3/5/2023,2,gold,INS,08
28aa3a3f-df35-4722-abcd-c8484a75dfa9,NY,135148,12/2/2022,9,employee,FIN,015
e1db51af-5a26-42d8-870c-54bde8831981,CO,631960,7/3/2023,1,employee,FIN,015
c9e02894-e78c-4ef0-a643-72c11fcb11a1,VA,442645,11/12/2022,9,silver,INV,023
4914d298-4dbf-4816-8694-32e44e63d2c0,NY,492977,2/25/2022,3,employee,INS,04
8749ebd4-c33d-443f-bbb0-01c7de1a29ae,IN,1103372,6/13/2022,9,silver,INV,021
05ad81bb-e68e-4ecd-be80-f1d7ac2d3ae8,PA,270222,4/5/2023,2,employee,INV,022
46262fd9-ffbe-47da-adf7-6929037ac300,WA,318783,1/6/2022,5,gold,INV,022
c10e99d2-7fbb-48ee-8561-2b82a36fa5d5,#N/A,1053461,1/12/2023,2,gold,INS,010
4ccde06d-2f68-4248-8857-a818341414a0,NY,58197,1/4/2023,5,silver,INS,04
2968a393-43f3-4749-bd6d-5274e5101af1,MA,1427565,10/18/2022,9,gold,INV,025
b2f832ff-d165-4ff3-b414-1f97a0ee73d5,MA,6529,9/7/2022,8,employee,INS,04
65d61da0-9916-4d81-8a4d-d23fe221851f,IA,242309,10/22/2022,6,platinum,FIN,014
4cc7af33-427b-4baf-b160-9a12d32e66f3,SC,53594,9/26/2022,10,employee,INS,07
dfe290c0-92f4-444e-bf3f-735170fff6b5,IL,1316136,2/18/2023,6,platinum,INS,05
699a3ace-b5cf-43c3-b57d-d6d8018f37ea,TX,942172,1/3/2022,3,silver,INS,05
1aa2cedc-c5fb-41e8-a8b0-c92f40c88920,MI,152421,8/22/2022,5,gold,INS,04
6afd6ace-6696-4948-9eac-116b5c91123e,KY,455122,8/25/2023,1,bronze,INV,025
ae5235fd-6d28-4b52-a19b-d828733db7f0,#N/A,1457458,7/28/2023,10,silver,FIN,017
408be396-78aa-4070-85d1-b91a2be1e4f9,FL,697774,5/17/2022,9,employee,FIN,014
f447b370-d95b-481e-9f3e-06eb41c344c1,IA,704624,10/9/2022,6,gold,INV,022
44e7a112-5417-4f11-b7b5-61b09545ec87,FL,596996,4/1/2022,5,silver,FIN,019
1a0e4ee4-8533-441a-8a0e-feb8b72877dd,MD,490279,6/20/2022,8,silver,INS,012
6252717b-c24e-44c5-92c3-2e4479c77066,IN,575954,3/3/2022,10,platinum,FIN,016
85b00fcb-b6b5-4682-b16c-b61d0cfa4b35,FL,631306,5/12/2023,7,platinum,INS,010
1278db92-9c6b-43b5-8fcf-52296e9079f4,CA,137079,11/3/2022,2,silver,INS,04
a6256f41-4d84-4a5b-bc9d-fc19aff56963,VA,1424988,2/1/2022,10,bronze,INV,023
ac82e68a-b923-4cc4-bc04-68415b23a70f,IN,513430,2/13/2022,1,silver,FIN,017
977a9426-a4bb-441d-9f5a-fe51811db8c4,MT,987197,7/3/2022,9,platinum,INS,03
de44d116-a941-4f38-bb67-8162cdaff3cb,NV,709707,2/23/2023,10,silver,INS,09
a218e3db-fc8a-44f5-a950-492553f0f9c3,MI,976860,11/30/2022,2,gold,FIN,016
b492611c-7914-4063-ab0e-e46306fa3d7f,NY,875230,5/2/2022,6,silver,INS,011
c4893815-59de-441f-ab57-9b5b9d4af25f,MN,1252312,5/25/2022,7,platinum,INS,07
7cc79170-4622-4f7b-9724-92a707afba81,TX,713785,3/28/2022,5,bronze,INS,09
84543fc1-aea6-448c-8e35-0bc59ae63c0e,CA,1132559,6/5/2022,10,bronze,INS,04
f6dbc037-be45-4f7f-9817-306750cc9b22,NJ,444873,5/19/2022,10,silver,INV,021
b5922b16-f9d9-42a7-8e7d-49ea5edac606,TX,306638,1/12/2022,6,platinum,INS,011
eaf30888-af53-44b7-9849-cc6fdf80bdf2,FL,513727,6/3/2022,8,bronze,FIN,017
89830aac-7159-4e3c-848d-0a67ce1f901d,NY,534080,3/21/2023,8,platinum,FIN,015
793bec15-b95c-4203-b341-4951889247ef,SC,1152551,2/27/2022,8,employee,INV,021
8a617673-41f9-4063-9997-5ad0ab6539a1,TX,241888,4/20/2022,1,silver,INS,010
ef35b25f-a318-40d0-96b8-68d07597363a,TX,99993,7/4/2022,4,employee,FIN,016
3462ca63-2fa4-4e23-b0a2-38c2984781a7,NY,315320,5/24/2022,7,gold,INS,05
4822adf6-0f6d-4722-ac90-bc670a8135d7,IA,367819,8/29/2023,3,employee,INS,09
eacc01de-a33a-4801-b071-a696258de697,NJ,1080855,3/4/2023,1,bronze,INV,025
341e61f6-3920-4ae2-93d2-18b3b3fe5de1,TN,516702,10/18/2022,5,gold,FIN,019
94de1dcd-cc37-4218-8e0e-107218ac4a43,PA,751628,11/2/2022,5,employee,INV,022
be324e88-f296-4aef-97ee-03291dfcc6f4,CA,762398,5/23/2022,2,gold,FIN,018
bb3e64e3-a390-45a1-8a90-85ca961b25e1,WA,841577,5/9/2023,3,platinum,INS,08
510d698d-99ec-432b-a304-9d7c060e4962,OH,1126335,5/10/2022,9,employee,INS,05
f2c3b993-372a-45ab-b940-33cf1d3bf58d,NY,508914,12/12/2022,1,platinum,INS,05
4a53c149-4fe2-4c24-bdbc-ae737c928e88,OH,206339,9/20/2022,2,bronze,INV,025
25c1c5e3-eb76-4fae-921e-ea9d0aca9bc9,AK,214801,10/30/2022,6,bronze,INV,024
61b5ed82-5a0d-43fe-9bbf-185a37c509c3,MS,474513,1/3/2023,9,platinum,INS,08
2021de28-6d0b-4787-b048-3af1956b4e3f,CA,1267103,2/14/2023,3,silver,INS,08
de37f4e8-2398-4071-b6ab-fb3fa5b948bd,CA,1250775,12/12/2022,9,gold,FIN,018
4d9a79a5-749d-43ae-9b6d-7041e10a2e42,MS,432999,1/29/2022,4,employee,FIN,017
7979a7d1-fdb4-40c5-b200-b0b6941b0fef,#N/A,736053,3/6/2023,4,silver,INV,022
2de86dc3-bdee-40aa-86ae-cbd14fa56830,TX,61957,8/10/2023,1,gold,INS,010
3f34beab-6992-44fe-a494-f81a23dd5bde,AZ,137627,12/6/2022,3,platinum,INS,011
b9215e14-73f6-4d02-aee7-1c217f54d211,TX,1182251,4/23/2023,2,silver,FIN,019
65b9c7cd-27d2-4e5f-a26c-b886b247aa0c,FL,216445,10/29/2022,4,bronze,INS,03
6bf5a5c8-8ff0-44a4-aae7-560a92a7dc51,WY,1271304,5/26/2022,6,silver,INV,021
eb53fd6e-b770-4ed4-b190-c3cf6f428c4d,IA,427587,11/24/2022,7,employee,INS,05
09038934-b16d-4856-be83-3ab8e98a5b7c,WA,424523,4/13/2022,6,employee,INS,011
1ceb5dec-6fdf-4500-b44b-5e0012dbce2f,LA,229358,3/15/2022,4,bronze,FIN,013
9b766796-79e9-4248-a658-55fda90f686a,IN,196234,6/16/2023,1,employee,FIN,019
3f29886b-effb-4d29-b962-42a0cce28b6d,MD,1165151,9/4/2022,5,silver,INV,022
38c7cb4a-7b72-46a8-971c-6e992a0e1899,NM,1209724,4/20/2022,1,silver,INV,022
10a7d895-2dad-4e21-9443-ba486ebe856f,TX,1137292,6/12/2022,7,employee,INS,03
745ce41b-f3fc-4a97-a903-d25c00e2498a,OH,266937,10/6/2022,1,platinum,FIN,016
75ca4a3b-32e1-4fce-b6b1-d13543f0a61e,FL,286086,8/17/2023,3,silver,INV,025
8c32ba4a-cbe3-4618-9f7b-e492bbb22d3f,TX,570564,1/30/2023,2,gold,INV,023
1c88560e-c1b6-42a9-9144-aa4e703524c0,#N/A,1494689,8/26/2023,9,employee,INV,024
494612dd-6838-4fb8-82e1-3f47f233c2b1,PA,1366775,2/24/2023,8,employee,INS,03
c1349f52-dfdc-45eb-9bf0-4d088cc6c80d,OK,344389,4/10/2023,3,gold,FIN,013
fdea7d47-34dc-4633-b269-3e3d514569b8,FL,304814,2/25/2022,9,platinum,INS,03
4c31440d-9d9b-4ee8-b4f0-6a35d657286f,KS,461258,9/14/2022,7,platinum,INS,05
2b1fe7df-366b-498e-aceb-924d2ec651fe,TX,1391056,3/31/2022,4,employee,INV,022
7701f17f-f9b3-4662-bc83-d2eb25905ea4,IN,279225,6/1/2022,6,platinum,FIN,013
25f34a97-45a5-4b15-843e-53b0166a9795,CA,779481,6/30/2023,4,employee,INV,024
da235de4-dbea-4b33-b944-570dcd6649eb,UT,958915,1/6/2022,3,gold,FIN,017
9a808498-729b-4959-9955-923708be788d,TX,410501,1/8/2022,7,employee,INV,021
92b8d1fc-5e8f-45be-9b9a-7b952a6d3436,AL,579332,2/4/2022,4,gold,FIN,016
1f087f7e-ad19-4f41-b876-21b00a60750f,PA,766425,7/31/2022,6,gold,INS,09
34873364-ce31-455e-9ed1-ca8c00177624,TX,1339101,4/24/2022,2,employee,FIN,013
1d7d34e3-cf1d-4515-9f24-53f9fd527274,MI,123174,8/9/2022,1,employee,INS,02
ed6ec632-aabf-48b3-9c9a-a034be0646f2,FL,104710,11/11/2022,1,silver,INV,020
225c0753-7c66-4088-a5a3-e4508dc63c39,PA,1403463,5/17/2023,10,bronze,INS,06
2bd314a2-31c3-482e-b2f2-26fe3d60f469,AZ,421389,6/6/2023,2,employee,FIN,016
467350fb-af0a-4e99-ae21-cef38c9983af,NY,355430,12/28/2022,1,gold,FIN,013
e49fdcb0-3394-4ff2-857c-89ed430f5c92,PA,1278106,9/14/2022,1,gold,INV,024
d16dd7eb-5c92-4348-9afa-b2a24fddf2c5,MI,864630,3/16/2022,9,platinum,INS,012
8c2dd08d-daf5-47bf-a269-bc32c27015be,LA,557808,5/22/2022,1,bronze,INS,02
1c7a4605-ea73-4557-bd58-1046b028c310,CA,536597,8/24/2022,5,gold,INV,024
c55e39ad-8eab-4824-8f2b-baa03169b502,CA,198648,10/8/2022,4,employee,FIN,018
840210fe-7233-44bb-8ab4-4b35f3477c38,CA,1189855,9/17/2022,3,bronze,INS,07
c921fb99-a037-414e-9b22-5482fac996f8,VA,1493931,2/17/2022,3,employee,INV,025
423b0029-de2b-40af-82bd-8d910d06c09f,NE,535684,10/23/2022,6,platinum,INV,021
36906557-0d44-4e86-a1de-b205ae4cfec1,#N/A,641466,6/14/2022,1,silver,INS,05
fe21b9e7-a562-4fd2-beed-8faa252dd4e9,TN,1173392,2/6/2023,5,silver,INV,025
0aeae5c8-5c4a-46c0-b621-7ec8e78c42e3,AL,375074,4/26/2023,6,platinum,FIN,017
4a8d022f-bc80-4c65-9f4e-5c9490c000d5,FL,648241,7/21/2022,8,gold,FIN,016
0e7b5a89-6f99-4dcb-823b-fb06c56eaa00,KS,1238825,5/24/2022,10,gold,INS,011
e8601d00-26ab-458f-bd93-f77530ef57f1,LA,969811,1/14/2023,2,gold,INS,012
843fa4aa-b429-4251-9f89-eb0b4790778e,FL,1156379,1/26/2022,9,bronze,INS,08
0b3a9231-cd4a-4bb0-a30f-92d8051351d7,CA,515566,5/11/2022,7,gold,FIN,013
5b248832-2e36-459f-9b73-7f774c8fd5ee,OH,976539,8/22/2023,9,platinum,INS,03
2a61dc36-4e40-4d01-af15-9de6b11f75b9,KY,1396660,3/3/2022,1,silver,INV,021
41aa9b6b-46fc-4331-8f4f-2a48f9de1335,TX,1497427,3/14/2022,2,gold,INS,011
bcd31b0c-da31-4c97-8c55-9ff660447b45,WI,728458,8/13/2023,8,platinum,INS,011
22b38f97-ad7d-4ba9-92f6-718f3880d031,#N/A,822361,1/28/2022,1,silver,FIN,013
b27c3eb3-c5af-4b39-b05e-f4d341961ef8,MS,348005,1/9/2023,10,platinum,INV,025
41e5fe81-6ecc-42a9-8e40-111880efe8d7,TX,68300,9/3/2022,1,silver,INS,010
23c8a9a1-511e-45c8-8e56-1d57edae43ca,MN,1457892,4/2/2022,7,employee,INS,012
83c7668b-1e26-44c1-aa19-44e128252527,IN,849610,10/2/2022,1,employee,FIN,016
f3b37ffc-cbde-4197-b8c7-23be00de2a95,CO,599930,3/21/2022,8,silver,INS,08
73921f3e-7e90-4c25-865f-a1d0016f536b,LA,1410773,12/16/2022,10,platinum,INS,012
5559b64b-9066-431a-b050-4a1a8654ffaf,MA,112270,7/30/2023,8,platinum,FIN,015
2ddc3c9b-b9b1-47cd-8249-0de8cc726bd7,OK,342792,5/2/2022,4,gold,INV,022
16a199ae-b305-4cc5-9fc7-a6aedf948a9c,PA,573086,1/16/2023,9,gold,INS,09
f2094281-227d-401b-bc6f-0536b15f196c,GA,622188,3/12/2022,2,employee,FIN,014
264a0af5-d12a-4960-8076-f212bc21ac1b,TX,86979,6/23/2023,5,employee,INS,07
79ef89dc-c20a-4dcd-a215-3b51510a7eb4,OH,1065884,12/15/2022,6,silver,INS,06
0586b5ce-1850-4993-bb36-db2e7c80332e,OH,371636,8/28/2023,4,bronze,FIN,019
8ab4bd0e-e8fc-4003-bc4b-c12b76404545,MS,270291,8/18/2023,9,silver,INV,021
542ea93f-9208-42bd-b6fc-56949e6a3322,WV,129810,8/5/2023,4,bronze,INS,07
f5843524-72bf-4ad4-8fd3-f78b6514aba4,ND,647979,7/2/2022,3,bronze,INV,023
7c01e162-4a35-455a-9574-2c0502ffe5e3,GA,1310325,6/11/2022,4,employee,INS,04
58278ef9-12dd-4571-9101-e324e2fb6160,PA,508871,5/10/2023,3,bronze,FIN,018
eff5fced-6888-4095-bfb8-63bb2b9b5700,NY,674743,11/1/2022,4,platinum,FIN,019
df42e844-9f34-436e-b763-e7dd6c1ccad2,NC,950723,1/2/2022,9,gold,INS,05
29f93873-44a4-4c2d-bc4c-81b95f661832,WV,1174559,3/26/2023,3,employee,FIN,017
58685366-ecbe-4492-9ee1-43dd5b4249c9,GA,605159,10/17/2022,10,bronze,FIN,013
a767699a-4b10-4137-a9a4-909d935a282b,OH,531171,4/13/2022,1,employee,INS,08
a8ae3204-ef14-4189-b45e-2b8ebe271dd5,CA,1337696,1/18/2023,7,gold,FIN,017
9776cea1-e609-424d-815e-2a4b135ecd2a,TX,324225,4/2/2022,1,gold,FIN,014
d56d2fd2-c99f-465a-815d-d101ab2d0a3a,FL,177312,3/18/2022,2,gold,FIN,018
3772e815-870a-44ba-bb8c-4cc58ecebdfc,LA,1028373,3/19/2023,3,gold,FIN,015
ed42d9a2-f1c0-466e-839e-c30b918b8bdc,KY,1099620,1/18/2022,5,bronze,INS,012
1515141e-fcae-4294-b96a-3f6f0b4146c6,ND,395324,3/21/2022,6,bronze,FIN,014
1dbaec22-a839-4d01-ae75-52c7eb42ef82,NY,951454,1/30/2022,3,gold,INS,02
bfb67841-b697-465d-a567-d778ef447f66,NC,1234191,7/31/2022,4,employee,INV,020
55415ed7-7f26-4a8e-9bf8-79ce5f9e7f3b,CA,1466679,8/20/2023,6,gold,INS,03
aba03ed7-8d79-48e0-ab5a-f3c2b46da0bb,FL,1177126,7/22/2023,8,platinum,FIN,018
bfb24525-596f-471b-a784-b39a55ba1da9,NC,1271324,7/18/2023,8,gold,INS,05
e74353b6-ca5b-4726-97fd-2248b7203404,NY,1432798,1/12/2022,8,employee,INS,05
cff058f8-9859-448d-ac52-5c9e1d40ebbc,PA,592184,9/8/2022,2,platinum,FIN,017
6e6b86c1-67b2-4629-84ee-e45218550538,OK,267741,6/19/2022,3,silver,FIN,015
de666ba6-60c1-44fa-9112-c2f636ee3626,NM,1481140,6/9/2022,8,employee,INS,010
09abf87c-c067-495c-a928-5ea66cfa3a98,MO,134358,8/17/2022,9,silver,FIN,017
fda23b73-dd72-4707-a655-546798f22e88,VA,1088632,3/31/2023,1,platinum,FIN,014
5ba435c5-74f6-433c-8d52-ef7f354fd0b6,AZ,364206,2/11/2023,10,bronze,INS,08
a592b50f-4d70-4a70-9468-1455cdda9180,CO,575465,8/1/2022,6,bronze,INS,09
bb23f1d7-20ae-412b-a62c-5424df3acf36,CA,1329222,10/11/2022,3,bronze,INV,020
300a2e81-62a2-4fed-9b69-ea81153b91c5,TX,559978,1/6/2023,5,employee,INS,012
7db7ca66-c839-4ef6-9168-57223c5d29c4,TX,1421758,12/2/2022,3,gold,INV,023
f8fdfe84-d2ff-43f7-9a3f-ae4134119518,MN,1047939,4/7/2022,7,employee,INS,07
e278a407-7180-4ff2-ad92-55c266cf0f3b,LA,824960,7/4/2023,8,silver,FIN,014
9d5689c9-0830-44fb-956e-b62cfd164b11,NY,1102799,2/23/2022,8,bronze,INV,025
d215e6b8-1ae2-4229-aba8-148153d6b2d1,GA,763225,5/31/2023,9,bronze,INV,025
26bacd31-0245-48d9-a0fc-8073c17c14b6,PA,72913,4/26/2023,1,platinum,FIN,015
43d2c6bc-9d67-48ca-b432-f1971372a333,OK,1195949,12/14/2022,10,bronze,INS,06
cea3fb97-848d-4499-a0d6-957864e06a0b,LA,143531,8/25/2022,6,employee,FIN,017
7476d4ff-0eac-4223-ab6e-5fc68bbd83d3,NY,70842,5/28/2022,4,bronze,INV,024
814ab505-b1ed-4a20-bc3b-d7de3718a6cc,GA,1499515,1/15/2023,9,employee,FIN,013
d56fe25f-913f-4a54-82dc-d14af85b719c,TX,8486,4/30/2022,3,platinum,INS,04
ceadcdb5-0981-498d-9f66-e2622ebdad8d,FL,1335231,4/23/2022,2,employee,FIN,018
6d7022b2-5dc9-41e7-9fd9-0730a0c289c3,MA,265346,7/20/2023,10,silver,INS,05
f0c6cb86-0b2d-44c5-9236-6a0cb4da41d6,TX,522763,4/25/2022,2,bronze,FIN,016
5f0d7297-4e2a-43ec-bec3-7c0a52655d7b,WI,1335991,3/7/2022,7,platinum,FIN,013
f89b5f74-a991-4b5e-a00e-57078da14e5c,NM,525762,11/29/2022,10,bronze,INS,05
97ffd1c2-d658-409e-b836-4a3507b22f51,PA,1069423,6/16/2022,2,silver,INS,03
1256d0f7-1d77-48b7-9f48-9215931f5787,NY,901329,3/31/2023,8,platinum,FIN,013
9dc300ec-9bf8-4327-948e-d4c7dd4b8932,CA,1416511,5/3/2023,8,gold,INV,021
f5a19561-43d1-4e76-9ba0-8b17ef9639ec,NY,391359,10/16/2022,10,platinum,INS,06
4e021c61-2dee-4368-88e3-4c4db2422bf4,TN,661256,2/19/2022,1,gold,INV,023
bb2c3287-ca11-4c0b-9ae4-107058a1f1fc,MO,328335,6/20/2023,7,gold,FIN,018
57c88376-4ac5-4aa6-b5b4-ca179df03697,CA,244273,5/14/2022,5,bronze,FIN,015
abfc7f83-8823-4006-8848-4687871366ac,PA,748378,9/13/2022,7,employee,INS,010
e0a43cca-ce9c-4783-9eae-85a238068b42,MS,103262,2/19/2022,2,gold,FIN,014
f8e0873c-73f9-4dec-be0c-ae6799e3d99a,FL,606853,6/24/2022,5,bronze,FIN,017
574ea1c1-2c4a-4be6-bbc7-8c2ed6d699ee,FL,986426,1/10/2022,4,bronze,INV,025
403c8b07-91f8-4c3e-baf7-72f85a9d8565,KS,90802,11/29/2022,8,employee,INV,023
8ab71048-a6ca-46d5-aff5-20e2313a9b83,TX,24238,7/8/2023,6,gold,FIN,017
39918f54-c980-4a78-a6f0-1fa7166a83cd,FL,293491,4/2/2023,5,bronze,INV,020
7307f5ae-5d15-4bad-929d-498d6e7b44e7,IA,594073,1/30/2022,2,platinum,INS,05
0a3c0a6b-ff17-4675-a7f8-063a257b588a,ND,931734,12/15/2022,4,silver,FIN,016
f2841161-89c1-45bd-9e54-8a002cb34571,VA,739921,10/6/2022,7,employee,INS,07
d1b6be8f-8e4c-4715-9058-a1d2307e32a7,SD,1474907,11/27/2022,6,silver,INS,05
7e06568a-2664-4113-ac5b-423e61b6bed9,GA,176167,5/1/2023,3,gold,INV,024
0641aac3-4b7f-4a54-8d20-7adf6a3894bc,MN,1293183,4/20/2022,7,gold,INS,06
97729255-b2e7-47bc-940f-77dba5a46e6f,PA,1231478,2/4/2023,5,silver,INV,021
3ff16868-1afc-4269-82cc-d801917cfe4b,NY,1201590,8/1/2023,6,employee,INS,03
7f75ee06-6992-4ed5-8a2d-ec6c8047b616,OH,646390,7/21/2022,10,employee,INS,02
64b1c9bc-b088-4108-8213-8f70b9bb450c,OH,1024413,10/8/2022,5,platinum,INV,020
153728f7-30ab-4eed-b174-0e9e57571bc5,AR,223726,6/28/2023,5,silver,INV,020
b9ba80e8-4692-4e18-8dc7-2e1bd6c2276a,OH,870061,1/15/2023,6,silver,INV,025
8d53f98d-4d3e-42ac-b1e1-1974f43f25e6,IL,974028,4/7/2023,5,gold,INS,06
0a33058e-1558-4b97-9914-3d59b9bace69,IN,1445340,6/11/2022,9,bronze,INV,023
7d9df67f-ba42-4a23-b0dd-6a26814fee28,OH,357035,6/1/2022,2,gold,INV,021
5a17094a-9474-4aa0-91a2-36f941eaa242,NY,888637,1/18/2022,8,gold,INV,022
7ca68027-367b-4227-bd67-299e57e28a51,TN,546131,8/12/2022,3,platinum,FIN,019
197ee81d-373d-46de-905e-b5ffbdefa083,PA,963812,1/18/2023,9,silver,INS,06
f710acfd-397c-4736-b5ea-678a44e48e65,TX,1469522,1/18/2022,4,platinum,INS,08
ef96f078-4af7-439f-aa3c-a5ed780a359e,FL,101799,2/15/2023,8,silver,INV,020
6f97b886-d5cb-47d5-9dd0-48bc621499a8,NY,406923,3/11/2023,2,bronze,INS,07
f507b8f9-4826-4fd7-85c8-d643ea90ea4c,LA,1423528,3/31/2022,8,employee,FIN,019
1e2f83ae-611d-4751-ae7b-17e9bee3a803,MI,805629,3/17/2022,6,silver,INS,011
d6b3ce85-7b70-4c64-a925-3290636a4c29,AL,294087,8/22/2022,6,platinum,FIN,014
f2f55308-c221-4763-a3bf-ee6f23c04196,OK,644439,7/3/2023,5,gold,INS,05
df61dbd2-9541-4f4c-883c-d9db1a060192,TX,510987,5/3/2023,1,gold,INS,09
b01ba462-db9c-490c-ba82-ce8d5a622c7b,NY,1058393,10/24/2022,6,employee,INS,08
869e6572-b520-480b-92bc-4778e7d12de9,PA,408106,1/17/2023,5,silver,FIN,016
9518ea0c-7a50-43ed-a369-95329185b81e,NJ,149801,7/23/2022,3,gold,INS,09
6cd8bc72-9e09-4e43-910a-328e632bbc22,IA,1123851,8/16/2022,9,gold,INS,07
a246fdf6-bdbf-4c49-80c3-93ed17b8b292,AZ,1217935,4/14/2022,2,platinum,FIN,014
72876f43-3c88-499b-befc-5fee06fa61e4,TX,308846,2/26/2023,4,silver,INS,08
24147e50-0cb9-4fa8-b368-ec867d0f33af,MN,615065,12/26/2022,2,gold,INS,07
4ecc9878-3f0b-4bab-8dec-c15139563310,IN,752522,3/22/2022,3,gold,FIN,019
43346cf6-bb87-4531-89a8-5e1eb252ec3d,OH,1289352,6/9/2022,8,bronze,INS,09
da12e531-d93d-4d0a-821e-a70e3622e511,TX,601841,1/9/2022,7,employee,INS,012
43cb2ff3-f9f7-456b-a7a7-d40eb87f39ff,MN,246436,6/17/2023,9,platinum,FIN,017
dd4aa15a-4da1-4260-8833-ad0b03db32e1,TX,319781,12/22/2022,5,employee,INS,08
3886e9db-734a-4f49-97aa-75eb189ef3e9,GA,1134182,5/12/2022,3,gold,INV,020
171f15a3-6651-4305-ac7f-bb19d1c37c58,NY,871462,3/20/2023,4,platinum,INV,022
00bec1dd-5a6f-4787-bc0d-0705a3bed670,CA,581975,3/21/2023,3,silver,INS,012
8620e574-c26f-44ee-9d89-2918e0237ed8,CA,263467,1/15/2023,3,silver,FIN,014
0d5d57e6-b78a-49a6-ac1f-bb9a8667a36b,TX,456670,6/18/2022,6,gold,INV,020
d0b2f5a1-745d-43be-b505-6e2cd2b3a8e1,TX,914790,1/31/2022,10,silver,FIN,013
39b7e2ab-176a-440a-acb5-888cc920750f,CA,1254096,5/24/2023,6,gold,FIN,017
82645ab5-e343-470c-9660-99ceafe3f5e2,MO,467911,1/16/2022,9,platinum,FIN,018
c99823a5-8520-4dbf-af70-ea71d6bf93e2,FL,24542,6/14/2022,5,silver,INS,012
93b3bf64-d67d-49d5-ae64-9fe000bfb38d,PA,931039,12/9/2022,6,gold,INV,021
78db1808-1182-4354-b4af-bfe8847d42c8,LA,440658,2/12/2023,2,silver,INS,03
6810f763-f7a9-48c0-bc28-cb8d6b889ac5,MN,1397206,12/18/2022,5,silver,INS,08
774f96f3-b933-4ab4-9f5d-5f6158840fda,OK,522662,11/24/2022,2,employee,INS,010
5eff4346-c6c6-4e0c-a3f1-ab00be4c7c4a,VA,411835,8/8/2023,8,silver,FIN,018
4c78f85d-a457-4c81-81f7-101c8efb1481,FL,67673,3/1/2023,7,bronze,FIN,016
e244eaf8-f4e3-43af-a46a-c2edf74f6995,MO,371065,11/29/2022,8,silver,FIN,015
cc032ccd-8f36-4ef4-84da-80936fbdf693,FL,1352655,9/24/2022,6,bronze,INV,025
77e0cb1e-6ce2-42e8-a4de-d0cb498c98f0,OH,390625,5/30/2022,8,gold,FIN,014
e93af2b0-f0a5-47a5-b271-dbb12f97d103,VA,750085,5/18/2023,6,silver,INS,012
af1029b0-1550-4dcb-8693-1c7f10d4d9b0,FL,581620,5/19/2023,5,employee,FIN,014
a2197aa3-b542-485a-838b-00f1e76fdb43,CA,821025,11/13/2022,1,gold,INV,022
dea30b06-cd13-4cc1-8318-945a8adc6b6e,CA,400835,3/4/2022,6,employee,INV,025
d00c953e-305a-4254-a7f3-6c124b3e3a6a,FL,818715,3/21/2023,4,silver,INV,025
e22f3dd9-ceff-48c2-8f27-94098f13fce1,FL,169111,6/14/2023,2,platinum,FIN,018
e0f54eee-2602-4663-8859-67f86794e273,OR,255209,12/2/2022,2,platinum,INS,012
195839e8-0132-4630-a580-758ca7c2f4b0,ID,261060,9/25/2022,2,bronze,INV,023
6b6c1c31-b4e9-4ad0-88d3-8fd7573e15c5,IL,1024975,1/5/2022,3,gold,INS,03
e0d99a2b-8856-429a-9eb6-cd2ee135f1b9,WI,323589,2/5/2023,10,silver,INS,011
4b7bb293-9b98-40f9-b437-a859010b7259,IN,143584,2/2/2022,5,platinum,FIN,017
e8de28ff-b2fd-4133-856c-79c26bf29877,VA,181105,7/23/2023,10,bronze,INV,021
2d200d5e-5d71-4863-9818-eb21a7456ae0,#N/A,833995,8/14/2022,1,gold,INS,04
0d08ef72-0bb2-42ff-9d9b-7aeda4d2a72a,TX,997116,6/21/2023,10,bronze,INV,024
16f428ac-b4ab-4e12-a8be-5825fd0e6f20,GA,176678,5/3/2022,3,bronze,FIN,013
0f6443ec-4e7c-4de8-a821-f272fb468b90,VA,223343,11/1/2022,9,silver,INS,03
4991f9af-697b-482d-845c-c2212349c889,CA,1107258,9/28/2022,1,bronze,INV,021
0aa661cc-8696-465c-b590-81983190a618,TX,225371,9/12/2022,7,silver,INS,011
2b810067-75e8-450a-b18d-c39c6cae44a0,IN,428536,8/11/2023,1,bronze,INS,07
16f65bf9-d757-47be-b8d5-210fa476dad0,VA,485040,5/15/2022,10,employee,FIN,013
75604114-c6d0-40f5-8fbe-83926d1a1617,MT,58141,3/13/2022,2,gold,INS,04
57602e34-68c6-4af8-b342-14cd1208e654,FL,1065216,9/14/2022,9,silver,INS,07
4db6245d-0779-48d5-a30e-377d50776498,LA,710373,2/22/2023,7,gold,INV,022
08ab0555-0076-43f4-9c76-2aa4276822ca,HI,754578,1/20/2022,3,bronze,INS,02
a9b40791-792a-4c30-8e73-1871885377ae,CO,1021786,2/21/2023,2,silver,INS,08
89c58c16-2ab1-45f2-a95d-899db50d0918,FL,1458939,2/12/2022,5,bronze,INV,021
b05e2a96-fd5d-4c11-a7f3-8eb4c5fe5426,TX,160200,8/31/2022,7,employee,FIN,016
f7f5416c-7b93-4a91-8c0c-37f2461689cf,CA,1271444,3/26/2022,6,platinum,INS,012
2d614c1c-7579-4eab-ae27-f786658a1681,CA,1497192,4/21/2023,7,silver,INS,010
3a1d3e26-d5ee-4c6a-8489-46fa1f57ed9a,VA,304239,12/23/2022,2,gold,INV,021
e8319e37-9a46-4650-92ed-8729be1eca0b,CA,1229750,1/4/2023,4,platinum,INS,09
fd1898b2-025a-492e-a8da-cf0ad16a1d28,IN,1178524,5/19/2023,5,silver,FIN,014
30e3d2c4-bda6-44a7-97dc-b1bfe63aa564,GA,511322,4/25/2023,7,employee,INS,06
7f5aeab3-970d-4269-a13a-cec30c609bc4,MN,707286,7/7/2022,7,bronze,INV,020
509b8f13-842d-4eba-b8be-0d77e3d197bb,TN,1093565,3/14/2023,10,silver,INS,06
d9dac492-5f3a-4adb-b3ff-8ae64f571b10,MS,4954,10/12/2022,3,employee,INS,011
0fe65d86-f05a-4dc6-b9fd-17b34da3ed96,FL,334928,7/7/2023,9,platinum,INS,02
535557d7-2b30-4617-85c5-c4cdb2fbd853,OH,1437332,7/24/2023,1,silver,INV,020
f7de050a-ff75-4607-b4aa-3768d0f9515a,TX,1229836,12/31/2022,1,platinum,FIN,018
5dcfd53f-fb87-421f-ae79-b14079c92245,WI,1475403,12/23/2022,8,bronze,INS,06
179014c8-abcc-4b9e-8e24-09cbeefd3a28,MO,871788,4/29/2022,5,gold,INS,09
04a5238c-a5be-4233-bc56-7827bde16614,NY,492178,3/31/2022,3,silver,INS,05
c1e9dcef-8687-438b-a9a4-6a9397251ba1,AZ,1096966,9/23/2022,7,employee,INS,011
05d82208-887a-44ca-84dc-38fad57ff00d,MA,68012,6/6/2022,4,employee,INS,03
771a2f46-cf6b-4eb7-a871-0ffae5964e69,CA,297049,3/21/2022,8,silver,FIN,016
9d37c74b-8f13-43ad-a898-02da01b7a544,TX,147997,4/28/2023,8,silver,INV,020
fbe5cb6f-13cc-4a0c-be0a-3048e7750712,NY,539356,9/21/2022,6,silver,INS,011
6e46e127-fff4-4ea4-a0fa-f165e03001e6,NY,1038433,6/22/2023,8,employee,FIN,019
e546fed1-1577-4058-966d-f67f0a2cef76,PA,23304,4/10/2023,2,bronze,INS,03
ccdcc298-0ab8-4cd1-aa6d-71ea04e4ed52,IN,605626,2/23/2023,7,gold,INS,04
0ae2a1a9-cc65-4d9d-bd99-54ee15aa775e,CA,595351,7/14/2022,3,employee,FIN,013
a682b041-a2e6-44d5-8e1c-9ec8ed297a4b,OR,109397,3/15/2022,1,bronze,INS,02
4ab9f75d-50d3-45be-af27-8acf9b330546,MO,151224,5/3/2022,5,bronze,FIN,019
e7b0a71a-1e53-45fa-be12-e0987db268ba,GA,876171,6/10/2022,2,silver,INV,021
e65c46c0-8743-4147-8e1d-0af71e00c606,NC,509318,5/10/2022,5,gold,INS,05
51ee8b04-6cb7-4bad-9d9d-ca23ac092d51,NY,241616,5/24/2022,9,employee,INV,023
b9ee62f4-9244-40a8-aed0-e1d31cc23914,FL,223973,8/4/2023,5,silver,INS,010
210e7879-d0f5-4c14-9b89-ad53ad316ace,CT,744477,3/30/2023,4,bronze,INV,022
e84996c9-5e4c-4c0b-8cdc-a40de7c0ae65,IL,1077110,6/1/2022,10,gold,INS,05
59dfd85d-4f64-45d9-8149-1910035573fc,NY,297191,10/8/2022,8,platinum,INS,03
644eb187-bfbb-4862-86e8-5f70961a01aa,LA,1396518,8/26/2023,1,bronze,INV,025
003d93f5-453b-4103-96cc-2151a751f227,NY,747779,6/8/2022,8,platinum,INS,011
9ef69f9a-15cb-4569-9c48-19c88f2d3ac5,DE,353989,2/21/2022,10,gold,INV,021
68446692-7944-4990-8a1d-72a2a74d1f6e,FL,194591,5/9/2023,3,gold,INV,020
a5d8b83a-f1d1-4685-9964-15d3d77c9bfe,TX,720835,8/17/2023,7,gold,INS,07
aef2fdbb-516f-438d-a3e7-70cd4a612725,NV,427956,1/5/2023,4,gold,FIN,019
4d6ea869-981e-4823-b42c-2e9645859e99,NY,1419634,6/25/2022,3,employee,INS,03
c1bf6b2f-a9f4-451c-b26a-52df43746830,VA,1376902,1/7/2023,3,silver,FIN,013
a4efb888-58ea-48e8-88b5-0a02fc3b066d,TX,1389134,5/14/2023,10,employee,INS,07
eab903b0-deb4-4339-9656-9fbb176ec5ec,CA,175178,9/17/2022,6,silver,FIN,014
4140b32a-c93e-4672-b81e-3605b15014de,MN,13534,8/7/2023,1,silver,INS,03
fdd0f6a5-1098-42b8-bf1e-6ca6f0207330,CO,420888,3/3/2023,2,employee,FIN,015
7297ec45-9adc-4fff-a2d4-9bf4ec7db29e,FL,273775,3/11/2023,6,platinum,FIN,016
7820f36d-6a35-4db7-8064-9fcb53493827,NY,56126,7/4/2023,9,platinum,FIN,016
cb105439-81f5-4a7c-a96e-f62db99c1c29,AZ,760099,10/2/2022,1,bronze,INV,024
83f015fc-0f1a-411b-894a-75090b3b1d31,WA,42662,8/1/2023,5,employee,INV,021
57b31697-652f-40b3-a52e-55376c8057eb,IL,983737,2/9/2022,3,silver,INS,08
ac941255-f985-4fee-add0-d28fe2333228,PA,810577,4/6/2023,6,platinum,FIN,017
af4aa142-9d50-46bf-8a14-44001a4c8933,FL,1439853,3/5/2023,10,employee,INV,022
95537665-2f0a-48ad-92a6-91a6a2a079f1,CA,937225,4/13/2022,2,bronze,INS,02
c45091af-0a0c-4a99-895f-6b2fd21a8985,OH,1039146,5/24/2022,2,silver,FIN,017
0fb8e2b2-914f-4422-8a9a-02f0ea457522,GA,578267,5/15/2023,8,silver,INS,03
ff8d2b71-29ff-4dbb-a288-a52382fe059d,MI,1338341,8/28/2023,4,platinum,INV,025
e06e497b-3827-4941-889b-5b9872cd1bdf,FL,698589,4/15/2022,10,bronze,INV,021
7bd9899c-447f-4098-b26e-083eb75130b6,FL,911149,5/28/2022,4,bronze,FIN,014
a098b459-61c1-4caf-a76b-35ef7db87582,CO,1335709,3/14/2023,6,employee,FIN,017
3938e681-8287-4d68-a8b8-574037c8bc38,MI,278869,5/23/2022,1,employee,INS,07
430d6040-3451-44ef-8123-581611434d08,NY,421610,3/5/2022,3,silver,INS,05
5e55876d-5078-48de-ab47-2aae414632c2,PA,620002,5/1/2022,8,silver,FIN,018
38dc0075-d093-4b16-b6af-26ebefe66ffb,KY,44557,2/17/2022,5,employee,INS,07
0db14689-a220-4811-8205-0c01039c7a44,MO,285817,5/14/2023,2,employee,INV,022
d14c491e-8c83-4140-8bec-9b4cbc41744c,TX,38840,7/24/2023,10,gold,FIN,013
fc063530-fe7c-4b56-a7d9-3b1454d755d7,#N/A,1268949,2/24/2023,8,gold,INV,021
c4ec08ae-cd3c-4ca5-b494-f962d5e22763,CA,717542,7/14/2023,4,gold,FIN,019
33c41af4-09fa-4c8f-86c9-dbb0ec80582c,IA,602509,4/15/2022,5,employee,INS,011
dd494fb4-fa9c-4511-88db-a67651bad88c,NC,764735,2/20/2022,6,employee,INS,09
766564b7-bcaa-4156-8ad8-4e249411309b,OH,487652,2/7/2022,6,silver,INS,05
c93bb215-8895-4d05-b17b-f6bc0e9d83b1,NC,84536,7/11/2023,3,platinum,INV,023
fb1e6c20-04d6-4543-9fce-4e8f4ca27446,MO,16521,4/28/2022,9,silver,INS,03
cc27f954-562a-484f-92c9-7b2b61305431,MS,658730,7/15/2023,3,silver,INS,04
a9a12423-30ea-4222-ba48-7075508d8fc8,#N/A,832621,11/19/2022,1,platinum,FIN,014
643eff7a-e879-43d7-a538-44d9466766cc,PA,135166,7/6/2023,7,employee,FIN,015
b304cf7e-154d-428f-9c5d-5eedff4ea927,FL,1104300,6/30/2022,3,platinum,INS,010
a7a62d7d-a53b-4e51-99e6-1ae8a0af3685,IL,222423,10/22/2022,5,platinum,INS,010
fd8e32c6-2111-40fb-b8b3-8ce108c072f5,FL,320034,2/3/2022,6,silver,INV,024
1d4eb698-a851-4620-97d5-9535d3ab7b13,SC,825620,8/17/2023,2,bronze,INS,05
da1ecc22-c4e8-447e-9bb0-c079b14b3905,AL,542405,7/15/2022,4,platinum,INS,04
83bbea5d-22ed-42a7-9316-48ebba31784e,NC,705584,2/13/2022,5,silver,INS,06
e23abca8-a3cb-44b6-8f3d-038dda43d288,CA,1336231,4/11/2022,1,gold,INS,02
d9d841f6-8241-4e21-b6d1-c060e6396417,CA,321614,7/27/2023,5,gold,INV,024
40b2e775-638d-4048-8ee3-a39c21e68c39,IN,449463,1/5/2023,8,platinum,FIN,014
6f307d74-868a-4951-9d03-8f2e5dafcac2,FL,1015494,4/25/2023,2,gold,INS,010
09a5a25e-0210-4bd3-bf2b-87e37aea349a,TX,432020,4/21/2023,1,platinum,INS,05
34119716-7fc7-42f9-b116-f293382e6ee7,DE,284217,3/19/2023,10,platinum,FIN,016
466df6e2-4a79-4e43-97bc-e4b5f60b127a,SD,690703,7/6/2022,5,employee,INV,023
b78d5e41-a2fb-4146-9521-b4b531545553,FL,602040,1/13/2023,7,silver,INS,07
19c38201-f4f2-45de-b0df-c0be865ee314,MN,401003,12/29/2022,7,bronze,INS,06
4fb5f89d-20ce-4607-b54f-a9c2727a4690,CA,79503,8/13/2023,7,silver,INV,025
246455f6-be38-4675-95e9-c42699ce2a8f,NY,652820,10/16/2022,10,platinum,FIN,013
00792280-db22-4050-9aa0-8d632331f621,KY,931669,5/31/2023,5,silver,INV,022
a38b2a03-4292-45f0-9012-aef674c95d79,OH,675766,5/5/2023,10,silver,FIN,019
2f6c7958-bcbc-458d-9257-8e71dbb70732,TX,1317375,12/5/2022,2,employee,INV,024
abf29920-f20d-4c35-a864-0605eef1b325,MN,1136976,5/10/2023,8,employee,INV,021
6a201748-41ae-4cde-ad1b-fc87d9b64fcc,CA,1367451,8/1/2023,5,gold,FIN,018
e91c70b5-7334-482e-94fe-9f366be5dbda,OK,706867,4/15/2022,2,bronze,FIN,019
98081b7d-74ed-4bf9-96fa-965fa333a6bc,TX,1272329,1/8/2023,6,employee,INV,020
600740fe-158d-46d3-ab29-c94c753aadf8,IA,395933,11/30/2022,2,platinum,FIN,014
3e119b63-63a0-4a89-9f9e-63036aace874,FL,22704,12/14/2022,9,gold,FIN,015
d7450461-0d42-420a-b485-9f2de9a4f2c8,NC,882907,3/28/2022,3,silver,FIN,016
6b53ec9e-a0cb-4118-8b44-9862604acf01,TX,191980,6/23/2023,7,bronze,INS,05
fde3c149-1556-4395-879b-a98fb6652f2e,FL,456075,12/21/2022,8,employee,INS,05
1251c0e2-6472-485a-9982-41aaaf277dbf,TX,776318,7/18/2023,1,bronze,INV,023
9b69ab69-fdf2-4fcf-a29d-01a479956511,CA,181689,9/17/2022,9,silver,INV,025
0ee47af1-d8ab-4975-8e93-96b1b774222d,MO,578721,7/22/2022,1,gold,FIN,014
8f0f4acb-3fa1-48eb-b379-2d6fc9cadc09,CO,768912,5/29/2023,6,platinum,FIN,014
894d1a74-ed97-419d-a326-a76ba4de1653,TX,567558,5/5/2022,5,gold,INV,021
7513a744-ff4b-4a8c-95c9-4073c9612a5a,IL,858150,8/2/2022,7,platinum,FIN,016
ec36fd21-e05e-4850-a7b2-240d6107ebe8,NY,803788,7/19/2023,5,platinum,INS,07
eecff276-293f-4251-91d7-735ba283df5c,TX,1196703,8/5/2023,8,bronze,FIN,018
49671e33-40ba-4383-97a0-9db89c155873,TX,1432025,6/22/2023,2,bronze,FIN,014
5346efd7-3d55-43ae-aa19-b47874be5664,OK,331328,2/14/2023,6,silver,INS,03
0a202f9e-f518-43a8-9696-a6f4bb2ab79f,LA,285460,7/22/2022,4,platinum,FIN,014
7d744721-fba5-4666-8f9c-c077440c2c6f,KS,580480,8/16/2023,3,gold,INV,022
ae820d81-6091-42ad-84c4-048110304f5b,CA,222990,9/27/2022,10,employee,INS,03
bfae182c-6013-4be6-bd9a-a573653877d7,CA,700914,5/4/2023,6,gold,INS,02
2101b2cf-2965-422d-8a16-ed81d97fbffb,IN,676581,3/7/2023,3,employee,FIN,018
483f8bfe-03cf-45d7-a42d-8aa9c614d192,MO,83011,5/12/2022,5,employee,INS,02
595aeb1a-2659-4875-b71f-31c1e146f448,FL,935034,1/11/2022,7,employee,INS,07
eb720233-3a1e-42c8-a91d-fa4619c81567,TX,204273,6/21/2022,6,gold,INS,012
26e083d9-aa41-4e8e-a652-47b7ce9393ca,WV,593064,7/2/2022,2,gold,INV,024
d4bc49cb-8d07-4ddd-a92b-6834c7b32a7e,NV,283570,6/22/2023,2,bronze,INS,08
8d5b64b3-ad89-4bd3-977b-36a2a5c7f931,NY,94663,2/2/2022,8,gold,INS,011
dc56c74c-9498-4d04-a523-f974824f2466,MO,814294,3/29/2023,1,gold,INV,023
fa38fe26-380e-435c-9c31-aef45d8ab2e1,LA,1021993,1/12/2023,6,silver,INV,025
bcbdadd7-d478-4dd1-b9ad-659a39311b15,CA,119715,8/3/2023,5,platinum,FIN,015
c476ca13-e466-4eca-a89e-6a6622174339,FL,109968,4/30/2022,3,silver,INS,07
d30f0da5-631d-47cf-9697-414f5ff07a4e,VA,818212,9/21/2022,10,platinum,INV,021
ae3b875b-5c33-4e94-b1d1-0c34dde59349,LA,706363,5/28/2022,8,silver,FIN,018
1ff7de3f-2503-48f9-a3df-e83c11872ca0,LA,160645,6/4/2022,3,platinum,INV,024
8a4cdffd-0937-481c-a15a-dee8672ec1f2,UT,293193,3/31/2022,3,silver,FIN,017
43df7b69-836e-4281-a9a2-bcc05e7a3cde,CA,785311,4/26/2023,5,employee,FIN,016
5ea29825-3418-4db8-a5d1-fb5b33550842,#N/A,806297,8/22/2023,5,employee,INS,02
cd897cf0-82b6-4736-815f-2dc914052af4,NC,853418,2/26/2023,2,silver,INV,025
a6d117e2-1533-4b9e-a2ea-f0afe6e0505a,CA,1028950,8/8/2023,9,bronze,INS,012
6c4879fc-4b21-4e2c-b938-d64e11ccf847,CA,1069367,7/21/2022,9,gold,INV,025
2797c5fd-4078-419a-84ad-e421e6a64d4a,MN,1217285,4/16/2022,1,silver,FIN,019
50dfee24-0e6e-4ff5-8174-23e388fa1f77,SC,846715,2/25/2022,9,silver,INS,05
f33970c1-ee47-4603-96e5-81418d1e5ed5,IA,154817,10/31/2022,8,platinum,INS,012
3a7b006f-420f-403c-8887-2a831b30db0a,WV,1284472,8/11/2023,8,gold,INV,021
e721a449-d2cc-4e8e-8d9f-d9e4ddc9c243,CA,399933,5/26/2023,10,platinum,INS,03
f77f0ab6-bba7-4cc0-a21d-f212cedc3c9b,NV,943380,11/3/2022,7,employee,INV,022
d7211e00-d550-4b98-ae19-1c04c4699579,AZ,1122459,3/23/2023,6,employee,FIN,016
cdb71827-4292-4c1a-8854-e79040d4b50d,PA,535264,5/25/2023,8,gold,INV,023
3847f744-089d-4474-bd8a-d14740722762,OK,942238,4/15/2023,6,gold,FIN,018
0bb87db1-dc07-40d4-a864-d6c90c7e7505,MO,208803,7/4/2022,10,silver,INS,05
7621c2bd-98de-4c73-90c2-b16324f4eb65,IA,872050,2/10/2023,4,bronze,INS,07
2634a94d-6d04-4b23-bda6-c7587dc20ab6,OR,1133327,8/27/2022,6,bronze,FIN,017
57d29472-1247-4490-b6fb-149c361df009,GA,998945,3/7/2022,10,silver,INS,012
a9bac3c5-32bb-44b5-9608-f4b785469ee8,AZ,770046,6/26/2023,5,bronze,INS,05
bc21cc15-53e6-4b5a-b43c-c8ca66f6a34e,#N/A,1179291,6/2/2022,8,platinum,FIN,015
5951b335-d075-4d6d-9539-ef11bbc9027b,MD,22251,8/23/2023,4,employee,INV,020
540080f4-ce6a-4f33-8575-95706156cde1,NC,482433,1/23/2022,1,gold,INV,025
90e1be1d-3f7f-4385-917a-59d4be017ed2,MI,794162,1/31/2023,9,platinum,INV,025
174e7096-2840-42cf-a651-c14ae95ae1fa,IN,1259815,3/19/2022,2,employee,INV,025
0c17cf63-3a4d-4b88-9f20-354cfb4f0969,FL,272593,8/12/2023,4,bronze,INV,024
36e261e1-8f08-4080-b2be-ee0cf1b6056f,NY,179739,4/14/2022,5,silver,INS,09
31c422e2-ae38-44e6-8301-1eaec448afe9,CA,943265,2/21/2023,5,gold,FIN,017
32bbe81f-0ea7-4425-aced-a3af39fdedff,FL,1325779,1/16/2023,1,gold,INV,025
f718c0bd-b47e-43c2-aa40-b49accb13115,IN,47393,5/22/2022,6,bronze,INV,022
aa6de832-d46a-4724-ad09-3dc44d6fa81c,NV,562295,2/28/2023,10,platinum,INV,024
0f6ab91a-4c3c-48ee-b895-ba854f9dfe69,NE,1013938,2/24/2023,9,bronze,INS,08
0f3969e4-fab0-44c7-ace7-299d722451fa,FL,375328,4/15/2023,2,platinum,INS,04
e705e5cc-447c-43b9-acf5-d4df3fa8a1aa,TX,972272,5/2/2022,5,bronze,INS,08
831dd50f-3d21-4d89-9523-76fd1d71af0a,CA,899603,8/19/2023,8,employee,INS,02
c8b766c8-2479-4da1-b232-8638d1094c73,NC,1170221,4/28/2023,6,platinum,FIN,016
8ba6b4c8-6d9f-456e-a754-04ad4d9415a4,TX,1167289,8/26/2023,1,employee,INV,021
c2654400-26ff-40a4-aa5d-94fa142a452c,MD,98702,6/27/2023,9,platinum,INS,08
fecf8adf-56a2-4a9c-a3b5-1581ef2d2083,GA,1392383,2/22/2022,10,platinum,FIN,019
4b4deba5-0807-4e01-9c49-9fc059d5eed5,OH,764179,5/7/2022,10,platinum,INS,010
2a520975-76e5-4a5f-a8af-b252b0f4e5f5,OH,267480,5/17/2022,1,platinum,FIN,017
7cfd729b-d8ee-4898-8d45-fba3e69fb204,OH,988074,8/17/2022,4,bronze,INS,05
dede4d1e-8efb-48a9-a68e-b0a5e557f663,NY,961457,4/2/2023,10,gold,FIN,017
a127d446-5efb-4f69-9af2-b01b54a84ccf,PA,1130495,10/25/2022,2,silver,INS,03
994a5ae0-c16d-49d2-b597-06c9fc26d724,CA,1127487,3/3/2023,1,silver,INS,04
dfdf5fa2-82f7-4261-8cb2-b8d40e9dd9d6,#N/A,466766,7/31/2022,6,gold,FIN,016
9d1ffa4b-735b-46bc-b1af-f6e1fcab0e44,MI,739099,5/6/2022,3,bronze,FIN,016
e2afd03b-91ae-47c8-b459-a4a9a4b294a5,#N/A,1386237,5/9/2023,3,silver,INS,012
36023262-67b8-4c2e-86c7-4dbb0e44c391,FL,1172997,11/1/2022,4,silver,INS,09
df7e8ffc-9853-42cd-abb4-1405ba856f7c,NC,1213119,3/1/2023,4,employee - AMBERT883,FIN,013
950d2b5c-786c-45f1-aff3-616ff30211c9,CA,724161,7/30/2022,6,employee - ROGERF778,INS,09
3a0473e3-f321-4c30-9f9b-4e6c26522493,TX,238145,4/23/2023,10,employee - PETERJ990,INS,012
a16ad9b7-e5c1-495c-94ee-202c1d18c8e3,OH,695850,2/21/2022,4,employee,INV,024
99a2e731-ae50-4ac7-9f90-416969c61594,MI,674324,5/11/2023,1,bronze,INS,05
07d0a7c4-76b0-4181-a5c5-700b96cd3975,TX,404173,8/3/2022,3,bronze,FIN,018
6f1d1fea-1d07-47f2-89e6-0b55ac04817a,MO,464075,8/29/2023,3,employee,INS,06
1107133b-23fa-4b23-923b-bec601710ea7,OK,885220,6/29/2023,8,silver,INS,010
9aea0c8f-ada9-474b-9f05-e6a56c3a92d6,#N/A,894128,8/18/2023,3,employee - GLORIAT993,INV,025
3f0d5876-f181-4524-947a-c8200cbdf887,CO,1377152,4/16/2023,5,silver,INS,08
f84cae4b-fc58-4593-b597-df122ffe36f7,MN,1344305,5/18/2022,7,gold,FIN,014
c08996a8-c4f0-4c05-9404-1933ddc8dcaf,MD,1241513,2/14/2022,3,platinum,INS,04
2a949fb7-e009-4f7a-ba8f-bc2b56298b77,IL,444715,8/5/2022,8,platinum,INV,025
aff33b35-90b1-4fa3-93dd-b2ac512e89ba,#N/A,953663,1/9/2023,4,gold,INS,03
401cd90a-3744-4b54-a7e8-2ca105bae256,PA,890744,11/28/2022,1,gold,FIN,013
f3a1e91f-ad16-4beb-a661-da24e64320c4,NY,1381054,1/16/2023,9,gold,INS,05
3b0029d1-e919-450a-b859-2081fcfd16b5,WV,862512,9/21/2022,3,silver,INV,020
9c6ae3cc-1090-45d3-bcb5-3c987ce9f96c,VA,945275,2/13/2023,2,bronze,INS,02
1c2ebe09-f9fa-4d78-abd9-7489ecd8df55,#N/A,880815,4/25/2023,5,silver,INV,025
d287b471-13b0-4d6f-9565-370409919beb,TX,122735,4/16/2022,1,gold,INS,07
4831971a-e28f-4cc0-aaae-2110f5d58898,AL,1114992,4/16/2023,7,platinum,FIN,019
d01a0b63-d51b-4b97-adfc-d457e8925ed6,CA,1156329,2/26/2023,10,employee,FIN,019
519ca5ed-4eaa-49d0-bfa3-6a62aed35dec,NY,738295,2/17/2023,2,bronze,INS,07