id,product,quantity,customer,sales_person,date
ac391732-b3be-432d-89e7-016c937d35e3,P005,223,T0914,SP0035,8/28/2022
4283e1cd-1805-4b45-a59d-80d464632433,P003,677,T2270,SP0030,8/10/2022
b37e919e-bd88-4567-a718-879f55c09368,P0011,227,T3240,SP0024,8/4/2022
e24eb49a-342b-44dc-b9ef-ee28222333b8,P009,696,T0322,SP0017,7/21/2022
60c164cb-83d0-451c-9ef1-2403033710e1,P003,269,T1054,SP0038,7/22/2022
afd421be-1f27-4388-a3f4-4cf7a672fbcb,P004,123,T2499,SP0030,7/15/2022
a236f705-49bb-4f32-bf93-c7a40fc08f0d,P009,769,T3224,SP0037,7/28/2022
a1a22391-3b9c-46ed-a6f8-453c47b3f2f1,P005,926,T1040,SP002,8/30/2022
c011f9ba-d542-4066-b101-3ba162efdc5b,P003,878,T2386,SP0038,7/27/2022
c826a9b8-b04e-4b28-b17e-6f40fb49a2d8,P002,184,T2280,SP002,6/21/2022
5ebf0d95-c08f-417d-b046-029d71d6b784,P002,832,T2275,SP0017,7/2/2022
07ffb596-2789-4416-84ef-95c0bc0ef9c2,P009,173,T0676,SP0027,6/18/2022
5a809056-75ff-49c3-a387-7e5cea9eba0f,P005,775,T0250,SP007,7/17/2022
58f0cd79-29d5-4dea-a135-a1b73d9d1732,P0010,547,T1472,SP0023,6/17/2022
a073f28c-1fa8-4630-bccf-1a19ab7fedd4,P002,915,T0205,SP0035,8/11/2022
5a87bb16-62ac-47b9-ae2b-677d623f566c,P007,181,T1411,SP0022,8/14/2022
2ca1829f-8e63-4aa5-baf9-ba8c98753ee8,P005,326,T0193,SP0019,6/27/2022
d4143800-6aaf-4570-9173-1529db82e833,P002,686,T2128,SP0010,6/10/2022
fd4484f4-ebe7-4acf-b222-f935b37136d4,P005,208,T1867,SP0037,6/25/2022
0dd14789-059d-4044-8283-6c0e2a535155,P005,301,T2492,SP0031,6/11/2022
c484ac63-208e-4e02-954a-48694ec44c6e,P008,247,T2179,SP0026,6/10/2022
c37fea7e-2f0a-4a40-a925-e6ba070ce605,P006,520,T1423,SP0028,8/16/2022
bad3cd3e-4d12-4271-91bf-57e1be90e2a6,P005,314,T2020,SP0031,6/22/2022
a60064f7-35a7-4c93-bb69-461047740aa7,P0010,937,T2147,SP0037,8/9/2022
f89d2459-423b-4131-81c2-6b6cc90b5387,P003,437,T1421,SP0011,8/3/2022
b4d2a68e-fdb6-49c9-8ca3-eb02617b14a2,P005,368,T1425,SP0025,7/11/2022
45cae927-10b9-4cff-9156-6ce94912ef04,P008,717,T0184,SP0029,6/10/2022
7917a59c-b342-461c-bd5e-2e0dae52ea77,P0011,574,T2601,SP002,6/30/2022
9b18d336-6931-4254-9028-40e175c0fc9b,P004,794,T2468,SP0014,7/14/2022
6f75ee95-546e-4fa6-8f9c-a28cc46f30fd,P009,178,T1815,SP005,6/2/2022
a8a8d709-9e87-48da-8f39-84b2c0ba3c24,P006,871,T1100,SP005,7/18/2022
2a6ce7a9-37a6-4538-ad26-2362a74f20dc,P007,331,T2468,SP0021,8/21/2022
2961b006-1a29-432c-98e7-c1efacaaf5d2,P004,258,T1424,SP0022,7/23/2022
1e6e24b1-524a-4be5-b1ee-c06aec9d21b6,P006,653,T2584,SP0032,7/16/2022
9df01f16-9fb1-429a-84ec-e119b2270df9,P008,972,T1140,SP007,8/2/2022
e61597c0-db50-4821-9bd8-db9f647176ca,P007,288,T2463,SP0036,7/4/2022
1d6595ce-f9e5-4c79-bbdd-68ba842ff923,P003,129,T0738,SP005,7/10/2022
f7c36672-511c-4c33-942d-018e84ea198d,P006,983,T1502,SP0014,8/25/2022
f91d7be0-3b6b-4a36-9bc9-b4fb2a6fee78,P0010,289,T2350,SP009,8/3/2022
623a615b-5f3c-49e5-a6f9-b34ecb292dca,P009,747,T0198,SP009,7/1/2022
9f0661da-93e5-4007-8d1c-e9ea3e3f8bcf,P007,305,T0321,SP0019,7/30/2022
0d65cb00-6a68-4af9-8831-bb6c4da2bf17,P002,542,T0222,SP006,6/9/2022
2c26b644-fe6b-4310-99cc-b91d6c6f9b3e,P008,383,T1472,SP0026,6/12/2022
67fa2cd6-0319-4afd-8bd4-8bf4e65c6a0e,P008,646,T2195,SP0027,6/27/2022
05698102-da54-4d25-94a2-d78d647ab8fd,P0010,828,T0222,SP0040,7/5/2022
30bb2350-1ec2-4322-9a53-117ddeb303eb,P004,787,T2760,SP005,6/23/2022
ebbbff67-0cd7-444a-98f4-718472a691df,P006,330,T1438,SP0035,8/24/2022
f64e126f-1b6b-4bdd-841f-1e20e084fc97,P005,534,T0257,SP0025,8/30/2022
0101f138-6fc3-44c5-aeb6-cac91bc74731,P002,656,T0677,SP0022,7/21/2022
9f9d4759-074c-4f11-a590-3631abcfbd64,P003,698,T3240,SP0033,8/4/2022
7837e290-2ad5-4b42-851c-96e973cf706c,P006,386,T2252,SP0037,6/12/2022
cd6e1fc1-b4c8-42d5-a86e-b302ac3f4a9a,P003,308,T2163,SP0034,8/1/2022
5b3b623d-6a7c-4256-b895-c8c001e6088a,P003,557,T1283,SP0033,8/20/2022
35ec4df4-6bcf-4483-b859-be74457d5b4d,P005,997,T0193,SP0032,7/4/2022
7841dd29-5f73-43dd-8f85-79ac9fc64ec3,P009,274,T0249,SP0038,7/8/2022
5337fe4d-3a78-455a-9495-f173c77d6685,P0010,100,T0332,SP005,7/24/2022
60355ffc-e4cd-4f7c-8916-ac63d60c4813,P009,100,T2766,SP0033,6/10/2022
e5ba08fb-cce8-4ccf-b4cd-579f67a4a865,P0010,319,T1411,SP0037,6/9/2022
887ac99d-59f1-4f5c-bbeb-dcc7c8f463ad,P007,801,T2051,SP0033,7/5/2022
66227a48-4b29-4ba4-ab2c-0162e79dd21d,P006,757,T1097,SP0033,6/15/2022
42dd7fc8-e634-4c5b-ac73-411decd3ba01,P006,775,T0249,SP0018,6/20/2022
20495c48-3be1-44f6-8cd7-c523f1e2dbf7,P0010,641,T0937,SP0030,7/10/2022
9f4d9d00-6455-4892-8751-9e2693ec8a1a,P002,456,T1283,SP0025,6/6/2022
a521630f-c040-413b-8585-764bd9484ec2,P0010,167,T0312,SP0025,8/15/2022
fa0eadfb-5ce3-452c-b180-863860a87fbe,P0010,265,T1980,SP0029,7/23/2022
12736366-249a-4f07-9d4f-1f75c6a21146,P005,891,T0615,SP0017,6/27/2022
159588f7-df55-460e-9af5-3d7984277f84,P006,738,T2398,SP0040,6/26/2022
92376e9b-8920-4909-af14-82e926c45057,P0011,633,T2760,SP0037,7/29/2022
c46513e8-04c3-4466-a876-9b88d27f66db,P003,241,T2185,SP005,8/3/2022
27caf264-e87c-4945-90d2-cd403f7c2f77,P002,533,T0677,SP0016,7/8/2022
43bfb62b-c804-481d-a0fa-ab25f57f0fbc,P007,133,T3264,SP006,7/22/2022
23e075ff-754c-46cc-b06f-b41e5d0f7829,P002,738,T0302,SP0014,6/28/2022
4ade8efe-dca7-4ae4-86cb-ed1214913fee,P006,321,T1407,SP0012,8/24/2022
1d751c05-ae3d-454d-968d-477b75d8b6cc,P0010,875,T1547,SP0040,8/20/2022
a464bee6-3cb3-4dc9-aaf1-c60fef5155a2,P002,466,T1805,SP0033,7/19/2022
031447e8-630f-45b6-ac91-bb7d951e9774,P003,820,T1411,SP0011,6/16/2022
437aa74c-467a-475b-b3f6-158363b54809,P007,305,T2855,SP0015,7/4/2022
a3b3844f-c5f7-4de7-a1bb-edfbfe588351,P008,454,T2238,SP0035,8/25/2022
0672528c-42e2-444c-926f-2110beceffc5,P006,190,T0767,SP002,7/12/2022
b7dfb793-6115-4cfe-8c0c-ba138147c467,P0010,299,T0259,SP0032,7/24/2022
c8128675-0900-46c7-9473-54181536eda7,P002,535,T2260,SP0011,8/30/2022
7990d3da-eba5-4fbb-b6b2-cb61389a24b9,P009,909,T0852,SP0029,6/11/2022
adff1317-a49a-4906-8cca-b29d4d72ed8b,P006,320,T1121,SP008,6/10/2022
c4513815-749b-4e91-bab9-6ceded06194a,P004,454,T0675,SP002,8/13/2022
c2582c6d-a7f1-4bc1-889e-3b012137f6d4,P003,415,T0913,SP0027,7/15/2022
fd47c43a-db03-4ffa-8100-4f2fc49f5739,P002,249,T2627,SP0018,6/19/2022
7491945c-bd87-4c88-b3bf-8f245f20b326,P005,520,T0767,SP0018,7/2/2022
7cd8b78c-5dfa-4492-83ab-e6456884dd39,P003,468,T3224,SP006,7/7/2022
add81de8-8ab1-4276-87bb-e4b0e2bf5550,P004,258,T2744,SP0026,8/7/2022
d17f6a97-8da0-4124-901c-7ad4393cd0a0,P006,948,T1527,SP0037,6/29/2022
fe003935-6edf-449a-8e43-421157e5aec2,P004,698,T1427,SP0031,8/20/2022
b4922140-8bef-4c59-983e-e7da7674b0b6,P004,321,T0267,SP0015,8/8/2022
b3e274c6-0404-455f-9c43-1cd908c9dd90,P002,508,T1384,SP0020,7/5/2022
05035f44-841c-4bfd-81b5-f9197bc811c6,P008,164,T1805,SP0010,6/4/2022
019297f2-dc31-473f-9597-061df790e1f6,P008,118,T3258,SP0035,8/29/2022
e86740b5-68da-446e-b5a2-92b4b1329a53,P0011,961,T0199,SP0021,8/19/2022
636dad07-6877-454b-a7cc-68b977bed9f6,P004,678,T2163,SP0032,6/13/2022
8e1c0569-ee94-4f81-a2c9-4a10221cbffc,P008,678,T2627,SP0023,6/23/2022
5cf67ad6-4de1-4f91-b243-05123984ef03,P0011,904,T2760,SP0020,7/23/2022
cf31e21d-e7fb-426f-bc5b-45a957b75d8d,P003,152,T2775,SP0023,7/30/2022
495960e5-2c15-4fe1-84d0-545bbafb34d1,P009,939,T0183,SP0021,8/5/2022
838051e9-0d3d-443a-b4b1-e8861cbca15b,P002,675,T2128,SP0036,8/5/2022
54b8d479-9b65-40c3-adcc-3a501335b916,P0010,629,T0767,SP0034,7/9/2022
97ecf537-7337-441b-bdcf-4920b3a0556b,P008,386,T2275,SP0039,6/29/2022
f73db43c-fda0-4e28-8290-a176d157175d,P006,851,T1507,SP0013,7/21/2022
96ef28f5-59f0-4c4c-9b37-172d4ead18ff,P0011,591,T2420,SP0034,7/24/2022
05b78a85-b2b5-4531-881e-057247aeae09,P007,813,T0737,SP0024,6/28/2022
9eec04f4-b5fd-4e18-a531-b25705ba626b,P005,960,T2026,SP008,7/10/2022
e4e3a23e-9fdb-48bd-8fd6-3d9a03d63925,P002,681,T1305,SP0035,7/9/2022
bf75ef0c-141c-4b75-8bde-774709265ff0,P008,632,T0761,SP0029,7/27/2022
32555b05-095a-428d-9e3c-91648f8f0b1a,P003,183,T3264,SP0024,7/8/2022
09947e92-9dca-49f5-a71e-7cfde550be0b,P006,190,T0883,SP0033,8/13/2022
3d4fd99b-fb7a-46f4-a0ef-69b853afdb7d,P009,874,T2581,SP0021,8/3/2022
2662b5f4-17c9-43d1-a499-6a3260a0be07,P008,645,T0312,SP0030,7/17/2022
8b41babc-4dd8-45a3-9d26-5bbfc1c5c946,P0011,108,T2776,SP0018,7/25/2022
d08894fa-b200-4e87-a53b-c7eda9c0b246,P003,784,T1306,SP0038,8/5/2022
c102489a-94b0-4eaa-ad2d-35b0575a274d,P008,530,T2214,SP0011,7/16/2022
168eb641-b0b7-4307-b368-ce0eb88a960b,P008,823,T0309,SP008,8/3/2022
ffb49768-529a-4d72-b949-9eecbe722326,P005,975,T2151,SP007,7/2/2022
90f0deb7-2480-40e1-91a6-6d32824fb3a6,P0011,711,T1502,SP005,7/20/2022
386fcaa1-40e2-4259-9269-d7b44301ac68,P0010,462,T1421,SP0033,6/30/2022
7f1abb3a-6fdf-429a-95c1-c69e15ea177e,P009,153,T3267,SP0020,7/1/2022
f0783322-0f72-41fb-9d37-d8b0199b1b06,P009,762,T2329,SP007,8/4/2022
a380b521-1d43-4880-9c8e-bc8884ac61ae,P002,783,T0328,SP006,8/24/2022
0c6e48a2-9f2b-4752-943a-73ff8f01bbdf,P004,585,T2307,SP002,8/19/2022
44cfa6fc-c922-4e27-a4f0-42b0ac053ce9,P002,103,T0200,SP0023,7/31/2022
8e523731-e439-4c2a-8c9a-cc2d9fdadf3a,P003,571,T2524,SP0012,6/4/2022
def9b146-6f8a-494d-a395-18ccd7ba65a0,P0011,297,T0615,SP0041,6/25/2022
5fb9f127-bb4f-481c-acd5-29f060bae835,P007,890,T2730,SP0023,7/11/2022
f52698dc-da28-4cb9-82f0-4e04d0755bb7,P009,999,T0258,SP0032,7/16/2022
51352ec5-7f42-4ea5-8941-0abaa04a92a4,P009,235,T2350,SP0013,7/14/2022
378b1a32-1afe-44a9-a112-49d3d2792994,P007,363,T2424,SP0038,6/12/2022
c625ca10-7c23-451f-8c63-150977375e8c,P003,831,T2766,SP005,6/9/2022
fb5c582c-fa68-4253-8d7f-eefac9b8ac26,P003,934,T3224,SP008,7/6/2022
ab6885a9-782d-45d7-8eef-b6b76089e056,P006,609,T0267,SP0026,7/12/2022
5e771f8b-9ad2-445c-a038-1f16297480bf,P009,489,T1384,SP0014,6/21/2022
432dc8d0-26bd-4e1c-b8c4-73199ce9b72f,P002,606,T2214,SP0037,7/30/2022
62f1e01b-8d81-4a10-b9d5-408f28930f6b,P003,820,T0228,SP0013,7/16/2022
6a4d8ad7-c84b-4641-ad96-3c57493af3fa,P006,132,T0660,SP0026,6/7/2022
ef0b5e2f-8a22-4ef5-a7e1-92c1905f82aa,P0011,762,T0307,SP0012,6/29/2022
319d142a-218b-46c6-8a6b-f236be521e12,P009,427,T2615,SP0031,7/24/2022
378b292f-8182-4625-8216-384b8092d93b,P006,694,T1507,SP009,7/2/2022
b7152a1c-f5d7-4b54-a9ae-5d4841238074,P0010,178,T0246,SP0038,7/25/2022
09fc4087-adfa-4b93-be70-912cfb607e72,P009,184,T0298,SP0023,7/4/2022
cbc7c734-fd33-4b11-a2cf-2f3e0f4b6454,P0011,233,T2795,SP009,7/5/2022
cf247072-fca3-4144-bdeb-f0843648cce3,P004,690,T0193,SP0031,8/25/2022
f3c60a70-380c-4cf8-a223-b87770de8401,P0011,798,T0312,SP0025,8/10/2022
9931d4fd-9ec0-4625-a03e-a93cb74914dc,P007,289,T1304,SP0014,8/3/2022
6cedc7da-a15e-4146-9a39-6bb5ab512c89,P009,580,T0309,SP0011,8/22/2022
76cb6d7d-9956-434d-9371-2072c24708f9,P005,718,T2421,SP004,7/13/2022
ebed793e-e7a1-4978-a3fc-bbe6b9e710fb,P005,204,T0305,SP0012,6/8/2022
b3325002-4a8e-4aa0-911f-ef703ea3de72,P003,414,T1293,SP007,7/29/2022
1086af2e-b14c-447e-be9f-793ae680fc44,P005,710,T1304,SP0018,6/12/2022
56766c87-bfba-43a8-b590-6113a9fa71bb,P003,646,T2232,SP0038,8/14/2022
e9f16509-8d7c-42b5-8802-32085d4c37b7,P0010,353,T1238,SP0041,6/10/2022
598666e6-f2e5-43db-a648-93cd1630ad00,P0011,949,T2831,SP005,7/12/2022
9482aeda-c533-4342-8458-dcd321c0736e,P007,620,T2165,SP0012,8/21/2022
e044dd86-8d62-4349-b964-018095b49af0,P003,584,T1846,SP007,8/30/2022
71f59eeb-54e5-4f15-94f9-4a05d31b9343,P005,243,T0190,SP0033,6/23/2022
c891df57-383b-4bfc-950c-eaa5fec8466c,P007,749,T2088,SP0029,7/31/2022
74e7dd93-183a-49c7-9d00-729308453630,P004,143,T0939,SP0026,6/2/2022
858e9b8b-6ca0-4dcc-b0c9-abefb7ed5927,P0011,635,T1033,SP009,7/20/2022
12f44d4e-d5b8-4983-8a84-a9f651bad2b2,P007,404,T2329,SP0028,6/17/2022
e4c667f8-bde9-4f1e-bf99-dd3f210a42e8,P0011,189,T1098,SP0017,8/10/2022
c2c75582-deae-481f-b456-497323fa2126,P003,775,T0212,SP0017,8/30/2022
6299d870-7efb-4cf1-b381-29cc4fe3debb,P002,866,T2082,SP0025,6/15/2022
a0274422-7c81-49c4-b6c7-8e728865630e,P007,226,T0228,SP002,6/8/2022
36407a32-dfcd-4cc8-b770-6b3d6cef3a5b,P008,308,T2280,SP0021,7/30/2022
4a7c8ec2-dddf-4982-8e05-a83ca7885f9f,P003,868,T2744,SP0028,6/28/2022
97e9b6e0-13fe-4e83-a541-5d5ae0cd67d8,P004,666,T2715,SP0021,6/8/2022
d1973f89-4cfc-4894-89a1-486a804ce335,P005,459,T1869,SP009,6/7/2022
26807a09-6bbc-491c-91e4-c4b17c20df21,P003,836,T1025,SP003,6/15/2022
5c9e2be1-c376-4a4a-b73c-b59b11f9a4f8,P005,384,T2766,SP0023,8/18/2022
cf11af4b-c412-4648-9824-5f3bb9b3ec7e,P003,620,T0660,SP004,7/11/2022
1c8b87a3-dd2a-45a1-8bc5-ae251cf34b6d,P0010,223,T1027,SP0032,8/26/2022
934894fe-399e-442c-b790-3acb0e9a0506,P002,456,T2744,SP008,8/7/2022
50f9e596-63a8-436a-8227-f868d048931b,P004,838,T3217,SP0037,8/29/2022
4c6284c1-f99c-4fa7-a323-141ebba7bee9,P002,288,T2349,SP0040,8/4/2022
326d2f21-a5f7-4896-a47a-6cb93055fbf1,P003,311,T2420,SP0033,6/17/2022
1ea888d9-9881-433c-970a-a59d834e9726,P009,606,T3267,SP0016,7/12/2022
27fd52fd-59b5-4638-bc98-75dd64c1bf28,P008,879,T0312,SP0028,8/5/2022
fd2060f5-aa0f-44b5-b7ba-f9b9cd2c083d,P005,240,T3205,SP0017,8/6/2022
ea217fe0-df8c-4968-a388-4536597700bd,P008,650,T1927,SP0035,7/21/2022
abc3caff-a346-4fe8-8fea-4d59c674b23f,P009,968,T0303,SP0022,8/16/2022
947e5504-aaf0-4ec9-bff4-643eff90d5fc,P004,565,T1340,SP003,6/27/2022
f754c82a-a028-4b3a-8dde-2e61ab84cb35,P004,450,T1098,SP0026,8/6/2022
5c749462-0fb9-483e-b748-faca736af43f,P0011,975,T1862,SP0032,6/26/2022
33da629e-2f0e-4bc6-8370-60e5ee0da74e,P008,461,T2771,SP005,6/3/2022
7d98ef15-49ef-4f2c-b44c-2d6b04160d5c,P009,593,T1424,SP0038,8/8/2022
e1ff7746-4f7f-4ff9-a3ae-ada9d09f6607,P0011,995,T2359,SP009,8/9/2022
3964c4a4-c15b-4088-8c16-f7462f3b66be,P005,826,T0226,SP006,8/18/2022
d33d3a9d-7004-4206-8f5c-932a4d793311,P007,374,T2329,SP0030,8/12/2022
f036ce46-25ed-4ce0-8b1b-21623edd0490,P005,434,T3205,SP0030,8/25/2022
86e80fa8-0d45-47e0-9765-62ad5e455d62,P007,276,T1423,SP0014,7/10/2022
7bd84a9c-5012-4299-9e55-fd8060629f30,P009,980,T2455,SP0019,6/28/2022
f8b3ba74-3f16-4794-9f28-66282ea8e5b8,P003,130,T0324,SP006,8/25/2022
b8332da6-46fc-4113-b9a8-71c9809bcff2,P009,398,T0199,SP0032,6/24/2022
c02885d9-b3e4-4d57-9953-a2c1fc12bd1f,P0011,552,T0676,SP0022,7/17/2022
e844397a-a17d-44b0-8469-2f4316d674ca,P004,417,T0245,SP0012,7/11/2022
8c42e03c-8f26-4ef4-a058-e82f3da58679,P009,138,T2776,SP0010,7/28/2022
127d9458-ac3f-4b08-b7d8-7e1a9d5030ec,P008,492,T1527,SP0027,8/26/2022
0462bd73-856a-45ca-8a6c-a44dfd7f033b,P008,896,T3262,SP0037,8/24/2022
d72f9592-ff0b-46a3-adc2-ee3c96db1c93,P007,546,T1424,SP0024,8/2/2022
554ec42d-a785-46ee-9a0a-da4a6fb08764,P005,819,T0322,SP004,6/28/2022
b52d2e59-c384-4e07-b632-4310dd708ea4,P004,436,T1984,SP0014,6/4/2022
fb378cae-c7aa-4a1e-b91f-69b29a3f7cf4,P002,724,T2151,SP0022,7/14/2022
aee23e16-038e-4a9c-bf2a-89c28a42071a,P008,749,T0676,SP006,8/9/2022
a788e85c-3fd4-4221-941e-2680c55eba8a,P002,926,T1428,SP009,6/9/2022
b384523d-13e9-4537-a8a8-8e02decdb5e2,P008,899,T2018,SP0025,7/12/2022
18b71d0f-2797-4b62-ab02-95fec5b973de,P009,611,T0228,SP0035,7/8/2022
95842f34-d343-456d-a419-3c4c1c0f8807,P009,128,T2096,SP0018,6/14/2022
90352010-1a59-43f0-8d1f-5c249811c795,P005,433,T3203,SP0037,7/3/2022
19a1931f-01c8-4233-864f-6cef83926658,P0010,735,T2350,SP0041,7/13/2022
a2f19986-d841-4ba8-b750-89834d2f2bb0,P002,919,T1548,SP008,8/5/2022
166b8781-8e61-4549-95fb-a6152ead3b65,P008,678,T2795,SP0015,6/24/2022
78aa16ac-485d-44b4-9977-69f9df10770b,P009,314,T2397,SP0028,6/14/2022
0e2096d9-5d2c-4bf4-8675-326857e9c317,P008,633,T3202,SP0033,8/21/2022
1e3ef759-4411-46d0-9c42-95ff7cdac73f,P009,674,T0660,SP003,7/12/2022
5c67aeb7-40f6-4296-b621-155c5396da83,P009,437,T0246,SP0029,7/8/2022
23a7e6de-6a3d-4f7c-9074-979f14d0be54,P008,870,T3224,SP0027,6/20/2022
a4e42488-48f1-4694-ae67-31417b9ca944,P003,306,T0302,SP0015,7/15/2022
0dd2446f-54cd-47fd-a43b-2ccd9aebfffc,P0011,168,T1143,SP0040,6/14/2022
559976f6-7041-4384-ad5d-d4a4d50cc888,P006,940,T3218,SP003,7/13/2022
a6ae4ad7-b9e6-4f8c-90e8-8ea464136595,P006,802,T3218,SP0023,6/9/2022
f45d9a7f-74b3-4bf8-bf54-c62ada4f8f09,P006,579,T3240,SP008,8/6/2022
25555e65-3f82-42e3-8740-e7481e9fe5b3,P0010,421,T2163,SP009,8/8/2022
a9897413-2b95-40ff-bd90-7a8abd5dc7cd,P004,598,T2760,SP0040,8/18/2022
cf01352f-d4ea-4e35-83dc-8d5bc1d78d26,P005,419,T0184,SP0038,8/28/2022
0d3688ec-dbf9-4b2e-88e1-71d931adc238,P007,795,T2420,SP0020,6/4/2022
3d6410b1-1a1a-4f17-a002-5db307797092,P008,102,T1526,SP004,7/22/2022
737d3530-4bfb-4468-928c-8be6bf862749,P002,104,T1526,SP007,8/8/2022
1503df31-d37d-4a29-866c-561fe65b62ce,P0011,451,T2482,SP0038,6/19/2022
0be97e36-667d-4570-8870-5a848e9b7d95,P0011,933,T2275,SP0027,6/24/2022
32f84ee9-cf9c-49b0-aa7d-e5fa86ec5e28,P007,664,T1033,SP0035,8/2/2022
a718a91d-491c-4c9b-9f75-c7830eae23a0,P007,580,T3233,SP0025,8/19/2022
6edb68e4-52df-4642-8c03-1c4208f9f98d,P0011,133,T0250,SP0038,8/16/2022
1b3b51c9-2256-4183-871e-ec46f57b4e00,P003,440,T1834,SP0033,8/21/2022
94b8e35c-f416-4fce-8772-0deb069b1e9f,P006,775,T1122,SP0034,7/12/2022
6cec1f32-a7f8-4672-86d2-7ad2ac885777,P007,740,T1815,SP005,6/13/2022
a1f883c0-21c2-4b6c-b911-17df6b1c575a,P0010,580,T3216,SP0028,6/12/2022
665eeffc-a211-413e-a5dc-8282bd102053,P004,305,T2214,SP0025,8/8/2022
7e31b1c6-1492-42b7-aea1-7bdc02437374,P005,421,T0249,SP0021,7/18/2022
bc88e791-fbfe-469a-a7c3-1a2cf20d30c8,P004,747,T1120,SP0015,6/22/2022
8ca669e5-98d7-4967-9040-e171f465c7b3,P0011,372,T0304,SP0031,7/16/2022
745bda3c-2c2d-4842-81a0-948a4cad2e9a,P008,345,T1410,SP0032,6/6/2022
a033406c-f712-4c88-95eb-2c41fa67a782,P002,323,T0321,SP0039,8/4/2022
9fd309ff-88c7-4ca3-b827-b4f943a8d35e,P003,393,T0939,SP0019,6/9/2022
db77c831-c029-4ba4-a50f-b41aac62594d,P004,550,T0853,SP0037,6/21/2022
35869018-ef4e-4f1d-afb4-e0a0ed3608ab,P003,642,T3258,SP0037,7/29/2022
e3b59629-01f6-4250-806b-22c619a3f273,P005,549,T3225,SP0038,6/25/2022
bfb30621-697b-4936-a2eb-dec887e26085,P007,331,T2768,SP009,7/18/2022
e838b198-1c27-43fd-8f81-0caa035789b6,P005,748,T0321,SP0033,6/8/2022
69e33846-3773-4aea-a2b3-295197e5709e,P004,984,T2776,SP0013,6/7/2022
6e3049b8-6554-4ef9-ba8b-fa8fe7ec9167,P007,711,T0312,SP0028,7/31/2022
fb402510-0beb-4785-b1a3-3a0ac89f5116,P005,980,T1238,SP009,7/7/2022
1db6e091-7b87-4319-af8f-916906cc1dcd,P009,752,T1547,SP006,8/29/2022
f287730f-af89-4225-8938-f0920514d37d,P008,556,T3203,SP0032,7/22/2022
2d18c1fd-b1d2-4989-ae84-fb87f5bcedee,P005,780,T0827,SP0024,6/16/2022
34fe55d5-b900-482a-bf88-516f3db7cb2b,P002,857,T1926,SP0036,7/15/2022
bb1e2151-e877-40f9-a807-9bc14ad35b0f,P002,792,T3224,SP0041,8/13/2022
5f711e35-7264-497b-970c-7fb17142ec38,P002,823,T0314,SP0017,6/5/2022
e0c68db9-6b28-436e-aa8f-2f15ba5b7591,P004,751,T1332,SP0028,8/2/2022
b7e2d1ce-3dd6-4f67-a2f5-5f854ed1541d,P0011,678,T0227,SP0023,8/2/2022
365367e0-7f23-4635-9912-970138b19e51,P007,330,T1867,SP0011,8/22/2022
88cce870-8069-44e2-b9b2-09025987d024,P002,189,T0300,SP0018,6/9/2022
76364148-b4e2-4a05-81fd-48d13dea608d,P0011,292,T2768,SP008,6/5/2022
d6af7fa2-2ad8-47b2-a43c-7eeab14dc998,P003,405,T0677,SP0026,8/25/2022
44eeeb16-1e19-4a94-9b32-644812f4cf4e,P003,968,T0205,SP0022,7/13/2022
f234eec0-ef77-4f09-b6fc-4f7e1c6eea5c,P002,590,T2163,SP0018,8/28/2022
b3c1d4d0-06fc-41e9-a4b5-d6ac0d3624dc,P002,480,T1054,SP0010,6/14/2022
31f09eaa-0365-4bae-8743-c9bffdfb4b1c,P002,731,T2397,SP0019,7/17/2022
4e997800-bb14-46b0-a7dc-57ac76fe54ce,P004,688,T1304,SP0040,8/1/2022
b3c0d11e-8d7e-419e-bd00-29cbcf9264ae,P008,701,T2386,SP0025,7/8/2022
f327e65d-2458-4d68-94ee-5304d944040a,P0011,628,T2499,SP0038,6/23/2022
20089321-929f-4bbc-891d-a80ae131a898,P002,643,T0291,SP0028,6/10/2022
2c4ee952-d714-4cf4-b246-a2e71b79ed18,P009,570,T1846,SP0017,8/26/2022
5debde85-226c-4210-8645-7c6c4d27ee54,P005,575,T0883,SP002,7/30/2022
a3679795-8042-469f-8610-a122f4d42e31,P007,221,T1293,SP0038,8/19/2022
9285b7be-431b-4830-8651-08e4b4ce9b44,P008,821,T3267,SP0033,7/19/2022
ac65acc7-3533-4ea8-81ef-00673b518613,P009,469,T2195,SP0022,6/15/2022
0a3e1073-8a90-4ac9-b171-9155704075ed,P002,921,T2115,SP003,7/22/2022
592de657-a695-4da7-bbde-a9dee0f14a51,P005,993,T2096,SP0015,7/5/2022
aefc8a40-f332-4fd3-be87-c624aa77d8f6,P0010,144,T0321,SP009,8/28/2022
ed97ba17-d326-4978-b914-0f9c803b2cfe,P0011,196,T2766,SP0027,6/2/2022
5d454f13-66ff-4b73-a00e-2104985d4081,P0011,381,T2347,SP0017,6/13/2022
3cc7a8dc-9475-458f-b1f0-349c8103481b,P003,457,T1306,SP0022,7/15/2022
ebb1a95c-0acb-4e7a-b1c3-66dee1672964,P002,744,T0324,SP004,8/28/2022
da1a1e6c-e218-4dcc-a602-5d36f61db051,P003,185,T1306,SP0010,6/17/2022
8abc46e4-d599-466f-8e78-4c1ecc0d880b,P0011,971,T2386,SP007,7/5/2022
59a334b7-d9d2-446a-982c-219d80b6436a,P006,933,T3265,SP005,6/27/2022
afabb847-744c-4b0b-8f5f-2fa445ede0ac,P006,398,T0314,SP0024,8/11/2022
86b0384c-cde5-4186-8358-93c050e9916e,P009,273,T1411,SP009,8/18/2022
bfcc4a65-2e48-47a6-9257-6e67ea87e477,P003,559,T0188,SP0019,7/16/2022
40dd723f-32c9-45cc-afa9-c60c86daa3a4,P0010,853,T0761,SP0017,7/9/2022
4173f0ea-5ff9-46bd-805d-e2a95e394ab6,P004,387,T2386,SP0010,7/27/2022
3e0e10a8-7d01-4e13-898c-069960616783,P008,293,T0883,SP0039,6/25/2022
441bdabe-b630-4feb-ac04-ff09e347055c,P006,719,T2115,SP0025,6/1/2022
b554bf17-0174-4068-ac3e-43ae78ea871d,P008,923,T0940,SP0021,6/4/2022
423e1045-c8f1-4f03-8804-52aa56a3018f,P0011,277,T2307,SP0034,8/22/2022
24d131bd-8b41-482b-8f72-d8a51682f49c,P004,317,T0257,SP0032,8/9/2022
3bf103db-6b49-480c-b23e-3f7ec6ca8981,P0011,139,T0676,SP008,6/20/2022
7bb9b91b-bb3e-4418-8279-d9db2defbb81,P005,370,T0199,SP0017,6/25/2022
49fffc4b-6ff6-455a-a33b-ef16f51ca66a,P009,316,T3265,SP0024,8/1/2022
21453250-d6b9-4019-8ef1-fbd3ce8a6883,P004,315,T2328,SP008,8/4/2022
783efdab-f53c-491e-ac49-78f558255666,P006,969,T1805,SP0015,6/20/2022
3515bf25-e4ea-4b31-a67c-18ff54c97fe1,P007,960,T2584,SP0013,7/4/2022
6ca235e8-9366-4c2e-bbbc-40e315b94afb,P005,453,T0626,SP0030,8/17/2022
6839531c-6f8d-457c-9abc-f92eb7d66f3d,P006,142,T1472,SP008,8/27/2022
6959f4e1-74e8-41de-8efa-61e7b9bedd27,P008,919,T0226,SP0025,6/19/2022
c22069fa-3beb-43f4-b71e-764ae170c801,P004,290,T2270,SP003,8/5/2022
e1b3d03a-e531-47fc-b0bb-c3efc7a02dfa,P0010,415,T3205,SP0024,6/8/2022
097cf93b-6090-46b8-935a-6696867c08af,P0011,882,T2771,SP0011,6/17/2022
b74bbc34-bb5e-40fe-8988-30dcf667fa1d,P002,534,T2744,SP0026,8/15/2022
e729c8ce-5b3e-4793-8523-9791f0e388cf,P006,125,T2775,SP0027,6/12/2022
401ed7ba-fd6d-431b-a2e5-40a8e264de24,P008,697,T2147,SP0022,6/15/2022
c1a6df06-ad53-4aaf-81d8-24947ea39ad1,P009,393,T1362,SP0010,7/30/2022
28e601e6-4f23-4444-b63b-799482e554cd,P006,895,T2179,SP0019,6/16/2022
b98352a2-f0c9-43e6-94dd-7ea0a45a4d4c,P004,678,T0331,SP0039,6/19/2022
c0249d66-3212-4d6b-8207-0c09a3f80710,P007,687,T1054,SP0022,6/17/2022
91a8c1d3-09a6-401b-b5e6-2cedf6a989ea,P008,721,T2238,SP002,6/18/2022
68d876bc-1440-42c7-8155-8b699789b9cd,P006,441,T1100,SP0040,8/19/2022
7eaaf4e6-3117-4ebb-8b1b-1eddf62da0dd,P0010,846,T2260,SP0032,7/20/2022
f899ea13-1268-457b-8af9-ca63aa904d0e,P009,173,T0828,SP0020,6/1/2022
e21afe95-0cad-419c-a950-500dc779398a,P0010,310,T0273,SP0029,7/29/2022
70a38b16-2ddf-4315-9af5-fca13a8b7977,P009,445,T2627,SP0015,6/5/2022
e8c71f5a-3549-40df-98a2-ce3d73f35e2d,P0010,392,T2420,SP0028,6/24/2022
a12ec8b3-1803-4c80-8830-fb5592e0e076,P006,863,T1407,SP008,8/26/2022
a22e0fb9-af3b-4ae7-8d09-86a7a767a011,P0011,224,T2772,SP0039,8/11/2022
4fd0b309-42d0-4721-900c-7cf5affa433c,P005,297,T0641,SP0039,8/16/2022
8a0adacf-2858-4026-afa9-a4b1e5eab487,P006,535,T0938,SP0011,6/30/2022
cf7c89cb-9af0-4a5f-8d34-1f8ad550ce8f,P0010,470,T0614,SP0024,7/4/2022
e8b81a67-06ce-4867-81c2-faec1a24a5c9,P002,815,T0300,SP0020,6/22/2022
168072cd-5310-4fa0-8a6d-bd17d2ed8ae4,P008,178,T2627,SP009,8/6/2022
dbf8a945-e0d6-4042-9856-c3109ac702d4,P008,296,T2030,SP0028,8/2/2022
53142f1a-0a76-4523-b9da-238fcddfebd5,P007,727,T0736,SP0014,8/25/2022
66761f71-a1a5-4c02-a0f4-6edce4db8383,P0011,572,T1027,SP008,6/13/2022
df6ee2d6-a251-490c-b98c-6ba8b9f2a736,P0011,717,T2115,SP0023,8/14/2022
78606508-d5dc-4482-8216-c0bae997ccd2,P004,458,T0323,SP005,7/14/2022
5ea1caf5-aa46-4bce-9e57-eb3ac5fbd21a,P003,600,T0189,SP0012,7/21/2022
548b5f93-a68a-4665-aae3-586654134ef3,P0010,370,T2386,SP0019,6/11/2022
7f5021f9-f0c9-4f83-94f5-51d8632eeffd,P006,978,T1958,SP0033,8/29/2022
b6690007-099e-44e8-8ea1-e4d320bf5796,P003,993,T1329,SP0031,6/24/2022
eedca676-b987-4fdd-a8d1-fbf6fea6abee,P006,110,T0291,SP0026,7/23/2022
3562df86-4326-43e9-8e01-d2abab232fb1,P007,312,T2604,SP0017,8/22/2022
c9bf1c97-af13-40dc-976e-a7d92a32c064,P0010,654,T1411,SP0016,6/27/2022
ce344ecf-d733-4727-8251-c19382a7258d,P003,119,T0314,SP0010,8/18/2022
3c620570-3767-41ba-b5cb-a17c286f1b7c,P008,376,T2347,SP0033,7/18/2022
81c50a4b-155c-429a-8fd9-288c217d08de,P003,956,T2306,SP0031,6/3/2022
67328483-d5b5-42e7-98b8-1dcb54f84857,P0010,837,T0289,SP0018,8/12/2022
4f411f3c-5a96-41ae-9138-6c6ac51c8d3b,P0011,891,T0332,SP0026,7/13/2022
b4d434b9-0781-4f07-a755-a472eae76bc7,P003,591,T0189,SP0027,7/11/2022
32caefa4-3802-490e-ab98-d18d5ad9d82c,P005,229,T3233,SP008,6/22/2022
9b597ccd-ca9e-4390-9557-ddd668a600a6,P002,506,T1332,SP007,8/14/2022
fd79fe58-ccc5-48f4-86d0-0a55a97e76ca,P0010,956,T0322,SP0013,6/28/2022
c300124c-4f56-440a-af27-20ab94019bb6,P002,590,T0257,SP0039,8/2/2022
46d481df-f817-466f-82fd-592345b30816,P002,677,T2615,SP0021,8/21/2022
6a3ec66f-451c-473c-addc-888860a87f24,P0011,762,T2185,SP0027,8/15/2022
b19316bf-10f4-4ddf-acaa-479be6e2cb6e,P003,630,T2329,SP007,8/21/2022
5f69e2e4-abc1-41ca-bc8b-ed806fbc3e5a,P007,853,T1208,SP0010,6/15/2022
bcff393e-d5af-4cac-8108-c6cc39d42696,P003,422,T2163,SP0030,7/25/2022
7fb24756-ba9a-4a44-9038-49b0a1e2e430,P0011,719,T0737,SP0027,7/21/2022
cfcdcd12-0e2a-4848-ba53-942ada5857b0,P005,979,T0205,SP0026,8/24/2022
17db4acf-c11d-4a01-b32e-9be54a0a0471,P008,111,T0222,SP0029,8/2/2022
63e57144-510d-417b-be44-b6d960caae72,P004,824,T1304,SP0035,8/12/2022
097e60f4-c3ee-4d08-b9a5-0f1ffc7d2f1d,P004,219,T1423,SP0037,7/25/2022
22686311-12e7-453a-897d-2262f738e4b2,P009,260,T0303,SP0013,8/5/2022
abbd7ac2-1517-4ad7-9c59-99b23c5c7f23,P002,932,T2767,SP0033,7/13/2022
3d2e37ba-c173-491b-946b-b6e73c4e22ac,P009,666,T2088,SP009,8/9/2022
89d87f9f-d8d7-4eeb-9ba2-7f50bf4c8a36,P008,661,T1121,SP0012,7/8/2022
f4dbc4be-4db5-45d9-8f18-73aa99386646,P004,602,T0940,SP007,8/13/2022
eadc9901-ace7-486d-946b-5aeee105b217,P006,845,T2615,SP0021,8/4/2022
02baf06a-4795-4836-9cfb-9da476201528,P008,793,T0296,SP005,6/17/2022
541a05f0-2545-4ecf-8eea-3a0e9fbafa27,P002,929,T1143,SP0035,7/2/2022
a62c0eae-5dc8-4ff7-88c4-4ffd5d23a05c,P0010,264,T1238,SP0015,6/23/2022
d4ce286e-dc3b-4d0d-b86b-c4d0a8198f2f,P009,357,T0192,SP0022,8/23/2022
c76fb22e-7bf2-496f-96c7-f01dd50b8d4f,P002,315,T3240,SP0028,6/2/2022
a6675bba-056b-4cf0-8e68-b387b8412f50,P0011,857,T1383,SP0039,7/22/2022
9a51d162-7995-4fe5-8d27-504427f673a3,P005,591,T3233,SP0017,8/4/2022
fc0955da-d21f-467a-abe5-371f87320273,P004,988,T1428,SP0032,6/6/2022
8593cdff-48f4-42a9-b64b-20ae8df8ee76,P002,121,T1472,SP0016,7/21/2022
142f22ae-346a-419a-927b-85e2a57580ef,P008,688,T0318,SP0038,6/5/2022
f922b69b-815c-4d41-8781-a3e5c4135cb5,P009,705,T2871,SP0033,8/6/2022
30490ed5-d33a-49e5-b1e1-4c6bdfe383eb,P007,725,T2319,SP0034,7/13/2022
c4c0ac44-67ca-4202-92c1-7083d7a636fc,P002,324,T0303,SP0026,8/29/2022
b0ee9fc4-3f98-44af-9eaf-935c0408bdbb,P006,193,T0228,SP0032,8/2/2022
de06c493-8b41-4517-928b-ddff2720e5ed,P0010,273,T0212,SP009,8/13/2022
ca8f3869-8fc0-413e-96b0-3ebabb7bce7c,P0010,468,T0321,SP0017,8/13/2022
20badc6e-572d-49c9-b7f4-27671bfced5f,P006,779,T1293,SP0010,6/18/2022
9892e44f-8a55-4a72-9636-acf16f5c78e9,P008,333,T2252,SP0013,8/19/2022
3433301f-7144-4f38-b013-207a68198ea6,P008,399,T2774,SP0019,8/7/2022
4cb5ed6b-40b9-4235-afd6-6372832a22c6,P008,942,T0314,SP0019,6/18/2022
3d72d98a-d2b8-49be-90ef-b2632b6ff70d,P007,749,T2584,SP0035,8/26/2022
e5cfe845-9231-4ec2-88ce-f4a099a57147,P005,818,T0300,SP006,8/19/2022
83de5a33-28a6-4eaa-b479-102ada3d9046,P008,774,T2759,SP0034,7/20/2022
73132049-866d-4182-b1a6-e8a1bbb389ef,P004,142,T0940,SP0014,6/2/2022
c80a3a87-c0f6-4336-a38b-1f5c9bf37e5c,P006,239,T3224,SP0029,8/17/2022
aed3458e-4f6a-40d9-be97-09ce3d02829f,P009,631,T2772,SP0028,7/26/2022
aace85f1-3200-4464-8a44-f671adc94307,P009,219,T0883,SP0010,8/20/2022
46bbab19-ef09-4b3c-9057-8abba30f531c,P002,422,T0183,SP0019,7/12/2022
d6039335-5172-434f-8dd7-d39515f254b0,P009,922,T2386,SP0035,7/20/2022
c307045b-a6dd-4916-988e-ea4f85231273,P002,971,T2463,SP0013,7/2/2022
fbb4755a-06a2-4200-8a99-9bfe2c51ed65,P0010,981,T1033,SP007,7/6/2022
38ac7734-2d7d-4816-b4c9-a200310e1cb1,P005,583,T1411,SP0014,8/24/2022
f950a8ff-5b7f-45ac-86db-2584b3a5cb27,P007,156,T1238,SP0011,6/29/2022
cfce63b1-f938-4349-bc46-f3642dfd94d8,P006,177,T1098,SP0024,8/14/2022
acc0db8c-628f-4c72-83a8-9e06dfa1e00b,P008,944,T2470,SP0017,7/26/2022
0d76c1f5-3a18-4bd4-9714-8069ea698a92,P006,233,T2584,SP0016,7/14/2022
6cd7bdb3-c203-4586-9e84-cf2bcb2ba8dc,P009,605,T1307,SP0034,8/1/2022
481717ae-6c09-4493-aff3-e434daa60cdd,P0010,757,T2744,SP006,6/24/2022
1bb260aa-54bd-4684-87ce-0d1bf4eae07c,P007,506,T0212,SP002,6/12/2022
a33eaad6-ae17-4018-a58a-c2e98f8e0f7d,P007,661,T0288,SP0019,6/6/2022
083afd07-d263-498c-a90d-d0fabc6c78ae,P004,977,T2304,SP0035,6/19/2022
7b46f509-540e-49e9-8fd6-f21adb8d4f52,P009,561,T2584,SP0012,7/4/2022
4205c652-b235-4493-a047-91a1d3a7f002,P005,368,T0324,SP0011,6/22/2022
faab35a0-a622-4940-86ec-92a90f1413cc,P006,467,T0615,SP0027,7/24/2022
718b3b5c-1133-4d4e-984b-481667e5ceb6,P002,131,T2421,SP0015,6/16/2022
77f43cf5-d952-44f9-b6b0-8b3d09d3e7aa,P002,121,T1025,SP0028,6/21/2022
09486bf0-ec83-4b61-94bc-d5c2f52224e5,P008,592,T0311,SP0018,8/25/2022
afd941ec-6749-45c8-b792-e0b89500336b,P004,636,T0184,SP0034,6/20/2022
11a1f5ec-1fae-4fa2-a207-85d8ec28a8d4,P0011,256,T0736,SP004,7/30/2022
69e67964-96ac-43e1-ba5c-6272145ca9e8,P009,443,T0318,SP0041,7/9/2022
eb1c579d-899b-4753-ba3e-34a2c1c5ad90,P0010,609,T2499,SP0027,8/28/2022
2a54e019-3656-42bd-9eb2-f7f06794c3e9,P003,531,T0358,SP0021,6/27/2022
f8b3c538-9e19-47d2-964d-f2ed58b58b85,P0011,621,T0949,SP0017,8/6/2022
2da0582f-818a-4740-9840-a9ef15e25634,P003,728,T1421,SP003,8/13/2022
18d2d44d-2f40-4397-8020-491b5da8ddd6,P007,587,T0299,SP0033,8/19/2022
9dd3e815-9b43-4ec9-882c-4c8bdf6872b9,P008,313,T1843,SP0019,6/7/2022
9c1bca07-795b-4f28-a9be-a2d94eab4f20,P007,195,T2306,SP0021,8/28/2022
db34ffc1-6056-407c-bf02-3b5e16ee633e,P003,779,T1527,SP0010,6/27/2022
7c36cebf-fd4d-4e0f-babd-1a3235d2af08,P004,676,T1862,SP0025,7/20/2022
5b989571-62a9-480b-a829-7db056c64c30,P006,836,T1421,SP0037,7/18/2022
7a8b2f29-9243-4975-9d3a-ff1b209126dd,P004,423,T0249,SP0028,8/14/2022
a51b6584-0dbf-4573-b784-392e232e57d9,P007,409,T0259,SP0014,7/20/2022
66094135-95cc-4e59-8b40-36d360e8b603,P002,832,T1409,SP0014,6/15/2022
b14d33a4-aeda-4e56-94d3-260c4b7f20bd,P006,368,T1472,SP0018,7/28/2022
a0207dd1-49a5-437d-8136-eb50f24e4111,P009,958,T0293,SP0012,7/19/2022
aa9e292b-3500-414e-af07-7fcb6e357992,P002,807,T3201,SP006,6/5/2022
3cb936ea-8b73-4881-b316-47820bb76632,P0011,986,T2281,SP0040,8/29/2022
f9a45e10-ee3b-4564-bae7-67adaaf00ac2,P002,991,T1305,SP0015,8/17/2022
87e07a16-e734-4995-bda3-052f6a78d2d1,P002,888,T0614,SP0034,7/24/2022
aa66df54-ea02-48f3-9a44-c93bbce1feed,P005,602,T0198,SP0032,6/25/2022
04d6ee1a-3ec8-44be-b725-df6799cff2c0,P009,648,T1309,SP0029,6/12/2022
c3d0759c-328e-4c89-b468-a2c52adea59e,P009,375,T1927,SP002,7/1/2022
0a45a3d4-919e-4d41-8cf7-71ec85451e7e,P009,847,T2019,SP0034,8/4/2022
e37d25e3-094b-44dc-94cc-ee0a84fbcac6,P0011,796,T2766,SP0040,8/11/2022
0eb379bc-0471-4050-903b-1a7ab293ac93,P009,806,T0615,SP003,6/24/2022
26dcbd38-2505-4c47-8982-a85aada626aa,P008,299,T0737,SP005,6/23/2022
5fbd9c78-dfc4-4732-86a9-c42559cb2b7b,P002,516,T0291,SP0040,8/27/2022
be8f4ae1-7b65-41d1-bd6f-fa61b45e374b,P004,419,T2771,SP0015,6/29/2022
7590a64f-c6d6-434d-b857-9d9f12afb9c3,P005,110,T2051,SP0012,8/17/2022
c908d135-ec06-4db7-ba59-d3f0f91b64e8,P006,403,T2096,SP0040,7/23/2022
a409d29b-4534-4aa6-bc9c-5472cc4c9d8d,P008,867,T3267,SP0010,6/19/2022
ba6596cd-aa42-400e-9ac8-6e6c5e588303,P0010,579,T2829,SP0025,8/29/2022
e224a4ea-98fd-4057-9ec7-77742bab7d99,P009,505,T1502,SP0015,7/20/2022
af8054e5-3d68-4090-a980-4f9a29d7345e,P008,163,T0626,SP0037,6/9/2022
7785bf8e-00eb-47b2-b1f4-9374a3f389df,P006,407,T0827,SP0011,7/31/2022
6d40eca7-94d3-4399-ac52-66108ac12265,P004,624,T1098,SP0040,7/10/2022
169647b4-857b-4355-b640-219206d8eed2,P008,890,T2165,SP0017,6/5/2022
0c6ef9bc-f429-42f3-991a-413d9d406ddd,P0010,480,T1834,SP0014,8/20/2022
c19491d0-c5d9-4c08-9fd4-20a10a45a749,P008,997,T0257,SP006,6/20/2022
5540b9c8-0f38-4e48-9aa6-3a193e7a26f7,P002,404,T0359,SP004,6/17/2022
2e5ae0bd-2a58-4793-9dcb-c6ffb8a6f904,P006,467,T1472,SP0022,6/12/2022
8496ad2c-182f-4869-949f-5e2fb3142e14,P005,703,T0201,SP0017,6/16/2022
2ac5e4cc-3344-4c0f-a9df-9157191d9f5e,P008,474,T1238,SP0015,7/1/2022
b96289f3-30fa-42c5-aff0-53ad5ee71a48,P002,147,T2795,SP0014,7/1/2022
e6010b41-5c92-46c7-8a60-1cdd5e23454b,P0011,559,T2329,SP002,8/22/2022
a39b2dbc-fd4b-4660-90de-3c14679517f2,P0010,432,T0312,SP0035,7/30/2022
e9aa2eb2-2b41-4048-9bc2-40ce13dd7e14,P005,821,T2018,SP0022,6/6/2022
508b021e-b614-456d-8fad-ab1d319d336e,P002,151,T0660,SP0017,6/7/2022
c9868fe0-260e-406e-809d-1bcc5433fed7,P0011,978,T3262,SP0016,7/6/2022
02b9ec62-7e8e-4986-840e-b0b8ba3380f5,P005,391,T0311,SP0012,8/14/2022
ad136a19-8bf9-4e96-8b7a-5101cac14c08,P008,452,T2424,SP0017,6/14/2022
56b63734-4b44-46ba-b6c7-7ade4e784a6a,P009,452,T3264,SP0037,6/30/2022
2722a889-1f02-4ce7-a4d2-b51ff6263aca,P002,516,T0222,SP007,6/5/2022
c61ca343-08e0-4241-83d6-cccc4471956c,P0011,969,T3224,SP0041,6/23/2022
88f2a1e9-3850-4bd3-8875-73fb16cd63f7,P006,704,T0205,SP0024,6/19/2022
4e50a0a6-d50c-49c9-b96c-46982bf43317,P005,135,T0332,SP0019,6/30/2022
e5c9375d-23e8-49b5-bc2c-fa35d817e3d7,P006,328,T0736,SP003,6/20/2022
508a3d79-e3d4-4724-8eeb-f0bcd2b43f08,P009,106,T0321,SP0040,6/21/2022
4ec89131-2557-4948-bb47-eb16b957bb33,P007,445,T0249,SP0022,7/11/2022
84dd651d-2f39-4102-8d39-c159735d5c8e,P005,101,T2810,SP0030,6/11/2022
60f721ae-a74b-4b75-b1b7-e8a2c0b2e7f6,P0010,499,T1843,SP0034,6/6/2022
a54438d3-8225-412f-bfa6-1abcf0ea9982,P003,147,T0228,SP0011,6/18/2022
d01fb477-01ec-4858-b291-018d1c187426,P0011,551,T0304,SP0040,8/25/2022
1249ad2d-a0e3-45bd-bfb6-7cf33251d0f3,P003,641,T1485,SP0018,8/19/2022
f408b75c-4ad8-40b5-a3de-7ff5bc1b878d,P003,601,T2524,SP0040,6/13/2022
549b6f43-c6c0-4ad3-8edc-fb055269f953,P006,650,T1304,SP0038,8/1/2022
0d77e26f-a8ae-4f3b-bcef-99174aea265c,P008,131,T1428,SP0011,8/21/2022
934bf738-87c9-4598-874a-85fcbef7b20d,P003,607,T2772,SP003,7/13/2022
6df8f65e-1299-4e7c-90a7-c49ace7a0473,P0011,240,T0222,SP0041,6/3/2022
78da80e0-8008-43ac-a24b-bd882f5cd972,P003,465,T2627,SP0018,7/31/2022
171cba74-04a4-4d9b-bac2-fae97915d15e,P008,144,T0949,SP002,8/13/2022
43bacc60-51fd-484e-856a-6ba501b4bd8b,P0010,845,T0228,SP0040,6/25/2022
0f0476b7-0a03-4af0-b88f-28f746c8f4e2,P006,672,T3233,SP0013,7/4/2022
c5aee26e-5d3e-496c-ba3f-79b4f93af571,P003,492,T0913,SP006,7/27/2022
c1b3c60a-1748-41e6-8c40-f96b17897207,P004,352,T0761,SP0032,6/14/2022
aacdb158-1112-4a83-b2ed-f1068bf8ba79,P0011,421,T2147,SP0036,8/9/2022
dbe4cb41-26d3-4942-9c09-ad5691569a90,P002,401,T0230,SP0022,8/16/2022
71d275bc-7293-41c2-a71d-cf881d1132ef,P003,659,T2829,SP006,8/9/2022
4fbdd177-f2b5-4aae-b3e4-d3c522a18ad4,P005,548,T0303,SP008,6/4/2022
15e52a98-ba3e-45d2-86b8-d066efc6b3a2,P0010,319,T3203,SP0013,7/10/2022
e0caa412-7575-45b8-98ed-7eed1ba3f2b8,P009,466,T3264,SP0013,8/14/2022
38f75b8b-7201-4ac8-ba89-6ae6d8fd3325,P005,404,T2830,SP006,7/5/2022
1393ef81-f09a-4adf-877e-7d7da4b1d734,P004,601,T0188,SP0023,8/4/2022
de312062-c46e-4aea-bc7a-366855378708,P0011,849,T0193,SP0023,7/3/2022
de02d952-a1a7-49a7-85c6-62feaff24747,P007,222,T2026,SP0030,8/17/2022
d1866c97-d4ab-4fa8-9eeb-a12257a337bd,P0010,519,T1906,SP005,8/4/2022
0eab0309-a162-4339-b3e7-f5b91607c96d,P0011,939,T1936,SP0034,6/14/2022
3a9d0dc3-a82e-4bb2-b79b-50cf38a09f91,P007,284,T2281,SP0041,7/23/2022
04ebe8a6-40b2-4155-b258-f390cc4a118d,P005,621,T1819,SP006,8/17/2022
da4eeff1-5706-444c-95a3-7a0b88e81898,P004,830,T1121,SP0041,7/21/2022
04655987-09ac-4b40-9708-4c9b24381f75,P004,700,T0358,SP0010,8/2/2022
162e279b-3331-445a-a9c7-eef13e94c495,P006,800,T2309,SP0010,6/29/2022
76a6c97b-600e-424d-91bf-212accc82b4e,P005,708,T2143,SP0020,7/22/2022
480aef2e-0185-40c7-8eb1-051f185478aa,P006,242,T2795,SP0025,6/16/2022
3d18d7db-dc75-43fc-adf0-4f8355ed30c1,P002,605,T1143,SP0038,7/6/2022
6eb59b12-d6e4-42ad-be15-bf654565d790,P0010,973,T0259,SP0037,8/11/2022
cceaa82c-c9bf-4e33-8802-2eea97a208c8,P004,643,T0323,SP005,6/3/2022
c1512db7-8b55-48bf-bffe-8041b112d905,P006,104,T1867,SP007,7/21/2022
ad96afe5-e2da-4b13-aa9d-aa0b8d645dd0,P004,924,T1422,SP006,8/29/2022
6441f3ce-3411-4dd4-8bb0-ee83691f187a,P006,719,T0188,SP0012,8/12/2022
11fe0ca9-6ab8-4fa2-bc6d-22f2f048d1b9,P003,724,T2584,SP0021,8/13/2022
63b32d0b-29d0-4426-a143-55681d3f963d,P003,237,T1410,SP0013,6/15/2022
f252d1c7-57b2-4e9b-8edd-dd4852932271,P005,732,T3262,SP007,6/14/2022
0bd412e4-2405-4edd-9d4d-1fb45dfec22e,P004,162,T2420,SP0021,6/4/2022
0ccfd89e-97ed-4150-a2c1-3876e0160d56,P009,521,T1548,SP0028,7/1/2022
f3cdb155-de69-44bc-8924-3747c7222de9,P003,752,T1408,SP008,7/10/2022
68679dda-6c91-4701-bb77-f3091b749ee8,P004,149,T0193,SP0029,7/31/2022
2f1b852d-9e81-403c-9d0a-85afacaca024,P002,346,T0275,SP0018,8/29/2022
a5e3fc31-1168-4ed0-a85a-1935cd2076af,P009,122,T2771,SP0029,7/6/2022
e65d0709-d09d-4d15-aee7-edb4044a5d1d,P008,266,T2744,SP0011,8/12/2022
827c2f8a-cb6c-4507-ba90-6826e471cc87,P007,983,T1329,SP0015,6/10/2022
a81ca63f-3dea-444b-9c0f-b191e2746f5c,P007,249,T0323,SP0018,8/30/2022
b6a26902-5826-4e0b-8e5f-2c887b2a5f9a,P007,851,T1418,SP0024,6/24/2022
360cb48d-ca7f-42ef-a2a4-edf2ef6ade5f,P0010,266,T1527,SP0024,7/27/2022
63ea19f0-f364-46a9-880b-9537f11f3e4f,P003,656,T2319,SP009,8/28/2022
d09616c4-5a56-4efd-80ce-303f943715cc,P0010,229,T0322,SP0016,6/28/2022
84de8946-29cd-44c8-a716-636923b5398b,P0011,197,T0328,SP0015,7/11/2022
a09f0f0e-a6e1-40db-95ab-be9f59a62636,P009,982,T0318,SP0017,6/23/2022
69fb26f6-3ac7-4d75-a66d-67c986691e99,P006,518,T1819,SP0028,7/5/2022
8aec2743-1e1e-497b-9d1d-6cb184930eaf,P007,300,T0307,SP0030,7/14/2022
209e502c-9a45-4a82-a2e8-30f5f3445b6b,P003,648,T1851,SP0031,6/27/2022
a5685561-e608-4c9f-891f-f9deaa356661,P006,228,T0307,SP0029,8/28/2022
c5ecf340-baea-4282-bf79-b199dcf26239,P004,724,T1851,SP002,7/22/2022
45698597-7d60-4950-9a40-4fc92a38752a,P0011,151,T1472,SP0017,6/27/2022
f35fe05b-8a6d-4cc5-9f2a-1fcf694110d5,P005,188,T2776,SP002,7/22/2022
7eb4e210-0af0-4dc9-a026-f1552a7ccff4,P008,774,T0313,SP0017,8/4/2022
421661af-621a-4276-acb8-5713cf1b621d,P007,177,T0289,SP0021,8/8/2022
fcc86061-38a9-40b8-abd7-5f6879d8d182,P002,911,T2082,SP0027,7/19/2022
91030b1d-c0da-4c2f-87da-e627b6ca0390,P005,162,T0940,SP0028,6/25/2022
6947bb71-6b03-4f19-a64e-3f859a14cc26,P006,451,T2359,SP0029,7/9/2022
ac069faa-da8d-45c1-9edd-b51acca7c467,P0011,578,T2329,SP003,7/30/2022
f24d6779-2cdb-468e-aa3c-131167378494,P008,773,T0200,SP003,6/9/2022
de87a546-b2c0-4b9d-af0d-29501c0453dc,P008,976,T0626,SP0034,8/17/2022
a5aacb48-b6d2-48c2-a84b-6b87c81f4ffb,P008,534,T0302,SP0019,6/24/2022
63cf7d3e-b82c-4a71-84e8-618729387c90,P002,866,T2469,SP0038,7/14/2022
c847ddc3-ba9f-4d7a-8d39-91d4974862c6,P0010,365,T1423,SP0010,6/24/2022
8d2df940-599f-455d-bad2-07e4af6849a5,P0011,954,T2768,SP0013,7/5/2022
5d42fb84-f6c2-46f1-a170-5d04eab31e5b,P003,277,T1805,SP0014,7/11/2022
36772ad6-f9ba-4e22-8534-e4ae4094bc75,P002,230,T0286,SP0015,6/30/2022
a4810fa5-702d-427a-9ea6-1f725657e7eb,P009,995,T1026,SP0021,6/14/2022
c22a6c20-62cb-47cc-b5b4-d369d2ab9665,P003,155,T2260,SP0035,7/14/2022
d8c8e03e-f567-4301-b176-c36b5a1326ca,P007,129,T1547,SP0029,8/23/2022
83fac216-3001-488d-8cd1-e0d0261e92dc,P006,882,T2309,SP0040,8/28/2022
9f07d0f1-cd48-443e-8c95-c054ef135314,P0011,585,T3267,SP007,7/2/2022
fb9718fd-8d13-4145-b682-554537d5ea75,P006,931,T2281,SP0011,7/10/2022
94e254e4-8e1a-4260-8494-2034aebdb1df,P007,400,T1424,SP0016,7/1/2022
7f906e8c-7f1c-44ab-9492-f6179f9bf74c,P004,159,T2304,SP0030,6/30/2022
46c09d70-3157-402b-9aa8-78bfcdb0634f,P007,668,T0312,SP0040,8/5/2022
65819868-035e-4952-af80-6952d7366646,P005,782,T0311,SP0029,8/10/2022
62c3d71f-666d-44dc-ba0a-012e8994c0aa,P006,269,T0222,SP0010,7/23/2022
4adeb209-5032-436b-a038-b6a671c953ce,P005,824,T1283,SP002,6/30/2022
ce9d3070-5817-486c-82cf-0e90d0dfdd10,P003,766,T3217,SP0040,6/3/2022
ec061a9b-7608-4bfc-86b2-1e1c5feebf10,P004,445,T2147,SP009,7/5/2022
aec687f8-a986-423c-9fbc-4505d9137994,P003,253,T0941,SP0032,7/21/2022
6af2ef23-d89a-49ff-a2bd-49d8ff107e79,P0010,403,T2465,SP0017,8/25/2022
ad4131cc-a380-44c5-b816-1ddb95179f70,P006,552,T2802,SP0028,7/4/2022
2f2c2ffe-5a7b-482e-8102-362bb0b6b422,P008,899,T2524,SP0018,7/23/2022
0b4a75e1-fc0b-4add-bca7-462e9e745af8,P0010,131,T0227,SP0025,7/26/2022
5b37d3d7-0b69-42d9-b93e-00068459d584,P0010,515,T0226,SP0041,8/19/2022
642e5400-e5e8-4264-b5f4-e1ebf653e250,P005,499,T0291,SP0024,8/28/2022
a8236bc6-40fb-4f3c-a6d4-e2802dc7f4a1,P004,772,T1293,SP0010,7/19/2022
c0d23c92-95b9-4174-b873-90a08c84d998,P008,940,T2759,SP008,6/21/2022
6d3553e0-c337-49da-a4ad-950b84bc4d7f,P0010,684,T0313,SP0019,7/31/2022
e291739c-b758-4a21-ae58-4cce8888d3e9,P006,186,T2804,SP0023,7/27/2022
7dadc87d-0ec6-4a61-bff9-1b6ad5ccf261,P0011,565,T1961,SP0022,6/1/2022
d72c3b26-b4b3-480e-accf-c076d7748585,P006,791,T1408,SP0039,8/14/2022
8bee109b-63ea-44ed-8a91-36c36e6ef40a,P008,748,T1097,SP0021,8/25/2022
ca2ddfe8-6e9e-4729-ac53-917eada3bda3,P004,787,T2270,SP009,6/17/2022
df882477-70b5-4e24-87e7-aec5178433e3,P0011,325,T0296,SP0017,7/23/2022
c0c6c3a9-eadf-42ed-87bf-19df961ecded,P009,661,T1867,SP0028,6/15/2022
930a5e34-e47e-4e87-a7ed-979dfdbd1839,P005,201,T0305,SP0025,8/19/2022
98c6a57d-1b6c-4ecd-aedc-896a5c09b700,P0010,418,T0199,SP0026,7/22/2022
9c874b0b-59a3-4c87-9850-de2994073023,P008,152,T2115,SP0040,8/18/2022
179b1e58-3402-4f79-bf10-166d03859af5,P007,897,T1283,SP002,6/27/2022
14e87f30-4ed1-4dc1-bf0a-a69109187b51,P009,554,T1100,SP0039,8/28/2022
bcd93db8-4809-4f02-aee3-858a38cd5f00,P004,968,T1027,SP0019,6/11/2022
cbb7204a-6e8c-4b28-b298-da602af60297,P007,103,T1362,SP0020,6/24/2022
a7a4f465-a438-4ae8-b326-d088c528d8e6,P003,281,T2581,SP0018,7/6/2022
90631b19-b9b7-4a91-a5cf-fc860dcf2b17,P009,145,T0193,SP0022,8/25/2022
02d1bae3-b8ff-4b13-b7ea-cf0cd44f399f,P007,283,T3218,SP0012,8/8/2022
d4d7e078-8073-4965-bfb5-b0ea6abb8f5f,P0011,592,T2420,SP004,8/24/2022
ba2a0260-2418-4ee3-8825-e6fc43cacaaa,P0010,145,T0193,SP0015,7/26/2022
d2af60fa-2630-4ef7-9c55-3d001d7f39b5,P009,541,T1305,SP0020,8/3/2022
72b9d78b-7850-49c0-a7d2-d81188751d9d,P009,860,T2795,SP0036,7/4/2022
b6988387-4ec0-4268-a255-aebeb73404bc,P005,446,T3218,SP0023,6/3/2022
c22e5409-b479-44c6-b38b-5e91df5aaf0d,P003,882,T0305,SP0021,8/13/2022
5cb299f5-87b3-465e-9db2-cb1aaa0d91e6,P004,142,T0274,SP0031,8/13/2022
0d6c93a5-63dc-45ff-afa4-425d09da6fa2,P0010,520,T0626,SP0040,8/10/2022
d5f4f365-c406-455f-b18f-d60c9997c085,P003,991,T3218,SP008,6/23/2022
0ddc8311-8b84-4ad2-ab5a-157a85d08fe0,P002,975,T2584,SP0016,7/2/2022
dd274801-318a-4ffb-9559-3f15691c86c7,P006,431,T2760,SP0014,6/14/2022
ccda6e72-c274-4ecd-a0cf-0b4d9f1dc016,P009,559,T1816,SP0034,7/9/2022
cad60e98-6afa-4b2b-b60c-a89ca700c2cd,P008,772,T0199,SP0027,8/11/2022
7e488f54-19e3-41ff-8a57-97d37e988897,P004,787,T0736,SP0014,8/25/2022
da6c5869-6530-41a7-a5ec-56cef74aa377,P004,173,T0192,SP0034,8/10/2022
f81f165e-9243-4b28-8ad0-c43f519237e4,P004,767,T0302,SP007,6/19/2022
d778a0af-f353-48d6-b816-9c3693fa8330,P006,444,T2774,SP0036,7/30/2022
bd298c9d-d99d-4574-b011-1df571ac3a24,P005,409,T2329,SP0032,8/9/2022
e61f5696-9405-44ef-901a-420c0ee18234,P005,898,T0313,SP007,6/20/2022
d8ecfa96-815a-466a-a6e0-1cbf65a8f704,P007,188,T2051,SP0033,8/3/2022
64927aae-60eb-4ccd-8641-efd1e2fc8a9d,P003,105,T2030,SP0031,8/19/2022
4f015398-3078-4447-9444-b2c4cdf0de51,P005,339,T0359,SP0023,7/19/2022
e698f63e-68b0-429b-b93b-e749bf672c88,P009,851,T0626,SP0036,7/7/2022
106867e8-f643-465f-9818-aa4fe4c5ad59,P006,102,T1238,SP008,8/15/2022
7fb4fc6f-116b-4d04-8808-b3d02b66d0bc,P002,404,T2281,SP008,7/11/2022
518a0988-16f5-472d-8c89-f0efb3fc473b,P007,581,T0685,SP0037,7/11/2022
37cc2154-cb2b-4103-9ff4-51a6f74d38a8,P004,385,T2165,SP007,6/23/2022
7e84f972-d59d-44db-b080-3bb47a78b794,P003,677,T2468,SP0010,8/27/2022
95e361b8-a244-4cb0-ad34-e2eeb51f3141,P0011,868,T1884,SP0030,7/10/2022
436700e2-da73-4b05-b554-22b96539d11f,P008,914,T1927,SP0038,7/5/2022
0adbb856-abac-4370-9f86-0cfd8a47a16d,P0011,942,T2268,SP0030,6/5/2022
6848b538-e626-40c7-8efd-67af971447c0,P004,389,T2179,SP0034,8/27/2022
9a83c2fe-6a33-4f59-a4be-b137de35ed4e,P0010,492,T2772,SP0028,8/14/2022
cc7414a0-704f-4063-a935-f86ccabff290,P008,757,T0258,SP0041,8/2/2022
590825b6-c48b-4707-9a3e-1281135a799c,P008,363,T0883,SP0027,8/14/2022
37fa478c-a0f7-481b-84de-f6b85f9a9c49,P009,487,T0641,SP0011,8/23/2022
05c73d6b-d5ff-4aca-8daa-da442f1d5af4,P006,480,T0330,SP004,7/28/2022
8dddf245-81bc-48c9-b621-98be0b6efb0b,P008,760,T2328,SP002,6/28/2022
299b4d14-2ea1-46d4-81c3-455f577e6660,P002,1000,T1427,SP0020,6/13/2022
339ec973-8093-4e22-89a3-fc4e1582961b,P009,343,T2421,SP0018,7/10/2022
8a7f84c3-4f92-4c4d-a0dc-2a69f270e1ae,P007,624,T0314,SP0026,7/11/2022
d87bdc9a-12f4-4260-bf37-f151beda08f8,P002,123,T1424,SP0029,6/8/2022
85c4dab3-edaa-4321-b13c-5fa2eebb3ee8,P007,499,T0324,SP0025,7/4/2022
2f49b752-28b5-485a-ada4-c73c06c764b1,P009,714,T0738,SP003,7/28/2022
7572d379-9587-4d1a-ad1e-b3273b585483,P006,688,T3265,SP0017,8/2/2022
4a098113-475a-481b-b813-7d01a7449a37,P0011,973,T0317,SP0034,8/25/2022
259615e9-a41f-45ae-9059-3d2ea7ce355d,P009,828,T1815,SP003,8/20/2022
2e53b3b8-4363-453f-a568-981d8a4b497b,P004,846,T1029,SP0019,7/25/2022
7b98babb-137d-49fa-ae86-24e19d224c72,P005,766,T0317,SP0024,7/31/2022
c0df3e7a-c75d-49dc-ac52-29d8a3ed1821,P003,856,T2238,SP0021,8/27/2022
2c5110f2-0dc3-4bab-b191-49ec601aa00d,P003,268,T1306,SP0018,6/20/2022
9b572054-8f5e-4d77-9d0d-cffaef43bebb,P004,464,T2151,SP0037,7/16/2022
8a228a67-d069-4621-a6bd-59b3f60e9fdf,P006,157,T0331,SP0033,8/3/2022
826c4a7d-cc52-44ca-b7c6-f8d7eb466413,P0011,130,T1054,SP0035,8/22/2022
b79b5c98-cf51-43d4-9d48-705fffa4b2fd,P003,191,T3262,SP0041,6/6/2022
1bf67a97-6e40-4b6a-ac93-147b78d3cc09,P005,916,T2030,SP0040,7/14/2022
4fcf6ea8-04fc-406b-b73d-7f163284027e,P003,916,T2424,SP0027,6/20/2022
7949834e-7c41-4762-a62e-2018523bab14,P005,135,T2424,SP002,7/4/2022
b7a94136-87bb-4c31-8568-b793dcb31d68,P006,529,T1121,SP0030,8/9/2022
cdfa7024-97e3-4fd7-ba76-b2f78f5a7f87,P0011,517,T0358,SP0025,8/6/2022
60e869a3-7a44-4269-8ad4-5de6281a36af,P006,710,T2492,SP0021,6/28/2022
9da3d14e-306d-4026-a357-a0bd214d01ab,P004,830,T1805,SP0028,8/23/2022
fca712c0-9cd5-4419-87dc-523a36244793,P009,228,T1283,SP008,8/21/2022
ca22e969-bedc-4dac-a7a8-8d840099c345,P002,885,T3267,SP0031,6/29/2022
6e3ebfac-8a7a-4bb9-8000-309127103a8a,P006,377,T2147,SP0029,6/7/2022
745665dd-5de8-40dd-8e6f-1b6f7bc7a7f9,P003,996,T1143,SP003,8/16/2022
f9d73530-e790-4b60-8e04-1b3dc61c11b7,P004,920,T1408,SP0015,8/19/2022
3152b77d-4d18-45c5-b7bf-4472123e19fc,P006,166,T1097,SP0036,8/25/2022
a19c0f2f-5021-4c36-8d41-ccafedcee8f6,P0010,234,T0314,SP0033,8/28/2022
c648edfd-5e3e-4eff-8428-838d343e3e89,P009,987,T0939,SP005,7/17/2022
dab71a98-1442-4bfb-b0f7-86971430e882,P002,700,T2185,SP0024,6/13/2022
abb2f988-a53f-4987-8231-53f2f2a824ce,P009,527,T2179,SP0036,8/18/2022
5075be93-b5fc-4e5b-a844-fd7cdec96677,P007,565,T0199,SP0010,8/27/2022
1d4abc21-094d-4a61-9bdb-877817d805e4,P005,291,T3205,SP0034,6/11/2022
fc2faaa6-1bac-42dc-a0a4-d0c8ddca1c17,P009,106,T2804,SP0035,8/9/2022
191e4ab9-4868-4e72-a851-5d3bd2073f1b,P003,697,T0201,SP0012,6/3/2022
81bff48a-29be-4cb4-8522-cfc58398bedb,P003,955,T2165,SP007,8/16/2022
9bdef752-381f-44ef-b7eb-80f30444bb2a,P009,774,T2359,SP0023,6/14/2022
5392c13a-8e48-4f90-a383-9a19e0235855,P0010,328,T3218,SP005,6/3/2022
291d8ee8-101b-4334-b52e-34adc8903108,P003,312,T1283,SP0016,6/7/2022
8265f263-6838-4a24-abb9-cb31b1994d38,P005,114,T0257,SP0027,8/20/2022
c93bbed8-2a12-4550-8f5a-2b3e9ce407e1,P0011,434,T2020,SP0027,7/17/2022
b25f325b-8f15-423f-9945-2d64ceffa5de,P007,116,T1054,SP0019,8/16/2022
ffa8ae5c-ea21-4bd8-a739-15b1fb30b591,P0010,458,T2328,SP007,6/26/2022
0c644a6c-10a1-4cb9-b0e7-9ad2af2c31ac,P008,171,T0938,SP0012,6/30/2022
112898f1-7e92-46c6-9dbc-8dcb04bacf37,P008,495,T1862,SP0037,8/12/2022
6bcd9f98-51b8-4089-b7cf-068f62cc5433,P007,494,T1328,SP0025,7/31/2022
7b8a1cff-a161-4588-9bec-6fc2283529aa,P0011,654,T1423,SP0016,6/19/2022
b4832243-4ff8-4fe9-8ca9-b7307d3c40f5,P002,301,T0301,SP0023,6/10/2022
158f6f75-009c-458c-bd2e-6cbb351a2905,P006,105,T1306,SP0035,8/27/2022
21e7b044-971b-424d-857e-45ad6cf0b2c1,P006,504,T0676,SP0025,7/29/2022
170b44b0-10ed-471f-85d3-c94619ce141f,P006,181,T3265,SP0017,7/10/2022
3eceabd1-5785-4fc3-a8fe-1e654df2a649,P008,666,T2424,SP0020,6/29/2022
25878f2e-8ce4-4581-8352-017a458b8a8c,P0011,169,T1851,SP0017,7/5/2022
8e9ad6fa-5311-4540-bab8-e25a3bb2cddf,P008,814,T1884,SP0025,7/9/2022
9a978fb6-ba8f-4f98-a8a1-05299272022d,P003,237,T0192,SP0013,6/8/2022
51176c0e-56ad-47e4-a929-b7141e6f405d,P0011,285,T1238,SP009,6/15/2022
17bf101c-3bfd-4766-a1e4-a0b2e16bd350,P006,333,T0300,SP0021,6/29/2022
00d2b76f-711b-4fcf-b7c2-49c3d6b8f296,P003,1000,T0853,SP0031,7/30/2022
011628c4-5cf4-4a1e-87d8-59d106dea0ef,P009,500,T2165,SP003,6/1/2022
719f4529-d26c-4bd3-a645-457f02b6c6e9,P003,798,T0246,SP0030,7/8/2022
7191e528-7c17-416a-bc03-96e18b7d50b0,P007,247,T1283,SP0035,8/24/2022
9040a8b5-4e99-4336-a65e-e205e40b32d1,P002,491,T1851,SP0040,8/22/2022
7496ee75-0120-40fb-9e6c-2f26e976c773,P006,698,T1426,SP007,8/21/2022
493010ee-1420-4952-a97f-ed75320521b8,P009,470,T1097,SP0010,8/21/2022
00893a01-f319-4a98-bc42-5847f8306130,P002,363,T0828,SP0024,7/10/2022
f6d1086f-e6db-456b-abf9-d28143770073,P007,169,T1328,SP0040,7/19/2022
b39740c3-a2a6-4b2f-b824-7e45f7f22167,P008,276,T2232,SP0021,7/6/2022
75598882-76d0-4ca1-a448-45dab0834f94,P008,392,T2214,SP0021,8/28/2022
506012a6-1577-4c34-8e06-01853c5fa025,P0011,842,T3264,SP0034,6/4/2022
3e102009-1b15-4973-812e-afe504a21901,P0011,740,T2328,SP0010,7/15/2022
aedcfd8b-aad0-4c45-802c-864a78bc0bc2,P0011,465,T2051,SP0016,8/18/2022
dfb40dd9-ee4f-4f1c-8d4b-525cdca73509,P007,941,T3251,SP0013,6/12/2022
ca9b748d-84c1-47ab-b13b-b8bc9dba7dde,P007,980,T3264,SP0037,7/30/2022
0f092ef0-1f1f-4494-b206-0c3a4e512fde,P005,186,T2306,SP008,7/15/2022
64947c9f-802b-4046-ad64-cfddca64c061,P002,318,T0198,SP0022,6/30/2022
2fa73914-b429-4d0e-89fb-66b5aaff4bc3,P002,689,T2829,SP0010,6/30/2022
b906f52c-5b51-4b2e-84ce-003d6d4a7758,P007,494,T1423,SP0021,7/8/2022
69a509e7-73a3-49ed-b6cb-64b2dd569f5e,P004,390,T0199,SP0038,7/6/2022
bc9a78bc-ff1a-457f-9282-c89e197ce4dc,P006,617,T1140,SP0013,7/25/2022
f263fd4b-f791-4cd4-84cd-0ee3c5ccf497,P005,306,T3240,SP0022,7/8/2022
2cf9bcd4-f537-4ef0-928a-961ae59084b2,P004,933,T1426,SP0040,7/17/2022
c4ea0c32-8b04-4bd4-8e71-bfe65b66c4e5,P009,476,T1862,SP0015,6/4/2022
cf7c2d76-c847-4d82-b5d5-9ba6e01cf290,P008,800,T1098,SP0017,6/5/2022
6365c099-9842-4072-a5cb-2a6532ff61fe,P005,905,T3240,SP008,7/16/2022
488565cf-1b57-4de5-9a5c-12a48b1fe3d5,P0010,481,T1819,SP0028,6/19/2022
bfa417a5-f755-400f-a157-027653f26763,P002,627,T2165,SP0039,7/4/2022
4f62a7e4-6b88-41dd-a1a6-086ee85e0cc3,P0011,725,T2715,SP0014,8/11/2022
d87d8a59-5b32-40dc-b9e9-e36dccf67d94,P006,842,T1421,SP0041,8/15/2022
b4eb8a32-f475-49cf-849e-5d534ae58040,P003,449,T2147,SP0029,8/23/2022
ba19886a-0d06-464f-959e-4cea03bcf8fc,P0010,978,T0275,SP0020,6/16/2022
3435457d-0877-4e93-bc7f-1489a33c0275,P0011,575,T1428,SP0031,6/7/2022
26ae591f-7447-4312-8d16-a7a52d5ab4d3,P008,884,T0198,SP006,7/30/2022
a763a3d8-921b-441a-9b09-eb7ae99d08d2,P007,292,T2455,SP0014,7/16/2022
d0a723a2-ed74-481e-b59e-bf88df59d5d6,P009,723,T1040,SP0031,8/9/2022
0cce1d7b-e2d9-4448-99d6-925d78c07d64,P0011,769,T1332,SP0012,7/15/2022
aa266f38-46b2-493a-a0da-223876932fb2,P008,780,T2128,SP0016,7/7/2022
808dc4f8-e02d-4caf-92df-150f1cf2cd74,P0011,605,T0188,SP0013,7/30/2022
228f6df2-d172-4dcd-96a0-5dbe1201fa43,P004,692,T0200,SP0020,7/24/2022
aa352dd5-ab07-4f46-b00d-759154dc8ba3,P0010,367,T1805,SP0018,8/22/2022
5c3e0d8d-f2a7-4ef4-a0fa-e724f33372d3,P002,294,T0297,SP002,7/25/2022
4b7e5ad4-a007-4be3-86af-d5485e3f51c4,P002,856,T2492,SP0010,6/23/2022
75074273-84a0-457d-b770-1658a20d49da,P0010,169,T0296,SP0014,7/28/2022
c1333435-1479-41d6-a0f0-b930051d5bf0,P008,949,T2275,SP0037,6/25/2022
195044ad-e654-47c3-8fd3-bb901f219067,P002,251,T2232,SP0021,6/21/2022
91bb57e7-981e-4bcb-b8a5-8ffd2fb31ca8,P008,646,T1427,SP0015,6/12/2022
cede596c-1188-488a-8354-c44e46bd8112,P008,219,T1208,SP0017,6/8/2022
d2dd3895-d397-4ec9-b46c-3e2b9cb604b2,P004,964,T1208,SP0014,7/7/2022
3295fed1-3dd2-49cf-8f0e-b98f18bd2b11,P008,518,T1121,SP0023,6/29/2022
1591a7ac-73ca-4fe1-8439-f3b938993631,P005,922,T0912,SP005,8/17/2022
d6283a89-a19a-4c55-9938-dd3dbae838f6,P008,660,T2275,SP0020,6/7/2022
cb879bb3-ecc4-4545-9fed-925660920929,P002,985,T2349,SP0016,8/12/2022
88ff1c24-328b-415d-88ba-b18be48c8bdf,P006,163,T3203,SP0036,6/12/2022
41269b52-379a-4eac-b9a8-83894b0e4a7d,P008,574,T0938,SP007,7/1/2022
1e2f2d92-4aef-447c-95f2-c6d91599be4d,P0011,339,T1140,SP0017,8/21/2022
f71f3413-f041-4f94-863a-cd4512b05963,P005,812,T1283,SP0019,8/28/2022
1029b2fd-1f0b-4d06-b0ca-221fa4ecdb2b,P0010,837,T3267,SP0026,6/13/2022
12232b1a-1890-4341-b459-fd60d5310447,P0010,242,T1526,SP0020,8/9/2022
a87cc876-adff-4ba6-a9cd-ed2aee6a2453,P0010,252,T2163,SP0011,7/28/2022
4ef49429-e8d3-4ed6-b2ac-1b3cc2503f5c,P003,475,T3225,SP0038,6/5/2022
468d19fc-6d07-4455-995c-e62e18c152be,P005,677,T0249,SP0035,8/5/2022
f7dfe8cc-b1b4-44e8-b209-d85c64f5072b,P004,517,T2795,SP0030,8/22/2022
7cd944a3-3326-4da5-bc3b-af2ef81c4ede,P002,441,T0941,SP0021,7/18/2022
a2701a03-1f67-41e6-b767-4ee887196a12,P005,702,T1121,SP0040,6/12/2022
f6e9aea5-81e0-4cc2-abd2-67c410d74d66,P0011,938,T0249,SP0019,7/26/2022
7fb99311-cc6f-4c29-8389-8ad78ab744b2,P002,225,T2715,SP0011,7/23/2022
103f8578-054c-4079-a521-ae0a14de5570,P003,635,T3217,SP0028,7/17/2022
66195b0c-8ec4-4702-92ad-f0dcea55513b,P009,561,T0828,SP0035,6/5/2022
64749ee6-540d-4f13-9bd6-5197bd1780a5,P0011,159,T1805,SP009,8/7/2022
005f7522-ea1f-4b40-a108-9b5db0b77434,P005,657,T0314,SP0016,6/6/2022
f8d18315-b9f8-4936-9eb0-2c6cb32eafab,P002,723,T0321,SP007,7/30/2022
7e7f541c-c63d-4cbf-8db5-c32ac492271c,P006,959,T0322,SP005,6/15/2022
d2b0ea17-68e6-485f-9b83-edbe4059a506,P004,618,T0227,SP005,6/23/2022
6c37ff34-49dc-465d-a410-9e37b529fcf4,P003,300,T3264,SP006,8/30/2022
9a2fcdc0-01ab-44e9-b2f0-0e8ae94187d5,P004,505,T2307,SP002,7/1/2022
b7560846-62e5-4739-a292-a5625749963b,P005,699,T0289,SP0041,7/2/2022
7608eb0e-fa5d-407f-b32e-4e5c9af8c275,P005,697,T3224,SP0014,8/25/2022
72ca1109-fa0b-4cea-b0a7-ef6798889d77,P006,608,T0246,SP0012,7/14/2022
84e60b8c-d5ba-422e-8114-b5c53e455f96,P009,178,T1805,SP008,7/24/2022
9473acb9-b86c-4975-9f42-dd92c26412fe,P004,675,T3202,SP0026,6/7/2022
f1274c11-b97e-4d0f-ac94-5c0ddc137946,P0011,361,T3224,SP0014,8/17/2022
67c7c3ee-ede4-4a3c-9d95-8b790eff542f,P0010,944,T0911,SP0031,8/8/2022
9f18d07e-740d-4d9d-a003-5b8c876abadf,P006,933,T1332,SP0013,8/29/2022
b7e2fe15-b43c-4480-8739-d9a32dbc141d,P008,700,T1028,SP0031,7/18/2022
ca362ec6-9077-42d2-83db-e0330850e65b,P0011,734,T2804,SP009,6/27/2022
256301e3-f31f-4a51-a653-c4eafbedf509,P008,573,T0245,SP0020,6/26/2022
79b1695c-e022-498b-9a9e-a0d6606e0a55,P002,841,T0290,SP0021,8/28/2022
08378144-eda0-408e-a19c-5d10174fa513,P0010,693,T2632,SP005,7/8/2022
6994bf8f-6c59-40fe-9200-25a2cbb65c64,P005,134,T0913,SP0031,8/14/2022
ec44c6e3-715f-4c3f-b853-4d71ca36261b,P005,147,T2768,SP003,8/19/2022
90031052-cad7-49c2-a966-97859e4d094a,P0010,567,T0914,SP0040,6/5/2022
b1cc3d09-5318-4f7f-b3ce-e2384f85202f,P005,642,T2214,SP0039,6/28/2022
e0001660-d3d5-4c67-bc99-09969c6061e9,P004,707,T2829,SP0020,8/22/2022
8d0e05c4-bfc0-4706-a3c4-10c51fe54d3a,P004,802,T2455,SP0018,6/7/2022
03bc0093-b507-4e53-87eb-72310d57e35c,P005,257,T2462,SP0024,6/25/2022
fa8547ee-6012-458b-bf2f-78b484da6072,P004,928,T2601,SP0012,7/27/2022
74de2aac-4c75-4e98-80ca-dbdee41ed589,P008,506,T0692,SP0038,8/24/2022
eabffed4-43a1-47fb-ae74-d35eb3742e04,P008,557,T0332,SP0040,7/17/2022
febb263d-a9ca-4622-a149-5fde8ed01214,P008,692,T2802,SP002,7/2/2022
8df14f43-fd37-4acb-b9c2-920ece92ab7a,P008,925,T0302,SP008,8/4/2022
cbb26159-32ce-4755-9a8f-d8c660289b87,P006,375,T0626,SP0023,7/28/2022
5f7355ed-3418-45b6-a217-feda4b830f9b,P008,177,T2165,SP0027,7/15/2022
491f103f-2cea-48b0-9df1-621b5a90df4a,P002,567,T2350,SP0034,6/28/2022
d51d53d7-f34f-4765-8c1d-79d40ffac569,P004,488,T1527,SP0017,8/2/2022
0d1a6c79-b954-4f47-9f8b-e1341e7597c8,P0010,871,T2128,SP0033,7/27/2022
78298c0d-f45f-48b2-8b4c-2f94a3fe14c8,P004,296,T1026,SP0025,6/25/2022
0b3f4d4a-9bbf-4d98-9cfa-701f2803d999,P009,273,T1438,SP0041,6/23/2022
14ac91d5-ca08-4bb1-92dd-1b8a909b3053,P0011,469,T0288,SP004,6/27/2022
7cf4baab-55b4-49b9-aae0-454bbdd29ce0,P0011,934,T0828,SP0040,8/26/2022
06a8cd0f-796c-4680-86f7-1539c0e66566,P004,581,T1851,SP0034,6/3/2022
b8637083-ff57-4afe-ab8a-04cd8f349673,P007,609,T0198,SP0013,7/16/2022
b5679616-6cbf-478e-9fd5-990af870b9ca,P008,785,T0332,SP0022,6/16/2022
19ccb0e9-f249-4cab-bdf5-c5c7c6a00de1,P002,808,T1862,SP0014,7/24/2022
d24fd887-2ada-4b3d-a8fe-c42b87e0d8e5,P0010,670,T1409,SP0035,6/25/2022
1ac175d0-ce95-4828-87b8-fb8472603eb8,P009,864,T0324,SP004,7/26/2022
a3212373-ab72-4d1e-8e06-2eb1c39f3213,P007,821,T1362,SP0014,7/21/2022
e7b5f502-5e32-47dd-add4-2e78e84d4021,P0011,441,T2307,SP008,8/15/2022
4581e4b1-c4c6-481a-a027-959d0a47f722,P004,986,T2615,SP0024,6/18/2022
ac8deb70-d7b5-4c36-a077-eb6a242ecf45,P0010,796,T2238,SP002,8/29/2022
d0581988-bb6a-4d53-bccc-50031885741f,P0010,867,T2499,SP0028,8/9/2022
5baec0e1-dde8-47f5-9751-2f5616a33895,P006,641,T0318,SP002,6/5/2022
1d8cd7b5-f299-4c54-bb12-707221f415cf,P004,360,T0937,SP0021,7/4/2022
1636ae5c-192f-425e-b3dd-2c0cd857306a,P006,279,T0676,SP009,7/16/2022
9db63717-8630-41b6-b0fc-035f198ac0fe,P006,398,T0937,SP0016,7/14/2022
4f44d525-db5f-4df0-af9f-f667d678163b,P005,889,T0615,SP0038,6/20/2022
3909a246-4943-49f8-bbb3-2304df6a6ff3,P003,530,T3240,SP0036,6/13/2022
eb73ad24-ac24-40e8-977f-cdc027270851,P0011,874,T3205,SP0012,6/15/2022
2c08c0fc-1d6b-4b29-81d6-c3781ab0d711,P002,806,T0323,SP0013,7/26/2022
833a2a17-a108-433d-a7b0-d01e199a7d92,P005,616,T2469,SP0013,8/24/2022
3f40ddba-3f32-4a72-a2c9-37c5a6248dd0,P002,183,T1411,SP0012,7/30/2022
eae03406-9480-4cad-89dc-9082203c589a,P009,677,T0228,SP0022,6/4/2022
f7eed300-7b52-4c0e-ad29-672fdbc0c4f2,P009,912,T0913,SP007,7/27/2022
8df4244e-22e3-4098-80e9-4f3a0d7670f0,P005,668,T1238,SP003,7/7/2022
8b25504e-ff0e-43bc-af93-cd5b0d57b6c8,P009,749,T1122,SP003,6/3/2022
e7ec45c9-50cb-444c-990c-d15084a9af23,P002,414,T0188,SP0028,6/28/2022
6e25b5d2-5ba1-404c-b0b0-8149cb76ae3d,P0011,964,T2115,SP0012,8/19/2022
15c3d526-a41b-436e-b339-6dc4a8a42794,P009,615,T2772,SP0036,8/25/2022
d4b5e3ae-53b8-4fa4-9c4b-a10e3f4322c4,P002,941,T1927,SP002,7/25/2022
f718faef-a7db-42b7-b6b0-47e24fd0e582,P002,367,T0761,SP0026,8/10/2022
6757a49e-b184-451d-9b75-f969c2244461,P009,169,T0949,SP0013,6/17/2022
ce2150c0-d2db-4a34-acc9-3cc757437aa1,P006,273,T2715,SP0033,8/21/2022
9cd996ee-765d-482e-bdf2-aa3b730c9222,P005,870,T2584,SP0016,6/30/2022
c94ede7e-42f1-4908-95e8-45547ad83945,P005,850,T0230,SP0040,7/15/2022
b5fd4814-31d7-4ddc-9107-eafd28f464dc,P009,607,T2615,SP0020,8/16/2022
679a0573-1530-42dd-9f8d-38e6b6da04e6,P0010,772,T2151,SP0012,8/21/2022
5ba343c0-12ad-4963-a4b8-b7cfddd68227,P003,965,T2088,SP0022,8/25/2022
c409ad4e-3f87-45c3-9749-ab5ad4e8c0ea,P005,785,T2304,SP0018,7/15/2022
928c252f-429e-4c3c-acad-2dad306339bd,P0011,143,T1409,SP0023,7/4/2022
6a4edeb5-516b-4531-9118-621df1273655,P005,451,T1424,SP0011,6/1/2022
9f8f9797-6928-4f90-8999-4d94ba9412e0,P006,430,T3224,SP0030,8/15/2022
4dc00359-a6c2-4ac1-bf3a-be2146cedc27,P006,903,T2115,SP0019,6/24/2022
ca420f0e-d100-459b-bae6-407f8c21e826,P004,706,T0313,SP0019,6/14/2022
d6acf0b6-fdf6-4276-b673-c70476923afa,P007,985,T1026,SP002,8/5/2022
7b517684-b1a0-46b7-913b-188c8b7b6db7,P005,867,T0939,SP0035,8/20/2022
63b92f95-1f2a-446f-99eb-b7b80ec12e17,P0010,389,T1846,SP0017,6/18/2022
d3e121f2-0a36-46f6-8dbc-bbdd422a0779,P007,601,T1472,SP0029,6/15/2022
f35ffafa-b08e-4097-a63e-c0dd47676084,P0011,419,T2280,SP003,6/10/2022
d6febf38-bbda-4501-941f-19ef9b4a0942,P0011,988,T1418,SP0029,6/28/2022
8cbd9a4b-d477-4824-bee3-5f88cd79fc1b,P005,922,T2744,SP004,8/28/2022
49335a40-28ab-4716-8718-55abfb967aec,P003,197,T0314,SP0019,6/2/2022
f583bf3e-ba4f-4429-9148-be80c3129946,P0010,302,T0311,SP0013,8/5/2022
c0599657-13e1-49fe-ab79-907e0ee159a4,P005,369,T0289,SP007,6/17/2022
2a873ac1-5201-4957-b137-79254b6de3ea,P007,143,T1425,SP0034,6/30/2022
30bc1cd7-b999-4176-af19-fcd6c5b7324b,P003,580,T3216,SP0020,6/6/2022
0a61fd98-4309-4212-8b29-eec1607dc6a1,P007,103,T1208,SP0038,6/16/2022
38fe60b8-5958-476c-befe-5db95bec2399,P002,514,T2179,SP0025,8/18/2022
85822f36-8a63-4760-a9bc-e46fa74d6ea2,P003,731,T1140,SP0014,7/31/2022
9a6eedc2-76c2-485a-a7d3-35e599f599c9,P007,331,T1421,SP0023,6/13/2022
d93897f3-6b36-442a-af32-f9a288e4df32,P005,479,T0939,SP0014,7/3/2022
8a845073-4479-4bdb-bdae-63e2618a3d13,P004,447,T1140,SP0029,7/18/2022
5e74f5f8-91bd-4c28-9c55-4d30ef4a1722,P008,299,T0738,SP0041,6/20/2022
ff381aee-42a6-44d1-9d17-728d2bcac0ee,P008,405,T2232,SP005,8/29/2022
b661ba8c-bd02-4485-98b7-3e250bf9bbb6,P003,292,T1472,SP005,7/3/2022
f1f5789e-38ef-4f6f-b4b8-0e741848bbdc,P003,258,T1304,SP0021,8/15/2022
c779eb99-5e9d-4415-9797-2ff1f2e67ee7,P002,667,T0941,SP006,6/15/2022
a63dbac4-32ea-4272-8cfc-ce37b4c25be3,P008,155,T2605,SP009,7/16/2022
38ddebb8-548d-4ac9-9cf6-90b57a9cbceb,P003,709,T1816,SP0039,7/30/2022
e15ee394-4fe4-40a7-afab-e13d9362a9e7,P0011,866,T2304,SP0013,6/25/2022
85f595bb-35cf-4d9d-ab4a-6dbbfb5a789e,P002,332,T0767,SP002,8/5/2022
80ebd18c-a8d7-4085-ad97-aa3637535928,P007,366,T2214,SP003,6/29/2022
761e15a6-d6de-4269-9181-bd454034fcf4,P002,489,T0303,SP008,8/7/2022
4be6297f-65ae-4ba6-94d9-0e0a252cc2ef,P006,966,T2855,SP0024,8/13/2022
f615e868-761d-4649-a978-5ab4f3ed721d,P002,133,T0641,SP007,6/7/2022
c0704670-14c8-41cb-8195-1d673dc193c9,P004,761,T1028,SP0038,8/28/2022
6c92b9b2-62c9-40ae-8546-5fd06b220d7d,P002,512,T2088,SP006,8/10/2022
44e4ce25-e863-4fce-b647-8e203e5f64cf,P009,744,T2309,SP0027,7/18/2022
1c2b6bbf-b683-424f-8ced-bceacc57558c,P008,246,T0190,SP0010,7/23/2022
6003627d-e442-46b6-b8fb-98e6c92931d9,P009,661,T0332,SP0024,8/30/2022
b6aaaed8-2cee-4239-b416-0e62c4fc4cee,P003,901,T1120,SP0019,8/25/2022
7adbac89-8a4f-4e9b-b188-1962f2df14e0,P006,276,T1027,SP0040,7/17/2022
79de8dbc-eeb5-4d25-811c-fb1be28d8a92,P007,118,T0286,SP0012,6/6/2022
e1013344-d782-47dc-860f-d696ea06cf33,P0010,759,T2766,SP0021,7/29/2022
fa350f3a-52af-4567-ba37-ce1e8b4583f6,P008,714,T1815,SP0041,6/3/2022
334dc450-0a0c-4639-ae01-a201f9665700,P005,674,T3233,SP0017,6/12/2022
e45e8f36-b8eb-40db-8bbf-9d1fe78805f4,P0011,898,T1122,SP0034,6/3/2022
5b0bbe77-782c-46e9-af44-ba2d919fb9e2,P0010,582,T2270,SP0032,6/16/2022
35fdd154-82cf-449e-a9fc-5e2c978fe5e4,P005,304,T2463,SP0035,7/6/2022
86f6687c-1b2a-476d-94dd-037cf6a96ff5,P0011,618,T0685,SP0015,7/5/2022
8bd2e18b-05c9-4712-971b-cfdaacf6b00e,P004,522,T2096,SP0023,8/4/2022
d6984cb9-45c5-4e16-b769-7128aedfd9eb,P005,752,T1140,SP0022,6/24/2022
dfbd5fca-8cd8-4c78-8525-c15802a0a1b5,P0011,183,T1383,SP0013,6/8/2022
682c9131-6fb2-47e7-9de0-9cdfbb4f6bb1,P003,381,T2030,SP0021,8/5/2022
008546ca-2239-49e9-9e56-fa854ca423d4,P008,181,T0258,SP0038,7/14/2022
c1b15e1c-a2da-4a57-8667-3890aae57482,P003,530,T3240,SP0021,8/6/2022
c6a0141b-d4c7-4cc1-840b-028772b9e417,P008,993,T2455,SP0034,6/23/2022
3ce6dcbc-0500-4a3e-95cd-35b40ebce8e1,P007,630,T1410,SP0038,8/18/2022
994d4dfb-6cbd-4244-b805-c085d15d9cab,P0011,805,T0332,SP0036,7/17/2022
8acfb279-4447-459e-a21c-9623e92f3046,P003,354,T2482,SP0033,7/11/2022
f41809df-c342-46b2-b17e-85d144949eef,P008,225,T0222,SP0041,6/2/2022
c232e754-0783-4d44-8369-3fda57c4fa03,P006,541,T2605,SP0029,8/22/2022
7d9a2aab-1e7e-4e0a-971a-c1d953d40ef7,P003,763,T0245,SP0023,6/26/2022
1281bc43-0abc-4e17-a586-552110618d05,P002,126,T0312,SP0013,6/23/2022
c2889078-94c0-4670-bc2b-f6ca1bd4de12,P0010,272,T0297,SP002,8/22/2022
71e14fc4-98d3-4e37-9614-d584e23823e1,P002,607,T3216,SP0017,7/15/2022
f2d7c192-3bb4-4a02-9ea4-071757af938b,P006,177,T0198,SP005,6/29/2022
0205007f-172f-40a5-a6ec-c107bd2e66ae,P003,396,T1438,SP0035,6/13/2022
47970086-4897-41b6-801e-08d1f25b9645,P0011,363,T0200,SP008,7/6/2022
ceeee939-db0e-48a3-88e8-d21983104ba7,P005,361,T0257,SP0034,8/4/2022
647e4251-9d2d-4211-81b8-7f9a942dd338,P006,798,T1526,SP0026,6/20/2022
dddebb41-60b3-4b6c-883b-996527d16535,P006,697,T1547,SP0023,6/25/2022
063f3904-8a3c-416b-919f-be652347ecad,P006,180,T3202,SP0025,7/6/2022
5240872c-fa80-4396-9520-0850ca1cf7e3,P003,357,T3205,SP005,8/26/2022
caa522ec-4209-4422-8614-62743d66dc4c,P005,578,T0289,SP007,8/7/2022
37800502-61dd-4471-9107-80b2d67c0e67,P004,669,T2760,SP0034,8/19/2022
476e8e4e-6dd3-47d5-878f-b0cdf1b5ba79,P009,143,T1425,SP0038,7/24/2022
b98e7da0-2360-4e44-8afd-61e17702adee,P008,406,T0941,SP0022,6/17/2022
f751bdb7-e111-4262-adc4-942e41874b28,P003,721,T0318,SP0030,7/20/2022
0db9cd98-b074-4abc-a094-0fdf657ab127,P005,761,T1033,SP0019,6/19/2022
314c35c0-6080-49d2-9835-f21f43bb1065,P006,230,T2584,SP009,8/23/2022
2f9f95fd-f6f3-43c6-9df4-e929feca3de6,P006,310,T0184,SP0037,8/14/2022
9b297b33-3ca7-4c6e-a35b-3766bc6f743c,P004,972,T3233,SP008,8/19/2022
a3beb6e9-410f-4c67-a421-dcaa468cb865,P008,529,T2469,SP008,6/13/2022
5b98c5c8-bb59-40ce-a290-8a0a4aaa44ba,P007,341,T1423,SP0030,6/9/2022
bc9594ca-69b1-48e2-8f7a-44e1734e9a1c,P0011,994,T0192,SP0037,8/29/2022
3f8b2f0f-085b-41d1-9c48-d38137a5e4c5,P004,816,T2304,SP0025,6/28/2022
788d9d77-0a95-464f-b544-e7963704e86c,P003,480,T3240,SP0014,8/12/2022
d9fd2324-c69e-4ca3-b6fb-5151dfce7f38,P0010,668,T2744,SP0037,7/30/2022
bcea0b64-e6e2-4225-90cb-2eea572a0580,P007,565,T2776,SP009,6/26/2022
06bf91d3-b046-49ff-99bb-e14a6195037d,P003,687,T0359,SP0030,8/10/2022
31c306c6-f09c-4ccc-a468-f8e63ba6532b,P002,106,T1384,SP0010,7/8/2022
bdbd46ca-bf52-4f86-bcf3-8090f431a118,P0011,614,T3240,SP0029,7/28/2022
b98cc4af-53ef-461a-b36f-c48e221847b9,P002,695,T0827,SP008,6/28/2022
a9fe4768-cb5b-4edc-b024-8e3d67d8526b,P005,662,T0313,SP0018,6/15/2022
a8cf0483-4649-4564-9006-8d08440b8758,P003,916,T0226,SP0020,8/12/2022
4ea90f6a-46d3-4aaf-bfa0-3968c31b460b,P009,751,T2830,SP0035,7/18/2022
ecc1fd1e-3327-41ec-bd26-1822e3a9f490,P0010,763,T1033,SP0023,8/19/2022
59482940-3dcc-41c3-9e0a-added1e9b39d,P008,591,T1411,SP0041,6/20/2022
69bb5f06-35f1-41c6-8faa-0f8086094b38,P004,642,T0299,SP0016,6/13/2022
990653b4-81d9-4534-b91e-6d9a979e729c,P003,687,T1819,SP0014,6/5/2022
e7052d34-e4aa-4acc-8538-56c3f71460e0,P006,413,T0203,SP0041,7/24/2022
546c889f-01a5-4e17-be8d-1362926e5a10,P005,826,T0358,SP004,7/19/2022
88914273-3278-4938-aa9e-3184851eddfb,P004,203,T2051,SP0018,7/6/2022
f19e83e5-b3a3-4bbc-a050-c0376332d47a,P002,942,T0312,SP0028,7/8/2022
5a808e9c-72bc-4b2c-a518-39af4663932c,P005,458,T3264,SP0031,7/10/2022
334588e7-3026-4309-86c6-26f54ea2fa3e,P003,792,T1958,SP0031,7/11/2022
ae7cad78-4f3d-44a7-9937-94bb58ade358,P0011,654,T2829,SP0026,7/24/2022
b6b4650b-93fe-4f36-a65b-2af472391354,P0011,375,T3201,SP0039,8/19/2022
08aa6b75-f53c-457e-a21f-b57d2a239de4,P008,329,T0230,SP0026,7/17/2022
95381b32-15c5-46c8-8044-83c8f347a68b,P006,716,T2270,SP0038,6/12/2022
bf4747a6-b1f4-4f66-8978-a353ebd38fa7,P004,951,T0228,SP005,7/15/2022
c5d969d2-cc85-4bb2-a8fa-71dc5cfcf8fa,P003,771,T1906,SP0028,8/6/2022
43eb38f7-feaa-48ec-b0f6-bb579ed7f470,P007,752,T0938,SP005,6/16/2022
c1d4d745-5e65-4e98-b970-0ffdd475455b,P003,930,T1936,SP003,7/22/2022
42dcc58b-48b3-4e06-9070-3d7bce441815,P005,345,T2275,SP009,8/11/2022
d208dd1d-4ee0-4a30-adb9-d934073b5633,P006,406,T3258,SP002,6/25/2022
f5362617-5019-4d0a-bdb1-add37ad800ea,P009,785,T0761,SP0019,7/27/2022
84a7f8db-c22d-44f6-be68-23609dfd4112,P006,145,T0188,SP0012,8/21/2022
a222b16e-dd24-4e5a-a451-71d2b95231cf,P008,524,T0300,SP003,7/7/2022
4488c014-0dc4-4d44-8d41-063ca6d9a5da,P0010,464,T3262,SP007,8/5/2022
624dd4aa-98d3-4f19-9217-4668bd0ac9b4,P0010,166,T2829,SP0030,8/24/2022
41576069-af9c-4fda-b239-30e384e3f44e,P006,115,T1408,SP0039,8/18/2022
963e4ca9-1abb-4ce6-a523-ee7013674814,P008,310,T2802,SP0023,8/20/2022
1a7c0d2d-eee4-4e50-9557-d75262fa5834,P009,213,T2096,SP0018,7/15/2022
687c5bfb-cc68-46d1-8347-554f2116b498,P004,581,T2468,SP0031,8/9/2022
530b6de1-fb46-426f-8def-9b03a21f3a63,P002,133,T0322,SP009,8/7/2022
f3fceca5-0ed4-4dd1-8b06-e55451b06856,P004,961,T0274,SP0032,6/4/2022
7b96c346-76ad-4b2a-93a7-06d6890b46d1,P006,308,T2768,SP0018,7/10/2022
b7dbe710-0694-46ad-bdbf-33ecdcd2533b,P003,350,T0314,SP0023,6/16/2022
ddd1a7fd-b2d1-41e0-984e-4fdf6ed1d9be,P008,470,T0193,SP0014,7/24/2022
09e7e563-120a-4c1d-8d30-efa70c88ccaa,P007,341,T1033,SP0019,8/27/2022
1d627018-1846-40f6-a360-638ec89fad97,P0011,801,T1097,SP0024,8/18/2022
3d2e614d-d975-4a04-b5b0-42cc4f957149,P008,291,T1980,SP0025,8/13/2022
84b84222-56c0-4a7e-9642-86d93effd481,P009,174,T0911,SP0031,8/27/2022
8d39e5e2-276d-4d75-aa3e-bb8b10323881,P009,775,T1309,SP0020,7/28/2022
6a136baa-79a3-4379-9b42-0b00cc7753ea,P0010,844,T2051,SP0016,7/28/2022
b3cd2187-b94c-4077-a59f-754244e97ffb,P009,337,T2252,SP0028,8/3/2022
9b9e3933-b99e-4998-acf3-15e6ff3ec5d1,P003,298,T1526,SP0020,8/6/2022
7db980a8-8afb-4851-8679-ae7489a4f16a,P003,461,T0301,SP0027,7/22/2022
96b01447-98cf-44b7-9286-3714be52e725,P006,821,T1383,SP0028,6/7/2022
0c740a01-c917-4714-955e-1cac661fdaaf,P005,867,T2730,SP002,8/13/2022
9029f8d7-5512-43ff-a9a7-e6451cfdae2f,P006,882,T2270,SP005,6/22/2022
683fe2b6-a818-4367-9a32-3e997e96a83b,P007,626,T2082,SP0033,7/26/2022
f569f2aa-65bd-421f-be3b-09ddcbd50c48,P009,186,T2463,SP0038,6/6/2022
11d77881-2c94-4c4b-ba28-09e2528e8b3a,P0010,759,T1472,SP007,8/2/2022
2314e0fa-f76d-4d38-b24f-60371a0754d8,P004,196,T3262,SP0022,6/13/2022
d80d9a8f-48c4-4ed7-9db7-a6c7d2612459,P007,899,T0320,SP0012,8/4/2022
efa62a52-e339-48c2-8fe6-81dc6c0f3ea9,P0010,826,T0298,SP0010,6/11/2022
f133a5c4-6b6a-465a-a571-009d95cf3f11,P003,498,T2768,SP004,7/29/2022
4494b334-9bd8-43c9-a560-ab76c83c0ff2,P008,404,T2252,SP002,7/26/2022